Actual,Predicted,Residual
77542.0,77524.67550095981,17.32449904018722
77542.0,77540.58381470981,1.4161852901888778
77564.0,77540.48016088457,23.519839115426294
77570.0,77562.501061782,7.498938218006515
77563.0,77568.70674521371,-5.706745213712566
77572.0,77561.9357087738,10.064291226197383
77572.0,77569.70873869178,2.2912613082153257
77573.0,77570.49192421306,2.508075786943664
77573.0,77571.72856849483,1.2714315051707672
77573.0,77571.63421442773,1.365785572270397
77573.0,77571.66131505546,1.3386849445378175
77573.0,77571.72245365234,1.277546347657335
77582.0,77571.75195146188,10.24804853812384
77631.0,77580.73474114247,50.26525885752926
77616.0,77629.6161812164,-13.616181216406403
77612.0,77615.33792056181,-3.3379205618111882
77616.0,77610.56561836602,5.434381633982412
77620.0,77614.50728330946,5.4927166905399645
77605.0,77618.49238457573,-13.492384575729375
77605.0,77604.10924131486,0.8907586851419182
77607.0,77604.52330910436,2.476690895637148
77586.0,77605.72831756966,-19.728317569664796
77585.0,77585.33433598568,-0.33433598568080924
77584.0,77583.92029707687,0.07970292313257232
77584.0,77583.47899096773,0.5210090322652832
77584.0,77582.79430121696,1.205698783043772
77581.0,77582.809561729,-1.8095617289945949
77576.0,77579.85474161347,-3.8547416134679224
77575.0,77575.02322632758,-0.02322632758296095
77576.0,77573.86501642618,2.1349835738219554
77587.0,77574.76425917973,12.235740820266074
77537.0,77585.71342023394,-48.71342023393663
77536.0,77537.09231843131,-1.0923184313141974
77544.0,77534.98610887332,9.01389112668403
77547.0,77543.036540137,3.9634598629927495
77554.0,77545.91990081544,8.080099184560822
77566.0,77553.003743774,12.996256226004334
77589.0,77564.7897560538,24.210243946203263
77589.0,77588.5730464175,0.42695358250057325
77606.0,77587.63140450504,18.368595494961482
77622.0,77604.5554464435,17.444553556502797
77651.0,77620.55987224617,30.440127753827255
77579.0,77649.49961887533,-70.49961887532845
77566.0,77579.81399418606,-13.813994186057243
77573.0,77565.2683471084,7.73165289159806
77578.0,77572.07688580935,5.923114190649358
77587.0,77577.07659780073,9.923402199274278
77590.0,77586.24473456755,3.755265432453598
77589.0,77588.84840945546,0.15159054454124998
77589.0,77587.8627946941,1.137205305902171
77590.0,77587.8690102774,2.130989722601953
77590.0,77588.86120442972,1.1387955702812178
77607.0,77588.89609864914,18.103901350856177
77622.0,77605.84660416676,16.15339583324385
77622.0,77620.73967541632,1.2603245836799033
77648.0,77620.64794861047,27.35205138953461
77660.0,77646.5960355033,13.403964496697881
77659.0,77658.49396649495,0.506033505051164
77660.0,77657.61664784007,2.3833521599299274
77657.0,77658.65875019749,-1.6587501974863699
77669.0,77655.72977930476,13.270220695238095
77671.0,77667.75685980084,3.243140199163463
77664.0,77669.82201481982,-5.822014819816104
77654.0,77662.89159315298,-8.891593152977293
77653.0,77652.94757672946,0.05242327053565532
77654.0,77651.86977255855,2.130227441448369
77654.0,77652.89771222752,1.1022877724753926
77653.0,77652.92519539673,0.07480460326769389
77653.0,77651.88302178582,1.1169782141805626
77653.0,77651.80024135821,1.1997586417855928
77651.0,77651.80127152718,-0.8012715271761408
77651.0,77649.80784708956,1.1921529104438378
77651.0,77649.76363438788,1.2363656121160602
77651.0,77649.76598682729,1.2340131727105472
77651.0,77649.76592307292,1.2340769270813325
77651.0,77649.77347749403,1.2265225059672957
77652.0,77649.75569808761,2.2443019123893464
77652.0,77650.72609409125,1.2739059087471105
77652.0,77650.69450625232,1.3054937476845225
77652.0,77650.79395363458,1.206046365419752
77651.0,77650.7193487761,0.28065122390398756
77652.0,77649.80170843386,2.1982915661355946
77652.0,77650.77500288896,1.2249971110431943
77652.0,77650.79576273152,1.204237268480938
77652.0,77650.80037583873,1.199624161265092
77652.0,77650.80498879614,1.1950112038612133
77651.0,77650.80896972804,0.19103027196251787
77633.0,77649.84679463343,-16.846794633427635
77645.0,77632.17325109948,12.826748900522944
77636.0,77643.92918136275,-7.9291813627496595
77636.0,77635.0562686565,0.9437313435046235
77647.0,77634.9415262308,12.058473769197008
77664.0,77645.89865352074,18.101346479263157
77665.0,77662.78965671938,2.2103432806179626
77691.0,77663.72430038865,27.27569961134577
77691.0,77691.85729017011,-0.8572901701118099
77655.0,77689.55646800045,-34.55646800044633
77629.0,77654.56793882449,-25.56793882448983
77629.0,77628.61052788561,0.38947211438789964
77629.0,77628.0903498748,0.9096501252060989
77619.0,77628.1909008799,-9.190900879897526
77598.0,77618.39891465435,-20.3989146543463
77599.0,77597.71500478771,1.284995212292415
77599.0,77598.1529764095,0.8470235904969741
77598.0,77598.14137316188,-0.1413731618813472
77599.0,77597.1792817383,1.8207182617043145
77599.0,77598.12396958652,0.8760304134775652
77611.0,77598.01572826033,12.984271739667747
77617.0,77609.99206643495,7.007933565051644
77618.0,77615.99011008693,2.0098899130680365
77618.0,77616.82926514238,1.1707348576164804
77611.0,77616.83183671325,-5.8318367132451385
77610.0,77610.03821436988,-0.03821436988073401
77611.0,77609.05601341497,1.9439865850290516
77610.0,77610.04177793305,-0.04177793304552324
77585.0,77609.08033164365,-24.080331643650425
77580.0,77584.80379828275,-4.8037982827518135
77585.0,77579.35193315592,5.64806684407813
77584.0,77584.25107771407,-0.25107771407056134
77585.0,77583.2457975549,1.7542024450958706
77586.0,77584.20472082937,1.7952791706338758
77595.0,77585.10874146366,9.89125853634323
77616.0,77593.91018800798,22.08981199201662
77627.0,77614.98364919654,12.016350803460227
77628.0,77625.7839267473,2.2160732526972424
77628.0,77626.77593731433,1.224062685665558
77623.0,77626.79658248968,-3.796582489681896
77639.0,77621.96620964451,17.033790355490055
77672.0,77637.93380251327,34.06619748672529
77682.0,77670.72857431637,11.271425683633424
77699.0,77680.52347218055,18.476527819453622
77709.0,77697.97858640319,11.021413596812636
77709.0,77707.53157769947,1.468422300531529
77724.0,77707.56457121563,16.43542878437438
77728.0,77722.66460450475,5.335395495247212
77738.0,77726.56951884914,11.43048115086276
77732.0,77736.68935234267,-4.689352342669736
77728.0,77730.04863392145,-2.0486339214548934
77722.0,77726.73813247662,-4.738132476617466
77720.0,77720.89512672168,-0.8951267216762062
77720.0,77718.8763643648,1.1236356352019357
77702.0,77718.86837951344,-16.86837951344205
77702.0,77701.37678013183,0.6232198681682348
77693.0,77700.93480878248,-7.934808782476466
77667.0,77692.1111438626,-25.11114386259578
77667.0,77666.56637347641,0.4336265235906467
77667.0,77666.0249095438,0.9750904561951756
77685.0,77665.92958639315,19.070413606852526
77703.0,77683.88437987163,19.11562012837385
77703.0,77701.37901701266,1.6209829873405397
77678.0,77701.53833649501,-23.5383364950103
77679.0,77677.04453767228,1.9554623277217615
77679.0,77677.67346886442,1.326531135578989
77678.0,77677.76892571856,0.23107428144430742
77668.0,77676.70248650215,-8.70248650215217
77658.0,77667.15194052825,-9.151940528245177
77658.0,77656.9947449153,1.0052550847030943
77683.0,77656.92323783251,26.076762167489505
77727.0,77681.90076019819,45.09923980181338
77727.0,77725.22214004207,1.7778599579323782
77715.0,77725.50903850871,-10.509038508709637
77706.0,77713.7310712018,-7.731071201793384
77705.0,77704.81721095262,0.18278904737962876
77696.0,77703.73921618587,-7.739216185873374
77700.0,77695.05613310421,4.943866895788233
77704.0,77698.89819881711,5.101801182885538
77704.0,77703.15367986729,0.8463201327103889
77697.0,77702.84177358805,-5.841773588050273
77694.0,77695.99871593463,-1.9987159346346743
77684.0,77692.89509283133,-8.89509283132793
77684.0,77683.14515078753,0.8548492124682525
77684.0,77683.01668529851,0.983314701486961
77675.0,77683.02193335748,-8.021933357478702
77687.0,77673.30958671523,13.69041328477033
77687.0,77685.7983177766,1.2016822233999847
77681.0,77685.81644279425,-4.816442794253817
77676.0,77679.97064583212,-3.9706458321161335
77676.0,77675.01773693832,0.982263061683625
77671.0,77674.90869631809,-3.9086963180889143
77671.0,77670.0823902733,0.9176097267045407
77671.0,77670.00883007715,0.9911699228541693
77666.0,77669.98336325407,-3.9833632540685358
77666.0,77665.07193924628,0.9280607537220931
77653.0,77665.022999678,-12.022999677996268
77652.0,77652.31892109122,-0.31892109122418333
77634.0,77651.1278460353,-17.127846035305993
77634.0,77633.48354161387,0.5164583861333085
77634.0,77633.20274803616,0.7972519638424274
77634.0,77633.21788948169,0.782110518310219
77634.0,77633.14229920626,0.8577007937419694
77634.0,77633.1538918066,0.8461081933928654
77635.0,77633.06711661597,1.9328833840263542
77635.0,77634.06931295776,0.9306870422442444
77635.0,77634.05922834991,0.9407716500863899
77635.0,77634.06208856442,0.9379114355833735
77635.0,77634.05570438613,0.9442956138664158
77635.0,77634.04868720028,0.9513127997197444
77635.0,77634.05465977576,0.9453402242361335
77638.0,77634.0483039284,3.9516960715991445
77639.0,77637.14714171992,1.85285828007909
77639.0,77638.02020495542,0.9797950445790775
77639.0,77638.06090060144,0.939099398558028
77638.0,77638.05667351655,-0.056673516548471525
77642.0,77637.07314742768,4.92685257231642
77643.0,77641.11839958838,1.881600411623367
77659.0,77642.02131636238,16.978683637615177
77659.0,77658.79813792079,0.20186207920778543
77658.0,77657.93233215142,0.06766784857609309
77628.0,77656.94933101762,-28.949331017618533
77606.0,77627.73271023553,-21.732710235533887
77585.0,77605.7766459941,-20.77664599410491
77571.0,77584.77407495369,-13.774074953689706
77520.0,77570.76161197622,-50.76161197622423
77545.0,77520.99885996968,24.00114003031922
77553.0,77544.19175481057,8.808245189429726
77551.0,77552.4150027198,-1.415002719804761
77551.0,77550.40938837896,0.5906116210389882
77551.0,77550.26008883829,0.7399111617123708
77537.0,77550.04702916952,-13.04702916952374
77537.0,77536.53476043341,0.4652395665907534
77535.0,77536.23998032257,-1.2399803225707728
77524.0,77534.22882262524,-10.228822625242174
77525.0,77523.43283138717,1.567168612833484
77522.0,77524.22619062416,-2.2261906241619727
77522.0,77521.31775152979,0.6822484702133806
77522.0,77521.26840819705,0.7315918029489694
77522.0,77521.28234647574,0.71765352426155
77534.0,77521.24922385137,12.750776148634031
77545.0,77533.30970784511,11.690292154889903
77545.0,77544.4296164543,0.570383545695222
77545.0,77544.09549173266,0.9045082673401339
77548.0,77544.08987214662,3.9101278533780714
77548.0,77547.05650565593,0.9434943440719508
77545.0,77547.10104870507,-2.101048705066205
77545.0,77544.32130734298,0.6786926570202922
77545.0,77544.17424523612,0.8257547638786491
77545.0,77544.16407883198,0.8359211680217413
77537.0,77544.1861174479,-7.186117447898141
77516.0,77536.40717756262,-20.407177562621655
77527.0,77515.66763782442,11.332362175584421
77535.0,77526.31211928913,8.687880710873287
77527.0,77534.23478263534,-7.23478263533616
77527.0,77526.35559541258,0.6444045874231961
77541.0,77526.199165065,14.80083493499842
77543.0,77540.21951327655,2.7804867234517587
77555.0,77541.97066833508,13.029331664918573
77555.0,77554.01194885757,0.988051142427139
77555.0,77553.90865088478,1.0913491152168717
77568.0,77553.84773401647,14.152265983531834
77568.0,77566.84792277607,1.1520772239309736
77568.0,77566.88382031773,1.1161796822707402
77568.0,77566.93094305063,1.0690569493744988
77562.0,77566.92636438947,-4.926364389466471
77556.0,77561.1093138827,-5.1093138826981885
77559.0,77555.18391584913,3.8160841508652084
77563.0,77558.06522938759,4.93477061240992
77563.0,77561.94832937622,1.0516706237831386
77563.0,77562.03543140147,0.9645685985306045
77551.0,77561.98672545263,-10.986725452632527
77552.0,77550.35994695204,1.640053047958645
77552.0,77551.01385639427,0.9861436057253741
77552.0,77550.99456251015,1.005437489846372
77544.0,77550.98902763621,-6.989027636212995
77543.0,77543.19830202284,-0.1983020228362875
77544.0,77541.97849266171,2.0215073382860282
77544.0,77542.957532073,1.0424679270072374
77544.0,77542.94479552141,1.0552044785872567
77544.0,77542.93741885958,1.0625811404170236
77544.0,77542.90739652759,1.0926034724107012
77552.0,77542.90655542913,9.093444570869906
77551.0,77550.7354536673,0.2645463327062316
77552.0,77549.95038482835,2.0496151716506574
77553.0,77550.84570592009,2.1542940799117787
77553.0,77552.10389203904,0.8961079609580338
77572.0,77551.79903385174,20.200966148258885
77572.0,77570.85976465594,1.140235344064422
77572.0,77570.76167358554,1.2383264144591521
77573.0,77570.77389516814,2.2261048318614485
77573.0,77571.79153541481,1.208464585186448
77573.0,77571.8100401359,1.1899598641030025
77573.0,77571.86875069741,1.1312493025907315
77566.0,77571.87162902048,-5.871629020475666
77566.0,77565.06116847809,0.9388315219111973
77566.0,77564.92738263418,1.0726173658185871
77566.0,77564.92861054961,1.0713894503860502
77566.0,77564.9179684138,1.0820315861928975
77564.0,77564.92278017261,-0.9227801726083271
77556.0,77562.70625637124,-6.706256371238851
77538.0,77555.19584717174,-17.195847171737114
77533.0,77537.47326574785,-4.473265747845289
77533.0,77532.14860990671,0.8513900932885008
77533.0,77532.06913396214,0.9308660378592322
77520.0,77532.0600674347,-12.060067434693337
77520.0,77519.36002473372,0.6399752662837273
77520.0,77519.05336214117,0.9466378588258522
77520.0,77518.94903673601,1.0509632639877964
77520.0,77519.00765171551,0.992348284489708
77517.0,77519.01794249118,-2.0179424911766546
77520.0,77516.05099454703,3.9490054529742338
77547.0,77518.9604176926,28.039582307406818
77558.0,77545.88204519264,12.117954807356
77556.0,77556.7695544622,-0.7695544621965382
77551.0,77554.77029991733,-3.7702999173343414
77548.0,77549.88529386786,-1.8852938678610371
77539.0,77546.93673051611,-7.936730516114039
77549.0,77538.23207941548,10.767920584519743
77548.0,77548.06823664176,-0.06823664176044986
77558.0,77547.00655131697,10.993448683031602
77570.0,77556.90261435865,13.0973856413475
77570.0,77568.90003745764,1.0999625423573889
77570.0,77568.80655849304,1.1934415069554234
77570.0,77568.85165114547,1.1483488545345608
77569.0,77568.84777859668,0.15222140331752598
77552.0,77567.94767526105,-15.94767526104988
77553.0,77551.58030614247,1.4196938575332751
77553.0,77551.98353850763,1.0164614923705813
77555.0,77551.97871110107,3.0212888989335625
77562.0,77553.9783586253,8.021641374696628
77562.0,77560.91433585266,1.0856641473365016
77577.0,77560.87443382114,16.125566178860026
77588.0,77575.84399881866,12.156001181341708
77592.0,77586.79338655717,5.20661344283144
77577.0,77590.22790633548,-13.22790633547993
77553.0,77576.1484452609,-23.14844526090019
77553.0,77552.29024432809,0.709755671909079
77553.0,77551.99736736751,1.0026326324878028
77559.0,77552.04267949467,6.957320505331154
77546.0,77558.05012798711,-12.05012798710959
77490.0,77545.3299083298,-55.32990832980431
77490.0,77490.46930457075,-0.469304570753593
77485.0,77489.33390923064,-4.333909230641439
77477.0,77484.48404477783,-7.484044777826057
77482.0,77476.53148262341,5.468517376590171
77494.0,77481.33452147918,12.665478520822944
77498.0,77493.05844297048,4.94155702952412
77498.0,77496.90324910477,1.096750895230798
77498.0,77496.90300018682,1.096999813176808
77495.0,77496.85994160008,-1.8599416000797646
77485.0,77493.98767743465,-8.987677434648504
77492.0,77484.21275331681,7.78724668319046
77497.0,77491.02735555943,5.972644440567819
77497.0,77495.92206390294,1.077936097062775
77498.0,77495.981423457,2.0185765430069296
77498.0,77496.96605426572,1.0339457342779497
77498.0,77497.03104501788,0.9689549821196124
77511.0,77497.05486381667,13.945136183334398
77514.0,77510.05859795716,3.9414020428375807
77519.0,77512.94116277654,6.0588372234633425
77519.0,77518.06135849158,0.9386415084154578
77520.0,77517.93542258738,2.064577412616927
77520.0,77518.92010531852,1.0798946814757073
77526.0,77518.96675030554,7.033249694461119
77549.0,77524.96890771236,24.031092287637875
77548.0,77548.0749843541,-0.07498435409797821
77538.0,77546.8650420491,-8.865042049103067
77541.0,77537.1403566396,3.8596433603961486
77549.0,77539.87774218724,9.122257812763564
77557.0,77547.89126519194,9.108734808061854
77541.0,77554.99395933752,-13.993959337516571
77540.0,77540.38196824286,-0.3819682428584201
77534.0,77538.98365736002,-4.983657360018697
77541.0,77533.12456608286,7.8754339171428
77572.0,77539.98623757545,32.01376242455444
77575.0,77570.94265331807,4.057346681933268
77564.0,77573.6634304841,-9.66343048409908
77561.0,77563.02498216099,-2.0249821609904757
77565.0,77559.82630033676,5.173699663238949
77578.0,77563.8875890432,14.112410956804524
77578.0,77576.72128789655,1.2787121034489246
77569.0,77576.7908451311,-7.790845131094102
77568.0,77567.96129173275,0.0387082672532415
77562.0,77566.82638563894,-4.826385638938518
77561.0,77560.95779899144,0.04220100856036879
77561.0,77559.91055056792,1.0894494320818922
77561.0,77559.92438257426,1.0756174257403472
77561.0,77559.89002792259,1.109972077407292
77540.0,77559.89680734782,-19.89680734781723
77540.0,77539.29669564833,0.7033043516712496
77552.0,77538.87367054299,13.126329457008978
77552.0,77550.90807334612,1.091926653884002
77552.0,77550.86496884485,1.1350311551505001
77552.0,77550.87202529515,1.127974704853841
77552.0,77550.77730351045,1.222696489552618
77555.0,77550.75360521831,4.246394781686831
77573.0,77553.79749703225,19.202502967746113
77582.0,77571.76990592363,10.230094076367095
77575.0,77580.4968589953,-5.496858995305956
77531.0,77573.81505227939,-42.8150522793876
77524.0,77530.79286191755,-6.792861917550908
77524.0,77523.13855597269,0.8614440273086075
77532.0,77523.1194586664,8.88054133359401
77542.0,77531.12651193679,10.87348806321097
77537.0,77541.0822214818,-4.082221481803572
77544.0,77536.7304265443,7.26957345570554
77589.0,77542.84007636472,46.159923635277664
77587.0,77587.73493040832,-0.7349304083181778
77587.0,77585.61098529326,1.3890147067431826
77597.0,77585.64382661146,11.356173388543539
77605.0,77595.59492166899,9.405078331008554
77605.0,77603.54411349236,1.4558865076396614
77595.0,77603.68667136013,-8.686671360133914
77596.0,77593.93794017553,2.062059824471362
77595.0,77594.73621363712,0.2637863628769992
77591.0,77593.89947844736,-2.8994784473616164
77591.0,77590.0113611496,0.9886388503946364
77591.0,77589.97822570168,1.0217742983222706
77590.0,77589.92915448385,0.07084551615116652
77580.0,77588.93121516492,-8.931215164921014
77579.0,77579.21603210813,-0.21603210813191254
77605.0,77578.06863644422,26.931363555777352
77595.0,77603.8298467615,-8.829846761494991
77588.0,77593.99285103603,-5.992851036033244
77577.0,77586.9641733164,-9.964173316402594
77572.0,77576.07505531295,-4.07505531294737
77581.0,77570.88816020523,10.111839794772095
77593.0,77579.96659570647,13.033404293528292
77596.0,77591.9009516874,4.099048312593368
77597.0,77594.82242064922,2.1775793507840717
77623.0,77595.66224287395,27.337757126049837
77663.0,77621.68627584276,41.31372415724036
77662.0,77661.49644824189,0.5035517581127351
77655.0,77660.47952320491,-5.479523204907309
77658.0,77653.97235981202,4.027640187981888
77671.0,77656.51017355219,14.489826447810628
77682.0,77669.58603170712,12.413968292879872
77682.0,77680.56992669549,1.4300733045092784
77681.0,77680.60062206666,0.39937793333956506
77680.0,77679.62470023979,0.3752997602132382
77674.0,77678.67759446324,-4.677594463239075
77674.0,77673.01266172524,0.9873382747609867
77674.0,77672.78524563416,1.214754365835688
77674.0,77672.7751191481,1.2248808519070735
77673.0,77672.7735525127,0.22644748729362618
77673.0,77671.89169971683,1.1083002831728663
77666.0,77671.72099843012,-5.720998430115287
77663.0,77664.80510539215,-1.805105392151745
77653.0,77661.73113336453,-8.731133364533889
77652.0,77652.03338126763,-0.03338126762537286
77652.0,77650.84471102967,1.15528897033073
77651.0,77650.75193474251,0.2480652574886335
77652.0,77649.79221690305,2.207783096950152
77652.0,77650.7625412474,1.2374587525991956
77652.0,77650.7442625902,1.2557374097959837
77651.0,77650.7295463929,0.27045360709598754
77652.0,77649.77570261533,2.224297384673264
77652.0,77650.73393364246,1.2660663575370563
77652.0,77650.75691700117,1.2430829988297774
77672.0,77650.78136508536,21.218634914635913
77670.0,77670.74046321405,-0.7404632140533067
77651.0,77670.38893571652,-19.388935716517153
77646.0,77650.1613783535,-4.161378353499458
77645.0,77644.92930647907,0.07069352093094494
77640.0,77643.8983980539,-3.8983980539051117
77641.0,77639.08606411036,1.913935889635468
77641.0,77640.00254769484,0.9974523051641881
77640.0,77639.86586148303,0.1341385169653222
77641.0,77638.93691914658,2.0630808534187963
77641.0,77639.83315423568,1.1668457643245347
77641.0,77639.88988619398,1.1101138060184894
77641.0,77639.89804376228,1.1019562377186958
77641.0,77639.8988384902,1.1011615097959293
77641.0,77639.89800066037,1.1019993396330392
77652.0,77639.9049184847,12.095081515304628
77651.0,77650.85667460706,0.1433253929426428
77651.0,77649.91718388382,1.0828161161771277
77651.0,77649.8554785446,1.144521455396898
77650.0,77649.88725220335,0.11274779665109236
77650.0,77648.894315003,1.1056849970045732
77646.0,77648.95729692413,-2.9572969241271494
77647.0,77645.02798728787,1.9720127121254336
77644.0,77645.94463941363,-1.9446394136321032
77624.0,77643.05083673846,-19.05083673846093
77624.0,77623.46795603175,0.5320439682545839
77636.0,77623.11481940879,12.885180591212702
77641.0,77635.01985090063,5.980149099370465
77647.0,77640.01861947365,6.981380526354769
77647.0,77645.86330378446,1.1366962155443616
77617.0,77645.96088630386,-28.960886303859297
77616.0,77616.7261579625,-0.7261579625046579
77618.0,77615.1272815201,2.8727184799063252
77618.0,77617.1160192128,0.883980787199107
77618.0,77617.12745697089,0.8725430291087832
77619.0,77617.12711948754,1.8728805124555947
77633.0,77618.17559687766,14.824403122343938
77642.0,77631.72409941856,10.275900581444148
77643.0,77640.89694804659,2.1030519534106134
77655.0,77641.85339144043,13.146608559574815
77759.0,77653.86438024075,105.13561975925404
77729.0,77758.68902737979,-29.689027379790787
77745.0,77727.88310086039,17.116899139611633
77739.0,77743.28750261125,-4.287502611245145
77749.0,77737.4405399878,11.559460012198542
77753.0,77747.52539353733,5.474606462666998
77759.0,77751.81200082197,7.187999178029713
77750.0,77757.6749834679,-7.6749834679067135
77751.0,77748.96650347036,2.0334965296351584
77751.0,77749.73589869626,1.264101303735515
77777.0,77749.8331352966,27.166864703394822
77763.0,77776.28083078547,-13.280830785472062
77763.0,77761.9474881753,1.0525118247023784
77768.0,77761.70558083314,6.294419166864827
77768.0,77766.70766654103,1.29233345897228
77775.0,77766.66995553735,8.33004446265113
77784.0,77773.67305223756,10.326947762441705
77788.0,77782.72311838165,5.2768816183524905
77787.0,77786.42258697153,0.5774130284698913
77783.0,77785.55324544868,-2.5532454486819915
77744.0,77781.61243237533,-37.61243237533199
77745.0,77743.64768654184,1.3523134581628256
77754.0,77743.88237584152,10.117624158476247
77808.0,77752.79120603972,55.208793960278854
77776.0,77806.72223040079,-30.72223040078825
77795.0,77775.36901733837,19.630982661634334
77788.0,77793.43577454047,-5.435774540470447
77795.0,77786.53137318976,8.468626810237765
77805.0,77793.47165487477,11.52834512523259
77801.0,77803.63345534641,-2.6334553464112105
77801.0,77799.41334557852,1.586654421480489
77795.0,77799.58135752694,-4.581357526942156
77794.0,77793.6713524237,0.32864757630159147
77793.0,77792.63708230492,0.3629176950780675
77793.0,77791.69599299275,1.3040070072456729
77792.0,77791.69057753273,0.3094224672677228
77792.0,77790.79609010047,1.2039098995301174
77805.0,77790.74899625231,14.251003747689538
77804.0,77803.71807684386,0.2819231561443303
77803.0,77802.58768179138,0.41231820861867163
77787.0,77801.6634658193,-14.66346581930702
77786.0,77786.08567639065,-0.08567639064858668
77801.0,77784.77063522149,16.22936477851181
77808.0,77799.75789614207,8.242103857934126
77813.0,77806.68068660094,6.319313399057137
77832.0,77811.67720326038,20.3227967396233
77858.0,77830.64000660605,27.359993393954937
77856.0,77856.68051120017,-0.6805112001748057
77855.0,77854.4412414511,0.5587585488974582
77853.0,77853.49489908386,-0.4948990838602185
77840.0,77851.54011787627,-11.540117876269505
77848.0,77838.93263168061,9.067368319389061
77883.0,77846.65938118334,36.34061881665548
77889.0,77881.62984570024,7.370154299758724
77889.0,77887.5191413591,1.4808586409053532
77901.0,77887.5121469941,13.4878530059068
77869.0,77899.92453656356,-30.924536563557922
77869.0,77868.3460528843,0.6539471157011576
77870.0,77867.84677284013,2.153227159869857
77865.0,77868.84184988576,-3.841849885764532
77870.0,77863.95541227258,6.04458772741782
77867.0,77868.96845021598,-1.9684502159798285
77855.0,77865.86594754006,-10.865947540063644
77839.0,77853.9916727608,-14.991672760806978
77823.0,77838.71918944897,-15.719189448966063
77820.0,77822.08775746157,-2.0877574615733465
77844.0,77819.1244188035,24.87558119649475
77837.0,77842.94108188516,-5.941081885161111
77825.0,77835.94146670001,-10.941466700009187
77812.0,77824.10846578427,-12.108465784272994
77813.0,77811.16424127418,1.8357587258215062
77813.0,77811.84611022487,1.153889775130665
77813.0,77812.01142598815,0.9885740118479589
77810.0,77811.96716491322,-1.9671649132214952
77811.0,77809.00697944152,1.9930205584823852
77823.0,77809.88615785108,13.113842148915865
77824.0,77822.02612299079,1.9738770092080813
77824.0,77822.79750183484,1.2024981651629787
77824.0,77822.83858908938,1.161410910615814
77811.0,77822.85621798768,-11.856217987675336
77813.0,77810.2669631894,2.733036810604972
77803.0,77812.0138490457,-9.013849045702955
77791.0,77802.26453267258,-11.264532672576024
77791.0,77790.36590548397,0.634094516033656
77791.0,77790.15802809202,0.841971907982952
77791.0,77790.14588405086,0.8541159491433064
77782.0,77790.15169714071,-8.151697140710894
77782.0,77781.35253125362,0.6474687463778537
77770.0,77781.11061932976,-11.110619329760084
77775.0,77769.62474994137,5.375250058626989
77771.0,77774.17060253808,-3.170602538084495
77770.0,77770.23410455209,-0.2341045520879561
77770.0,77769.12734852225,0.8726514777517878
77771.0,77769.10976432642,1.8902356735779904
77771.0,77770.0578876871,0.9421123128995532
77770.0,77770.1130404978,-0.11304049780301284
77776.0,77769.10168382703,6.898316172970226
77776.0,77775.60544308052,0.39455691947659943
77787.0,77775.07001260675,11.929987393246847
77785.0,77785.87773803488,-0.8777380348765291
77761.0,77784.04352402766,-23.04352402765653
77745.0,77760.6144936955,-15.614493695495185
77717.0,77744.67128223146,-27.671282231458463
77710.0,77717.11230757786,-7.11230757785961
77688.0,77709.77264265559,-21.772642655589152
77690.0,77688.19537300001,1.8046269999904325
77692.0,77689.82407064119,2.1759293588111177
77695.0,77691.93645455503,3.063545444965712
77691.0,77694.44522907994,-3.4452290799381444
77691.0,77690.41810824501,0.5818917549913749
77694.0,77690.22930836548,3.7706916345196078
77696.0,77693.309928784,2.690071215998614
77698.0,77695.11264984494,2.8873501550551737
77688.0,77697.17979487762,-9.179794877622044
77688.0,77687.37893627415,0.6210637258482166
77677.0,77687.17707660046,-10.177076600462897
77671.0,77676.32758791727,-5.327587917272467
77658.0,77670.48137177917,-12.481371779169422
77658.0,77657.76311045782,0.23688954218232539
77672.0,77657.42766919646,14.572330803537625
77688.0,77671.42473098835,16.575269011649652
77679.0,77687.35550154929,-8.355501549289329
77693.0,77679.47372931574,13.526270684262272
77695.0,77692.13269750468,2.867302495316835
77698.0,77694.01505519259,3.9849448074091924
77678.0,77697.06548354076,-19.065483540762216
77665.0,77677.78961924068,-12.789619240676984
77643.0,77664.51742795954,-21.5174279595376
77643.0,77642.89138633161,0.10861366838798858
77652.0,77642.47370743415,9.526292565846234
77680.0,77651.45497420302,28.545025796978734
77684.0,77679.29216716082,4.7078328391799005
77697.0,77683.03678590884,13.96321409115626
77696.0,77695.99027518151,0.009724818490212783
77718.0,77694.95858235071,23.04141764929227
77693.0,77716.7461492942,-23.746149294194765
77686.0,77692.59506421509,-6.595064215085586
77692.0,77685.26735700623,6.732642993767513
77690.0,77691.19482382321,-1.1948238232143922
77693.0,77689.10353226325,3.8964677367475815
77695.0,77692.09036302636,2.909636973636225
77704.0,77694.05531383886,9.944686161135905
77704.0,77702.84364849066,1.1563515093439491
77695.0,77703.05004543682,-8.050045436815708
77675.0,77694.20315336518,-19.20315336517524
77658.0,77674.58463422011,-16.584634220111184
77682.0,77657.56358878774,24.436411212256644
77707.0,77681.26043342598,25.73956657401868
77723.0,77706.02185504492,16.978144955079188
77722.0,77723.18814830565,-1.18814830564952
77710.0,77720.68621833749,-10.686218337490573
77711.0,77708.97892676952,2.021073230484035
77711.0,77709.81120467176,1.1887953282421222
77710.0,77709.90929000091,0.09070999908726662
77711.0,77708.99433971767,2.005660282331519
77713.0,77709.96494450845,3.0350554915494286
77713.0,77711.9006737566,1.0993262434058124
77726.0,77711.87542919884,14.124570801155642
77725.0,77724.8520252746,0.14797472540521994
77725.0,77723.8893093963,1.1106906037020963
77704.0,77723.84982996297,-19.849829962971853
77704.0,77703.56818414979,0.43181585021375213
77708.0,77702.90811660465,5.091883395347395
77708.0,77706.98253666483,1.0174633351707598
77708.0,77706.91137718306,1.0886228169401875
77724.0,77706.91643749022,17.083562509782496
77724.0,77722.8278819564,1.1721180435997667
77715.0,77722.6877885228,-7.687788522802293
77701.0,77714.00752319409,-13.007523194086389
77689.0,77700.19756167725,-11.19756167725427
77650.0,77688.16988822159,-38.16988822158601
77603.0,77650.16557601893,-47.16557601893146
77623.0,77602.7848794816,20.215120518405456
77630.0,77622.46238453497,7.537615465029376
77627.0,77629.32036126578,-2.320361265781685
77630.0,77626.42690237153,3.573097628468531
77627.0,77629.07132000789,-2.071320007889881
77623.0,77626.00879888897,-3.0087988889717963
77623.0,77622.0971273611,0.9028726388933137
77634.0,77622.06410369107,11.93589630893257
77598.0,77632.88388502251,-34.88388502251473
77592.0,77597.89812181066,-5.898121810663724
77582.0,77591.32072638403,-9.320726384030422
77591.0,77581.40519704811,9.594802951891324
77577.0,77590.24344814727,-13.243448147273739
77576.0,77576.68068873485,-0.6806887348502642
77575.0,77575.30549546717,-0.30549546716792975
77583.0,77574.35670612036,8.643293879635166
77579.0,77582.41630785645,-3.4163078564452007
77579.0,77578.40265229228,0.5973477077204734
77574.0,77578.20181528859,-4.201815288586658
77574.0,77573.33876478559,0.6612352144147735
77580.0,77573.23216041087,6.767839589127107
77587.0,77579.23209344565,7.767906554348883
77592.0,77586.16704603088,5.832953969118535
77596.0,77591.09853227809,4.901467721909285
77594.0,77595.03555152337,-1.035551523367758
77588.0,77593.1523625508,-5.152362550797989
77589.0,77587.31192615756,1.6880738424370065
77589.0,77588.27025481609,0.729745183911291
77587.0,77588.2129627548,-1.2129627547983546
77592.0,77586.29002618178,5.709973818215076
77594.0,77591.23309808811,2.766901911891182
77593.0,77593.13860177089,-0.13860177088645287
77591.0,77592.16371255284,-1.163712552835932
77601.0,77589.52827063187,11.471729368131491
77605.0,77600.1316652827,4.868334717306425
77606.0,77604.08742365243,1.9125763475749409
77622.0,77604.98119987053,17.018800129473675
77626.0,77620.79710119555,5.202898804447614
77631.0,77624.9018843483,6.098115651693661
77631.0,77630.07835695733,0.9216430426749866
77636.0,77629.89450198723,6.105498012766475
77636.0,77636.55810078252,-0.5581007825239794
77636.0,77634.9379733671,1.0620266329060541
77660.0,77634.94319795999,25.056802040009643
77657.0,77658.92390876106,-1.9239087610621937
77651.0,77655.91888223229,-4.918882232290343
77649.0,77649.95804746498,-0.958047464984702
77637.0,77647.90632583592,-10.90632583592378
77637.0,77636.17395216327,0.8260478367301403
77650.0,77636.03744098509,13.962559014908038
77658.0,77649.05089483519,8.949105164807406
77658.0,77656.8557240379,1.144275962098618
77658.0,77656.80048895956,1.199511040438665
77658.0,77656.74409162549,1.2559083745145472
77646.0,77656.67138133808,-10.671381338077481
77647.0,77645.06976171058,1.930238289423869
77647.0,77645.85470116892,1.1452988310775254
77647.0,77645.86378848915,1.1362115108495345
77644.0,77645.86095935553,-1.8609593555302126
77645.0,77642.88234347709,2.1176565229106927
77645.0,77643.77750579036,1.222494209636352
77644.0,77643.82711157393,0.17288842606649268
77638.0,77642.84100172877,-4.841001728767878
77638.0,77637.01430851396,0.9856914860429242
77633.0,77636.87655259967,-3.876552599671413
77633.0,77631.84171500374,1.158284996257862
77628.0,77631.86944236197,-3.8694423619745066
77629.0,77627.00844401476,1.9915559852379374
77636.0,77627.87065585074,8.12934414925985
77639.0,77634.85516326845,4.144836731546093
77645.0,77637.70152914063,7.298470859372173
77654.0,77643.70430516565,10.295694834348978
77655.0,77653.003192932,1.9968070680042729
77698.0,77653.68584093593,44.314159064073465
77711.0,77697.11037550807,13.88962449193059
77718.0,77709.4574350738,8.54256492620334
77716.0,77716.43842610369,-0.4384261036902899
77716.0,77714.48799791392,1.5120020860777004
77688.0,77714.48351633032,-26.483516330321436
77687.0,77688.09751911771,-1.097519117713091
77683.0,77685.94364197762,-2.943641977617517
77679.0,77682.06923879236,-3.0692387923627393
77712.0,77678.06999970492,33.93000029507675
77717.0,77710.96296796585,6.03703203414625
77714.0,77715.67228348037,-1.672283480365877
77729.0,77712.80718676341,16.192813236586517
77730.0,77727.63604448378,2.3639555162226316
77727.0,77728.5369371584,-1.5369371583947213
77721.0,77725.76602636448,-4.76602636447933
77721.0,77719.78856472476,1.2114352752396371
77720.0,77719.7529884562,0.24701154380454682
77767.0,77718.74413038343,48.25586961656518
77730.0,77765.37140205217,-35.371402052172925
77677.0,77729.37382499817,-52.37382499816886
77668.0,77677.20594196544,-9.205941965439706
77668.0,77667.26908914247,0.7309108575282153
77680.0,77667.13730962355,12.86269037645252
77686.0,77679.4900985681,6.50990143189847
77692.0,77685.00473939843,6.995260601572227
77679.0,77691.19700152149,-12.197001521490165
77677.0,77677.96396835761,-0.9639683576097013
77676.0,77675.8202526481,0.17974735189636704
77670.0,77674.86541380057,-4.865413800565875
77694.0,77669.0571177809,24.942882219096646
77719.0,77692.9127278139,26.087272186094197
77718.0,77717.617330127,0.3826698729972122
77718.0,77716.60958096177,1.3904190382309025
77717.0,77716.53562622576,0.46437377424445003
77692.0,77715.58943671873,-23.589436718728393
77692.0,77691.5714080816,0.42859191840398125
77692.0,77691.06460548991,0.935394510088372
77705.0,77691.05347559084,13.946524409155245
77705.0,77703.99573966973,1.0042603302717907
77706.0,77703.85980077587,2.1401992241299013
77710.0,77705.16340071612,4.836599283880787
77723.0,77708.77209757728,14.227902422717307
77739.0,77721.79782678185,17.202173218145617
77751.0,77737.61402099393,13.385979006066918
77752.0,77749.79851342275,2.201486577250762
77752.0,77750.58371962672,1.416280373276095
77752.0,77750.58380652437,1.4161934756266419
77759.0,77750.64572121602,8.354278783983318
77758.0,77757.68768341845,0.31231658154865727
77752.0,77756.75964489284,-4.759644892837969
77751.0,77751.05525868201,-0.05525868201220874
77739.0,77748.98062673712,-9.980626737116836
77739.0,77738.20251070027,0.7974892997299321
77738.0,77737.88731047173,0.11268952826503664
77753.0,77736.97531877333,16.02468122667051
77753.0,77751.89094505543,1.1090549445652869
77763.0,77751.85083049722,11.149169502779841
77763.0,77761.75694009413,1.2430599058716325
77766.0,77761.69530890955,4.304691090452252
77763.0,77764.6500728495,-1.6500728495011572
77763.0,77761.78887322286,1.2111267771397252
77763.0,77761.74151376137,1.258486238628393
77763.0,77761.79304933861,1.206950661391602
77760.0,77761.7765325894,-1.7765325893997215
77764.0,77758.85547339999,5.144526600008248
77761.0,77762.80882972467,-1.8088297246722504
77752.0,77759.87434518638,-7.874345186384744
77740.0,77751.09480447194,-11.094804471940733
77740.0,77739.20420758716,0.7957924128422746
77700.0,77738.97179891453,-38.971798914528335
77700.0,77700.0587648244,-0.05876482439634856
77687.0,77699.21251258298,-12.21251258297707
77684.0,77686.51048033846,-2.5104803384601837
77685.0,77683.26336690821,1.7366330917866435
77685.0,77684.16311724044,0.8368827595550101
77682.0,77684.03603418123,-2.0360341812338447
77680.0,77681.09948712544,-1.0994871254370082
77680.0,77678.95920232241,1.0407976775895804
77680.0,77678.99037207737,1.00962792262726
77680.0,77678.97672701771,1.0232729822891997
77681.0,77678.97089724334,2.029102756656357
77703.0,77681.53489295015,21.465107049851213
77702.0,77701.93431165222,0.0656883477786323
77692.0,77700.87255032214,-8.872550322135794
77683.0,77691.13202775677,-8.132027756772004
77684.0,77682.26646896124,1.7335310387570644
77684.0,77683.02959494774,0.9704050522559555
77688.0,77683.17504560365,4.824954396346584
77688.0,77687.15132487986,0.8486751201417064
77693.0,77687.03096062501,5.969039374991553
77693.0,77692.04741721934,0.9525827806646703
77696.0,77692.02992859224,3.970071407762589
77704.0,77695.02869964029,8.971300359713496
77706.0,77703.01569658594,2.984303414064925
77707.0,77704.99987172225,2.000128277752083
77710.0,77705.90604996987,4.093950030131964
77710.0,77708.99470758662,1.0052924133779015
77717.0,77708.93544396237,8.06455603762879
77717.0,77715.9603792784,1.0396207215962932
77725.0,77715.95119017936,9.0488098206406
77737.0,77723.96140725819,13.038592741810135
77737.0,77735.91395035153,1.0860496484674513
77728.0,77735.87647489252,-7.876474892516853
77728.0,77727.13473174343,0.8652682565734722
77729.0,77726.94865762198,2.051342378021218
77728.0,77727.87959412366,0.12040587633964606
77720.0,77727.02976180027,-7.029761800265987
77716.0,77719.24022990072,-3.2402299007226247
77720.0,77715.17088570724,4.829114292762824
77729.0,77718.99061354737,10.00938645262795
77728.0,77727.95695001246,0.043049987536505796
77739.0,77726.95067746313,12.049322536870022
77730.0,77737.80141737872,-7.801417378723272
77730.0,77729.00007798387,0.9999220161262201
77731.0,77728.87318498759,2.1268150124087697
77731.0,77729.87296300044,1.127036999561824
77731.0,77729.86141325899,1.1385867410135688
77731.0,77729.84399452078,1.1560054792207666
77716.0,77729.89974028041,-13.899740280408878
77706.0,77715.24370870463,-9.243708704627352
77656.0,77705.25735236028,-49.257352360276855
77634.0,77656.43262346557,-22.43262346557458
77640.0,77634.01222482824,5.987775171757676
77609.0,77639.52224404525,-30.522244045248954
77533.0,77609.29803077797,-76.29803077796532
77538.0,77534.70104960803,3.2989503919670824
77481.0,77536.51662963333,-55.51662963333365
77448.0,77480.51387482519,-32.51387482519203
77421.0,77450.71380205391,-29.71380205391324
77354.0,77421.39799383798,-67.39799383797799
77369.0,77356.21843395122,12.781566048783134
77398.0,77369.38233795807,28.61766204192827
77414.0,77398.50734243575,15.492657564245746
77367.0,77414.62506910026,-47.62506910026423
77363.0,77367.74096391273,-4.7409639127290575
77392.0,77362.33480640656,29.665193593435106
77423.0,77389.2162615505,33.78373844950693
77411.0,77424.2665402052,-13.26654020519345
77440.0,77410.71622979842,29.28377020158223
77429.0,77439.28002354679,-10.280023546787561
77393.0,77428.03784757419,-35.03784757418907
77421.0,77393.05627323141,27.943726768586203
77421.0,77421.16759783232,-0.16759783231827896
77432.0,77420.60781567913,11.392184320866363
77446.0,77431.73801993944,14.261980060560745
77419.0,77447.63528468738,-28.63528468737786
77427.0,77418.17653511096,8.823464889035677
77448.0,77426.6340249073,21.365975092703593
77445.0,77447.06922203468,-2.0692220346827526
77472.0,77444.65467230586,27.345327694143634
77472.0,77471.62230886884,0.37769113115791697
77481.0,77471.27389719262,9.72610280738445
77481.0,77480.23452835972,0.7654716402757913
77471.0,77480.28056548497,-9.280565484965337
77452.0,77470.49610190345,-18.496101903452654
77449.0,77451.92614437228,-2.926144372278941
77453.0,77448.55255260944,4.4474473905575
77452.0,77452.45020434413,-0.45020434413163457
77449.0,77451.56858020494,-2.5685802049410995
77449.0,77448.13763167674,0.8623683232581243
77450.0,77448.31940634939,1.6805936506134458
77398.0,77449.25189089429,-51.2518908942875
77415.0,77398.21517857099,16.78482142901339
77423.0,77412.44356548581,10.556434514190187
77424.0,77421.77817116886,2.2218288311414653
77435.0,77423.31721632477,11.682783675234532
77435.0,77434.2396120784,0.7603879216039786
77432.0,77434.4422284999,-2.44222849990183
77357.0,77430.92245205994,-73.92245205993822
77406.0,77358.18679088641,47.813209113592166
77407.0,77405.51882515036,1.4811748496431392
77404.0,77408.6018362796,-4.601836279602139
77343.0,77408.65000111364,-65.6500011136377
77240.0,77344.00006899661,-104.00006899661093
77283.0,77238.21350849175,44.7864915082464
77331.0,77282.81692112888,48.18307887112314
77343.0,77330.56033266513,12.439667334867408
77371.0,77343.61469570502,27.385304294977686
77390.0,77370.10797430223,19.892025697772624
77406.0,77388.58922387181,17.410776128192083
77416.0,77404.46275889885,11.537241101148538
77426.0,77414.88220253456,11.117797465441981
77384.0,77424.5833526738,-40.5833526737988
77409.0,77383.85009509104,25.149904908961616
77416.0,77408.27635707932,7.723642920682323
77419.0,77414.87421983272,4.125780167276389
77437.0,77417.91481497615,19.085185023854137
77429.0,77435.92305656639,-6.923056566389278
77422.0,77427.9711985258,-5.971198525803629
77422.0,77421.28797368269,0.7120263173128478
77413.0,77421.08906988258,-8.089069882582407
77425.0,77412.24835830583,12.7516416941653
77430.0,77424.16327656205,5.836723437954788
77430.0,77428.95428382404,1.0457161759550218
77431.0,77428.87803011411,2.1219698858913034
77410.0,77429.94263949736,-19.94263949735614
77409.0,77409.41398270204,-0.413982702040812
77406.0,77409.13176612342,-3.1317661234206753
77403.0,77405.14592453408,-2.145924534081132
77403.0,77402.0360883286,0.9639116713951807
77395.0,77401.98192138437,-6.981921384372981
77400.0,77394.1163599215,5.883640078493045
77397.0,77399.22257710641,-2.222577106411336
77391.0,77396.01651225906,-5.016512259055162
77391.0,77390.05576712165,0.9442328783479752
77390.0,77389.92643051592,0.0735694840841461
77390.0,77389.01355058384,0.9864494161593029
77390.0,77388.96917042813,1.0308295718714362
77390.0,77388.94437927719,1.0556207228073617
77391.0,77388.91634992,2.083650080006919
77363.0,77389.90761057292,-26.907610572918202
77358.0,77362.7311101886,-4.731110188600724
77357.0,77357.21158098018,-0.2115809801762225
77349.0,77356.14663894844,-7.14663894844125
77349.0,77347.82204566216,1.1779543378361268
77349.0,77348.11989914151,0.8801008584850933
77349.0,77348.01001911324,0.9899808867630782
77411.0,77348.03406703263,62.9659329673741
77419.0,77411.67535525296,7.324644747044658
77402.0,77417.42822919291,-15.428229192912113
77430.0,77400.82169979966,29.178300200335798
77422.0,77428.54924171505,-6.549241715052631
77418.0,77420.66786156052,-2.6678615605196683
77389.0,77416.91773983651,-27.917739836513647
77352.0,77388.69656091157,-36.696560911572305
77353.0,77352.00462307528,0.9953769247222226
77353.0,77352.650216547,0.3497834529989632
77315.0,77352.2546499482,-37.254649948197766
77281.0,77315.39472380817,-34.394723808174604
77303.0,77281.25737434563,21.742625654369476
77323.0,77302.4526086637,20.547391336294822
77324.0,77322.3872646246,1.612735375398188
77341.0,77323.29605844062,17.70394155937538
77348.0,77339.70155498528,8.298445014719618
77354.0,77346.67830911896,7.321690881042741
77355.0,77352.8461928308,2.1538071692048106
77354.0,77353.68572671461,0.31427328538848087
77348.0,77352.81012967127,-4.810129671270261
77347.0,77346.98413752741,0.015862472588196397
77341.0,77345.99784115831,-4.997841158314259
77334.0,77340.23821510022,-6.238215100223897
77334.0,77333.29585688934,0.7041431106626987
77330.0,77333.13489777605,-3.134897776049911
77325.0,77329.28593132156,-4.285931321559474
77288.0,77324.35747042311,-36.35747042311414
77269.0,77288.30283013161,-19.30283013160806
77269.0,77268.93100974885,0.06899025115126278
77269.0,77268.47906898969,0.5209310103091411
77269.0,77268.41607929689,0.5839207031094702
77268.0,77268.63539120236,-0.6353912023623707
77279.0,77267.24013155713,11.759868442866718
77281.0,77276.92003933854,4.079960661460063
77263.0,77279.99578183348,-16.995781833480578
77272.0,77262.51133500095,9.488664999051252
77270.0,77271.10549559513,-1.1054955951258307
77278.0,77269.06588899225,8.934111007751198
77335.0,77275.16478063985,59.83521936014586
77334.0,77333.9879152349,0.012084765097824857
77331.0,77332.65445431844,-1.6544543184427312
77326.0,77329.76269262981,-3.762692629810772
77289.0,77326.36578670656,-37.365786706563085
77294.0,77288.88626231988,5.113737680119812
77294.0,77293.26171899508,0.7382810049166437
77300.0,77293.2130597679,6.786940232093912
77301.0,77299.24554774544,1.754452254564967
77300.0,77300.18929214096,-0.18929214095987845
77311.0,77299.03195576646,11.968044233537512
77311.0,77309.99240613308,1.0075938669178868
77311.0,77309.98266998351,1.0173300164897228
77310.0,77309.9891207227,0.01087927729531657
77311.0,77309.01200883275,1.9879911672469461
77311.0,77309.9555306269,1.0444693730969448
77300.0,77309.93334509616,-9.9333450961567
77299.0,77299.2229931359,-0.22299313590337988
77300.0,77298.30650954445,1.6934904555528192
77304.0,77298.87114050148,5.128859498523525
77295.0,77302.98259225905,-7.98259225905349
77303.0,77294.17048865098,8.829511349016684
77303.0,77301.9285387202,1.0714612798037706
77302.0,77301.94298911693,0.05701088307250757
77312.0,77301.92887182423,10.071128175768536
77312.0,77310.99811832614,1.001881673859316
77318.0,77310.82603945523,7.173960544765578
77333.0,77316.84619502928,16.15380497071601
77344.0,77331.7878237987,12.212176201297552
77364.0,77342.69396072075,21.306039279254037
77377.0,77362.63153591941,14.368464080587728
77389.0,77375.51576883256,13.484231167443795
77390.0,77387.37076648822,2.629233511775965
77390.0,77388.52250099981,1.4774990001897095
77392.0,77388.58529850634,3.4147014936606865
77396.0,77390.74869011123,5.251309888772084
77389.0,77394.61990563988,-5.619905639876379
77380.0,77388.00315451795,-8.00315451795177
77380.0,77379.05060117334,0.9493988266622182
77381.0,77378.83013008125,2.169869918754557
77380.0,77379.8214190134,0.17858098659780808
77370.0,77378.85541000697,-8.855410006974125
77369.0,77369.27761611575,-0.2776161157526076
77342.0,77367.84171343705,-25.84171343705384
77371.0,77341.5997258593,29.400274140702095
77374.0,77369.47707072811,4.522929271886824
77368.0,77372.66585870857,-4.665858708569431
77367.0,77366.77834260944,0.22165739056072198
77345.0,77365.7089242196,-20.708924219594337
77346.0,77344.23532674667,1.7646732533321483
77333.0,77344.85426717962,-11.854267179616727
77335.0,77332.15959886325,2.8404011367529165
77346.0,77333.94540986624,12.05459013376094
77334.0,77344.91001101807,-10.910011018073419
77333.0,77333.11104823058,-0.11104823058121838
77340.0,77331.82187684253,8.178123157471418
77339.0,77338.80488606487,0.19511393512948416
77332.0,77337.82132858729,-5.821328587291646
77318.0,77330.45540385919,-12.455403859188664
77331.0,77317.80434283323,13.195657166768797
77332.0,77329.94528793226,2.0547120677365456
77332.0,77330.85888515272,1.1411148472834611
77332.0,77330.88284710761,1.1171528923878213
77331.0,77330.85627727842,0.1437227215792518
77309.0,77329.85825715151,-20.858257151514408
77308.0,77308.6218190486,-0.6218190485960804
77309.0,77307.17860112278,1.8213988772185985
77307.0,77308.04572980906,-1.0457298090623226
77315.0,77306.03202379265,8.967976207350148
77334.0,77314.14689207094,19.853107929055113
77326.0,77333.14513854911,-7.145138549109106
77343.0,77325.03560703741,17.964392962589045
77343.0,77342.82325787365,0.17674212635029107
77342.0,77341.75165999388,0.24834000611735974
77342.0,77340.83818662257,1.1618133774318267
77343.0,77340.88080006649,2.1191999335133005
77343.0,77341.82805249472,1.1719475052814232
77343.0,77341.91461834327,1.085381656725076
77354.0,77341.85781518243,12.142184817566886
77343.0,77352.69018257302,-9.6901825730165
77343.0,77342.20922875708,0.7907712429150706
77350.0,77341.9916818688,8.008318131192937
77354.0,77349.04547628493,4.954523715074174
77368.0,77352.84488699262,15.155113007378532
77342.0,77366.91937877092,-24.919378770922776
77342.0,77341.52086571998,0.47913428001629654
77342.0,77340.98808636256,1.0119136374414666
77319.0,77340.97951513488,-21.979515134880785
77280.0,77318.63469451494,-38.63469451494166
77280.0,77280.2737931543,-0.2737931542942533
77279.0,77279.32285209052,-0.3228520905249752
77274.0,77278.33931529742,-4.339315297416761
77253.0,77273.43017351317,-20.43017351317394
77253.0,77252.77450662667,0.22549337333475705
77264.0,77252.18870057231,11.811299427688937
77272.0,77263.84714460932,8.152855390682817
77268.0,77271.08802149085,-3.088021490853862
77258.0,77267.11425448701,-9.11425448700902
77253.0,77257.15995449165,-4.15995449165348
77253.0,77252.1092271863,0.8907728136982769
77254.0,77252.08237271608,1.9176272839249577
77254.0,77253.08410736869,0.9158926313102711
77247.0,77253.07462682432,-6.074626824323786
77215.0,77246.25996789384,-31.25996789384226
77216.0,77215.02589359396,0.9741064060362987
77232.0,77215.33007774704,16.669922252956894
77232.0,77231.3892981884,0.6107018116017571
77245.0,77231.22108252085,13.778917479154188
77254.0,77244.1854158576,9.814584142397507
77255.0,77252.82456193003,2.1754380699712783
77271.0,77253.85003045801,17.149969541991595
77273.0,77269.94475373879,3.0552462612104136
77290.0,77271.86385566657,18.13614433343173
77296.0,77288.89776670028,7.1022332997235935
77326.0,77294.84579920408,31.154200795921497
77339.0,77324.86286009583,14.13713990416727
77339.0,77337.63055356205,1.3694464379514102
77340.0,77337.62321457734,2.3767854226607597
77346.0,77338.70700183832,7.292998161676223
77366.0,77344.8603776985,21.13962230150355
77361.0,77364.81269069032,-3.8126906903198687
77361.0,77359.90701197414,1.0929880258627236
77361.0,77359.80319000268,1.1968099973164499
77347.0,77359.78510911335,-12.78510911334888
77340.0,77346.20948134724,-6.209481347235851
77337.0,77339.11639249774,-2.1163924977445276
77350.0,77336.05082587001,13.949174129986204
77351.0,77348.96181186885,2.0381881311477628
77356.0,77349.86773077132,6.132269228677615
77364.0,77354.79485602866,9.205143971339567
77380.0,77362.6794046769,17.320595323093585
77380.0,77378.75869427691,1.2413057230878621
77394.0,77378.56222694372,15.437773056284641
77386.0,77392.5503514114,-6.550351411395241
77386.0,77384.72526258318,1.2747374168247916
77385.0,77384.50997818938,0.4900218106195098
77385.0,77383.64626509232,1.353734907679609
77378.0,77383.6355703801,-5.635570380094578
77395.0,77376.86523554401,18.134764455986442
77420.0,77393.68706996426,26.312930035739555
77419.0,77418.59636941491,0.40363058508955874
77446.0,77417.59133150884,28.408668491159915
77446.0,77444.50570170966,1.4942982903448865
77442.0,77444.27850865349,-2.2785086534859147
77442.0,77440.43659719771,1.5634028022905113
77442.0,77440.4816299263,1.5183700736961327
77442.0,77440.44934568593,1.5506543140654685
77416.0,77440.56516658756,-24.565166587563
77439.0,77415.00253455642,23.99746544357913
77441.0,77437.5962103596,3.403789640404284
77426.0,77439.59575941684,-13.595759416843066
77420.0,77425.19389737608,-5.193897376084351
77420.0,77418.81805058203,1.1819494179653702
77426.0,77418.64831711861,7.351682881388115
77426.0,77424.73104028958,1.2689597104181303
77436.0,77424.59809570684,11.401904293161351
77437.0,77434.6830136003,2.316986399702728
77437.0,77435.46572275259,1.5342772474105004
77436.0,77435.49600056559,0.5039994344115257
77436.0,77434.56049614992,1.439503850080655
77427.0,77434.55848777607,-7.558487776070251
77432.0,77425.73826301425,6.26173698574712
77432.0,77430.67562640372,1.3243735962751089
77429.0,77430.70765148725,-1.7076514872460393
77430.0,77427.76779980914,2.2322001908614766
77431.0,77428.71029970451,2.2897002954850905
77431.0,77429.7924970284,1.2075029716070276
77431.0,77429.74469931853,1.255300681470544
77431.0,77429.7659388438,1.2340611561958212
77429.0,77429.75599883041,-0.7559988304128638
77430.0,77427.82983185264,2.1701681473641656
77430.0,77428.75402414535,1.245975854646531
77434.0,77428.77643670983,5.223563290172024
77441.0,77433.04160144243,7.958398557573673
77451.0,77439.75996469143,11.240035308568622
77475.0,77449.71011202798,25.289887972016004
77500.0,77473.65167987855,26.34832012145489
77500.0,77498.49579500724,1.5042049927578773
77500.0,77498.40590316129,1.5940968387149042
77500.0,77498.4779482765,1.5220517234993167
77500.0,77498.50504255075,1.4949574492493412
77539.0,77498.61064350669,40.389356493309606
77539.0,77538.0963609956,0.9036390044057043
77526.0,77537.47625197604,-11.476251976040658
77523.0,77524.90373302212,-1.9037330221181037
77523.0,77521.33349615139,1.6665038486098638
77548.0,77521.63107716234,26.368922837660648
77531.0,77546.77973062945,-15.779730629452388
77532.0,77530.06752711697,1.9324728830251843
77532.0,77530.70538384817,1.2946161518339068
77536.0,77530.6792722117,5.320727788304794
77544.0,77534.64281744618,9.357182553823804
77516.0,77542.66054221455,-26.660542214551242
77521.0,77515.30521946162,5.694780538382474
77521.0,77519.77612370207,1.2238762979250168
77527.0,77519.74855285062,7.251447149377782
77527.0,77525.65959071918,1.3404092808195855
77523.0,77525.71405949579,-2.7140594957891153
77524.0,77521.6931304385,2.306869561492931
77523.0,77522.68475257672,0.31524742327746935
77528.0,77521.7209378292,6.2790621707972605
77533.0,77526.70333485643,6.296665143570863
77533.0,77532.4379437167,0.5620562833064469
77532.0,77531.64779034661,0.35220965338521637
77532.0,77530.67860037248,1.3213996275153477
77524.0,77530.66610648872,-6.666106488715741
77524.0,77522.80824435335,1.191755646650563
77522.0,77522.74878514391,-0.7487851439072983
77532.0,77520.85287355445,11.147126445546746
77535.0,77530.52157939186,4.478420608138549
77534.0,77533.72044696826,0.2795530317380326
77510.0,77532.73998514276,-22.739985142761725
77510.0,77509.39826132574,0.6017386742605595
77496.0,77508.87538547571,-12.875385475708754
77492.0,77495.3084797341,-3.3084797340998193
77493.0,77491.19263449249,1.8073655075131683
77492.0,77492.03216318648,-0.03216318647901062
77482.0,77490.94571128504,-8.94571128503594
77483.0,77480.62595527449,2.3740447255113395
77457.0,77481.94896739963,-24.9489673996286
77460.0,77456.67954630144,3.320453698557685
77461.0,77459.11418921764,1.8858107823616592
77456.0,77460.06585357548,-4.065853575477377
77484.0,77455.19888671568,28.801113284323947
77485.0,77483.34974639333,1.6502536066691391
77501.0,77483.94125273822,17.05874726177717
77501.0,77499.77042295186,1.2295770481432555
77517.0,77499.73968743897,17.26031256103306
77515.0,77515.70425115214,-0.7042511521431152
77500.0,77513.45768690242,-13.457686902416754
77519.0,77499.3243490354,19.675650964592933
77541.0,77518.09329193376,22.906708066235296
77546.0,77539.84777106861,6.1522289313870715
77530.0,77544.6327006275,-14.632700627495069
77536.0,77529.16038548242,6.839614517579321
77526.0,77534.73392645785,-8.733926457847701
77526.0,77525.18762119365,0.812378806353081
77526.0,77525.06198949016,0.9380105098389322
77547.0,77525.08101284021,21.918987159791868
77546.0,77545.9173139904,0.08268600959854666
77547.0,77544.34555874823,2.6544412517687306
77542.0,77545.5825719158,-3.5825719158019638
77542.0,77540.93451002374,1.065489976259414
77542.0,77540.40407145531,1.5959285446879221
77574.0,77540.89223370387,33.10776629613247
77558.0,77572.86505184753,-14.865051847533323
77537.0,77557.14259385377,-20.14259385377227
77547.0,77537.21944551855,9.780554481447325
77554.0,77545.67320580421,8.326794195789262
77529.0,77552.81169310708,-23.811693107083556
77531.0,77528.5715142332,2.4284857667953474
77536.0,77530.0985135734,5.901486426606425
77533.0,77534.84224199549,-1.8422419954877114
77534.0,77531.98889111316,2.011108886843431
77534.0,77532.8509550053,1.1490449947013985
77536.0,77532.78538084072,3.214619159276481
77536.0,77534.82952703352,1.1704729664779734
77535.0,77534.8491668556,0.1508331444056239
77535.0,77533.8592745397,1.1407254602963803
77536.0,77533.8495305097,2.150469490297837
77536.0,77534.79407079118,1.2059292088233633
77549.0,77534.84420075985,14.155799240150372
77549.0,77548.10244294288,0.8975570571201388
77552.0,77547.75575620463,4.244243795372313
77552.0,77550.74470532779,1.2552946722134948
77567.0,77550.77790185234,16.222098147656652
77553.0,77565.7537711344,-12.753771134404815
77553.0,77552.13096293887,0.8690370611293474
77577.0,77551.83027771612,25.169722283884767
77637.0,77577.05263373765,59.94736626234953
77642.0,77636.2510150897,5.748984910300351
77652.0,77640.37058015836,11.62941984164354
77649.0,77650.28251113916,-1.2825111391575774
77648.0,77646.85323471371,1.1467652862920659
77649.0,77646.48494760213,2.515052397866384
77648.0,77647.55381849241,0.44618150759197306
77647.0,77646.67983886793,0.32016113206918817
77621.0,77645.81048800111,-24.81048800110875
77621.0,77620.403041618,0.5969583819969557
77621.0,77619.86926077682,1.1307392231828999
77612.0,77619.8772414733,-7.877241473295726
77605.0,77611.04520907611,-6.045209076110041
77595.0,77604.15556910125,-9.155569101247238
77619.0,77594.11738678836,24.882613211637363
77597.0,77617.82776488278,-20.827764882778865
77596.0,77596.2389245206,-0.2389245205995394
77597.0,77594.81398633233,2.186013667669613
77597.0,77595.74344623985,1.2565537601476535
77578.0,77595.70805138377,-17.708051383771817
77575.0,77577.29461035751,-2.2946103575086454
77556.0,77573.93098334574,-17.93098334573733
77568.0,77555.41670846923,12.583291530769202
77568.0,77566.74987055652,1.250129443476908
77572.0,77566.962407832,5.037592167995172
77582.0,77570.63722618487,11.362773815126275
77581.0,77580.83720758968,0.1627924103231635
77582.0,77579.75797968918,2.2420203108194983
77582.0,77580.78285437656,1.2171456234354991
77578.0,77580.81785741927,-2.817857419271604
77581.0,77576.66347539557,4.336524604426813
77581.0,77579.98315908639,1.0168409136094851
77574.0,77579.87942156335,-5.8794215633533895
77564.0,77573.03067999732,-9.030679997318657
77590.0,77563.2123945452,26.787605454795994
77591.0,77588.55429187912,2.4457081208820455
77591.0,77589.77765320704,1.2223467929579783
77602.0,77589.91508014238,12.084919857617933
77624.0,77600.83294557071,23.16705442928651
77611.0,77622.70662090972,-11.706620909724734
77611.0,77610.26243290432,0.737567095682607
77611.0,77609.78992968296,1.2100703170435736
77613.0,77609.79177715207,3.2082228479266632
77612.0,77611.81750957965,0.18249042035313323
77613.0,77610.95075214161,2.049247858391027
77608.0,77611.88641727138,-3.8864172713801963
77598.0,77607.0176418537,-9.017641853701207
77589.0,77597.56288495028,-8.56288495028275
77589.0,77588.26466845913,0.7353315408690833
77601.0,77588.08038978785,12.919610212149564
77600.0,77600.02159769212,-0.02159769211721141
77600.0,77599.5373576528,0.462642347192741
77600.0,77598.9280361088,1.0719638911978109
77600.0,77598.86615374178,1.1338462582207285
77618.0,77598.83161914202,19.16838085798372
77599.0,77616.67373102302,-17.67373102302372
77599.0,77598.32700319096,0.6729968090367038
77602.0,77597.92095631495,4.079043685051147
77603.0,77600.86006752265,2.1399324773519766
77608.0,77601.88008741164,6.119912588357693
77616.0,77606.9593153651,9.040684634906938
77616.0,77614.85153626894,1.148463731064112
77624.0,77614.82835042055,9.171649579453515
77625.0,77623.01827917641,1.9817208235908765
77645.0,77623.8044441048,21.195555895203142
77645.0,77642.88953815712,2.110461842879886
77644.0,77643.72162435619,0.2783756438147975
77644.0,77642.72948985014,1.2705101498577278
77652.0,77642.74753830051,9.252461699492414
77644.0,77650.74058938677,-6.740589386768988
77652.0,77642.97617887707,9.023821122929803
77652.0,77650.67621616695,1.3237838330533123
77660.0,77650.78820220772,9.21179779227532
77660.0,77658.7137300125,1.2862699874967802
77632.0,77658.81771449563,-26.817714495628024
77631.0,77631.53761544485,-0.5376154448458692
77632.0,77629.96039335614,2.0396066438552225
77632.0,77630.91683835864,1.0831616413634038
77632.0,77630.95246430318,1.0475356968236156
77624.0,77630.97223733323,-6.972237333233352
77627.0,77622.9720331028,4.0279668972070795
77627.0,77625.8178060677,1.1821939322981052
77627.0,77625.84955779726,1.1504422027355758
77627.0,77625.85388761223,1.1461123877670616
77632.0,77625.84413061173,6.155869388268911
77626.0,77630.82113446223,-4.821134462225018
77622.0,77624.96328231657,-2.9632823165738955
77622.0,77620.95780932893,1.0421906710689655
77623.0,77620.94316146658,2.056838533419068
77639.0,77621.85524306059,17.14475693940767
77631.0,77637.89607238283,-6.896072382834973
77623.0,77630.23939176211,-7.239391762108426
77624.0,77622.06275146319,1.9372485368076013
77635.0,77622.84673122024,12.153268779758946
77649.0,77633.91232499895,15.08767500105023
77555.0,77647.84010380172,-92.84010380171821
77563.0,77556.16890933769,6.83109066230827
77573.0,77562.33620428777,10.66379571222933
77576.0,77572.30572539527,3.6942746047279797
77575.0,77575.29372766109,-0.2937276610900881
77554.0,77574.34889513876,-20.348895138755324
77548.0,77553.56919175679,-5.569191756789223
77557.0,77547.26016471528,9.739835284723085
77557.0,77556.16830149651,0.8316985034907702
77574.0,77556.14932493492,17.850675065084943
77538.0,77573.17732399388,-35.17732399387751
77525.0,77537.91231790162,-12.912317901616916
77531.0,77524.53584478248,6.464155217516236
77531.0,77530.13837674068,0.8616232593194582
77520.0,77530.19793132627,-10.197931326270918
77521.0,77519.55652565145,1.44347434854717
77521.0,77520.31830798084,0.6816920191631652
77521.0,77520.2374439479,0.7625560520973522
77517.0,77520.2588489038,-3.2588489038025727
77501.0,77516.33639927958,-15.336399279578472
77500.0,77500.60047065564,-0.6004706556414021
77501.0,77499.37197561548,1.628024384524906
77503.0,77500.41425162382,2.5857483761792537
77501.0,77502.4905808103,-1.4905808103067102
77501.0,77500.21283604905,0.7871639509539818
77501.0,77500.19485748975,0.805142510245787
77482.0,77500.25215305656,-18.25215305655729
77483.0,77481.73890444478,1.2610955552227097
77518.0,77482.36891090119,35.63108909880975
77537.0,77517.2884919675,19.711508032502024
77542.0,77536.20087863182,5.799121368181659
77534.0,77540.99414017086,-6.9941401708638296
77531.0,77533.08318304132,-2.083183041322627
77530.0,77529.96003795898,0.03996204101713374
77530.0,77529.12107540837,0.8789245916268555
77564.0,77529.20233531418,34.79766468581511
77563.0,77563.16235108598,-0.1623510859790258
77564.0,77562.04578652387,1.9542134761286434
77563.0,77562.94932303345,0.050676966551691294
77564.0,77561.95483167208,2.04516832792433
77564.0,77562.9148115631,1.0851884369039908
77568.0,77563.06274219707,4.937257802928798
77568.0,77567.00345487671,0.996545123285614
77572.0,77567.05944215061,4.940557849389734
77573.0,77570.96572478359,2.034275216414244
77572.0,77571.93162045078,0.06837954922229983
77573.0,77570.9361338802,2.0638661198026966
77595.0,77571.94654236367,23.05345763632795
77610.0,77593.90821665671,16.091783343290444
77571.0,77608.81126117974,-37.81126117974054
77549.0,77570.79105618125,-21.79105618124595
77506.0,77548.4876927754,-42.48769277539395
77497.0,77506.15772389382,-9.157723893818911
77497.0,77496.17957446224,0.8204255377640948
77530.0,77496.50747046551,33.4925295344874
77533.0,77529.7208349423,3.2791650576982647
77533.0,77532.60935173919,0.390648260814487
77533.0,77531.8242235176,1.1757764823996695
77533.0,77531.78190014564,1.2180998543626629
77539.0,77531.76813489801,7.23186510198866
77532.0,77537.00404694457,-5.004046944566653
77535.0,77531.07001719312,3.929982806876069
77536.0,77533.88756571838,2.1124342816183344
77536.0,77534.82843344525,1.1715665547526442
77536.0,77534.81530866372,1.1846913362824125
77539.0,77534.92280549945,4.077194500554469
77539.0,77537.90657458392,1.0934254160820274
77539.0,77537.97692777507,1.0230722249252722
77535.0,77537.99616321224,-2.9961632122431183
77535.0,77534.10252450164,0.8974754983646562
77536.0,77533.96205514939,2.0379448506137123
77535.0,77535.22840552723,-0.2284055272320984
77536.0,77533.9916680101,2.008331989898579
77544.0,77534.94863233816,9.05136766184296
77535.0,77542.85758979291,-7.8575897929113125
77520.0,77535.1946117488,-15.194611748796888
77531.0,77519.21645347176,11.78354652824055
77538.0,77530.02854244104,7.971457558960537
77576.0,77536.92694384903,39.07305615096993
77555.0,77574.83227580399,-19.832275803986704
77575.0,77554.26526625358,20.73473374641617
77562.0,77574.78351891598,-12.783518915981404
77562.0,77561.12042981325,0.8795701867493335
77559.0,77560.8119647399,-1.8119647398998495
77538.0,77558.04457594707,-20.044575947074918
77538.0,77537.51972902135,0.48027097864542156
77538.0,77537.13199703443,0.8680029655661201
77531.0,77537.07719429783,-6.077194297831738
77530.0,77530.22486169107,-0.22486169106559828
77535.0,77529.12807387834,5.87192612166109
77542.0,77534.00739899935,7.992601000645664
77552.0,77541.10287666616,10.897123333837953
77552.0,77550.92887269804,1.07112730195513
77561.0,77550.86177385606,10.13822614394303
77561.0,77559.78310944453,1.216890555471764
77570.0,77559.79626982872,10.203730171284406
77570.0,77568.86662546346,1.1333745365409413
77569.0,77568.81673295578,0.18326704422361217
77569.0,77567.82132240567,1.1786775943328394
77585.0,77567.85749899241,17.14250100759091
77571.0,77583.02279681017,-12.022796810168074
77552.0,77570.22452823531,-18.224528235310572
77543.0,77551.4659375716,-8.46593757160008
77536.0,77542.26281889596,-6.262818895964301
77536.0,77535.25823015008,0.7417698499193648
77545.0,77535.2087750574,9.79122494260082
77544.0,77544.04429304313,-0.04429304313089233
77564.0,77542.98411824481,21.015881755185546
77563.0,77562.74771221528,0.2522877847222844
77558.0,77561.77728171283,-3.777281712827971
77523.0,77556.91137808512,-33.911378085118486
77504.0,77522.82587213909,-18.82587213908846
77504.0,77503.52375564695,0.47624435304896906
77482.0,77503.24099966662,-21.240999666624703
77482.0,77481.87854579353,0.12145420646993443
77492.0,77481.32884135918,10.671158640820067
77499.0,77491.16219778852,7.837802211477538
77497.0,77498.05391829349,-1.0539182934880955
77501.0,77496.18346657536,4.816533424644149
77505.0,77499.90395174212,5.096048257881193
77505.0,77503.89455490149,1.1054450985102449
77531.0,77503.89887721917,27.101122780833975
77531.0,77530.03449895204,0.9655010479618795
77531.0,77529.77403873397,1.2259612660272978
77534.0,77529.80082172487,4.199178275128361
77535.0,77532.9164258185,2.083574181495351
77531.0,77533.84245150923,-2.842451509233797
77553.0,77530.09967015903,22.90032984096615
77591.0,77551.98681033928,39.013189660719945
77591.0,77589.71280138964,1.2871986103564268
77601.0,77589.69311375004,11.306886249964009
77607.0,77599.65772039493,7.34227960507269
77603.0,77605.59391733169,-2.5939173316874076
77595.0,77601.74766987504,-6.747669875039719
77595.0,77594.08264939029,0.9173506097140489
77592.0,77593.89348699099,-1.8934869909862755
77588.0,77591.22582266865,-3.2258226686535636
77588.0,77587.01629961708,0.9837003829161404
77561.0,77586.95080301829,-25.95080301829148
77593.0,77560.55322750422,32.44677249577944
77584.0,77592.30422692279,-8.304226922788075
77583.0,77583.07913194784,-0.07913194784487132
77584.0,77581.93880044088,2.0611995591170853
77584.0,77582.86809112466,1.1319088753371034
77582.0,77582.64991163932,-0.649911639324273
77583.0,77580.89271484828,2.1072851517237723
77582.0,77581.78438857105,0.21561142895370722
77602.0,77580.8080429884,21.191957011600607
77594.0,77600.69729349631,-6.697293496312341
77589.0,77592.92621500482,-3.9262150048161857
77587.0,77587.87043016776,-0.8704301677644253
77579.0,77585.84145608872,-6.841456088717678
77579.0,77577.98064717154,1.019352828458068
77579.0,77577.96380916641,1.0361908335908083
77579.0,77577.9754211435,1.0245788564934628
77579.0,77577.882505772,1.1174942280049436
77568.0,77577.89075760196,-9.890757601955556
77552.0,77567.09713018821,-15.097130188209121
77553.0,77550.86543735475,2.134562645253027
77552.0,77552.00691563422,-0.006915634221513756
77552.0,77551.04209272494,0.957907275063917
77527.0,77551.02461758991,-24.024617589908303
77506.0,77526.63959094083,-20.639590940831113
77521.0,77505.59403512948,15.405964870515163
77520.0,77519.97405559788,0.025944402121240273
77520.0,77519.12134826719,0.8786517328117043
77535.0,77519.11073220284,15.889267797159846
77536.0,77533.99761691205,2.002383087950875
77536.0,77534.80610363027,1.1938963697321014
77535.0,77534.88469812677,0.11530187322932761
77523.0,77533.89990720057,-10.899907200568123
77519.0,77522.18457114395,-3.1845711439527804
77519.0,77518.18521435093,0.8147856490686536
77518.0,77518.09898308881,-0.09898308881383855
77536.0,77517.08083714379,18.919162856211187
77522.0,77535.07864219772,-13.078642197724548
77521.0,77521.3465836215,-0.34658362150366884
77521.0,77520.08890745492,0.9110925450804643
77522.0,77520.10676803484,1.8932319651648868
77519.0,77521.07687031406,-2.0768703140638536
77516.0,77518.17470183058,-2.174701830575941
77515.0,77515.19073805083,-0.19073805083462503
77515.0,77514.12065257053,0.8793474294652697
77509.0,77514.10265414022,-5.102654140224331
77522.0,77508.23834711182,13.761652888177196
77522.0,77521.11087818563,0.8891218143689912
77522.0,77521.0526932444,0.9473067555954913
77518.0,77521.05942697987,-3.059426979874843
77536.0,77517.18137061264,18.81862938735867
77536.0,77535.00925709069,0.9907429093145765
77536.0,77534.9548382112,1.0451617888029432
77559.0,77534.98032057364,24.019679426361108
77558.0,77557.9409645441,0.05903545589535497
77561.0,77556.8351877569,4.164812243107008
77550.0,77559.86594564233,-9.865945642333827
77546.0,77549.19129240418,-3.1912924041826045
77546.0,77544.97158721679,1.0284127832128434
77541.0,77545.06165225904,-4.061652259042603
77541.0,77540.19941376902,0.8005862309801159
77541.0,77540.1088677784,0.8911322216008557
77529.0,77540.03714642709,-11.037146427086554
77520.0,77528.26700383624,-8.267003836241201
77519.0,77519.24885416288,-0.24885416288452689
77510.0,77518.14983373995,-8.149833739953465
77475.0,77509.22565756226,-34.225657562259585
77434.0,77475.1301132781,-41.13011327809363
77431.0,77434.27264045752,-3.272640457522357
77440.0,77430.55718769236,9.442812307635904
77432.0,77440.06504368331,-8.06504368330934
77378.0,77431.55847694713,-53.55847694713157
77376.0,77378.7898118901,-2.789811890106648
77375.0,77374.78724551408,0.21275448592496105
77370.0,77375.42445393479,-5.424453934785561
77355.0,77370.00821302131,-15.008213021312258
77373.0,77354.67182031936,18.32817968064046
77374.0,77372.34973077454,1.6502692254580325
77387.0,77373.20435627631,13.795643723686226
77382.0,77386.18292556539,-4.18292556538654
77411.0,77381.19272240272,29.807277597283246
77406.0,77410.0216553379,-4.021655337899574
77403.0,77405.1624684772,-2.1624684771959437
77394.0,77402.18235974292,-8.18235974291747
77394.0,77393.36002275368,0.6399772463191766
77399.0,77393.1854145985,5.814585401501972
77399.0,77398.30043789993,0.6995621000678511
77398.0,77398.33927807616,-0.3392780761641916
77409.0,77397.43187608462,11.568123915378237
77403.0,77408.24949516474,-5.249495164738619
77401.0,77402.33825920039,-1.338259200390894
77400.0,77400.34147471403,-0.34147471403412055
77411.0,77399.29387202096,11.706127979035955
77422.0,77410.22036834758,11.779631652418175
77421.0,77420.97124775218,0.028752247817465104
77432.0,77420.13268784032,11.867312159680296
77435.0,77431.01739007735,3.9826099226484075
77408.0,77433.26656827278,-25.266568272782024
77409.0,77407.62554477662,1.3744552233838476
77415.0,77408.22854409301,6.771455906986375
77433.0,77414.19981060547,18.800189394532936
77410.0,77432.2577953358,-22.25779533579771
77409.0,77409.74601520566,-0.7460152056592051
77434.0,77408.16038924335,25.839610756651382
77435.0,77433.04939237384,1.9506076261604903
77460.0,77433.95138727191,26.04861272808921
77459.0,77458.87240956922,0.1275904307840392
77459.0,77457.8086582587,1.191341741301585
77483.0,77457.77313670864,25.22686329136195
77499.0,77481.79444757881,17.205552421190077
77508.0,77497.67154383827,10.328456161732902
77500.0,77506.51214239787,-6.512142397870775
77501.0,77498.81661534337,2.1833846566296415
77501.0,77499.69269867199,1.3073013280081796
77501.0,77499.79741045159,1.202589548411197
77500.0,77499.84824335414,0.151756645864225
77500.0,77498.8788935097,1.1211064903036458
77501.0,77498.5688153456,2.4311846544005675
77501.0,77499.84226521896,1.157734781038016
77501.0,77499.81031350298,1.189686497018556
77501.0,77499.80591898966,1.1940810103405965
77507.0,77499.75641106314,7.243588936864398
77520.0,77505.76514493152,14.23485506848374
77520.0,77518.44845578335,1.5515442166506546
77502.0,77518.59871611932,-16.59871611931885
77500.0,77500.9446067404,-0.9446067404060159
77501.0,77498.70909173442,2.2909082655824022
77462.0,77499.69921507104,-37.699215071043
77463.0,77461.83790730833,1.1620926916657481
77466.0,77462.13407936486,3.8659206351439934
77462.0,77465.08704246812,-3.087042468119762
77460.0,77461.02137021987,-1.0213702198670944
77464.0,77459.00045926974,4.9995407302631065
77463.0,77462.8019631839,0.19803681610210333
77470.0,77461.81246458123,8.187535418765037
77474.0,77468.80671207394,5.193287926056655
77474.0,77472.68018666757,1.3198133324331138
77519.0,77472.72929791061,46.27070208938676
77519.0,77517.65890358671,1.3410964132926892
77526.0,77517.45692201627,8.543077983733383
77542.0,77524.43428742418,17.56571257581527
77539.0,77540.69586041427,-1.69586041427101
77540.0,77537.43198923158,2.5680107684165705
77540.0,77538.6713778392,1.3286221607995685
77619.0,77538.71242029947,80.28757970052538
77792.0,77617.77536346647,174.22463653353043
77762.0,77789.89341802316,-27.89341802315903
77722.0,77762.53108555192,-40.531085551920114
77782.0,77720.62426609661,61.37573390339094
77834.0,77779.61850955158,54.381490448417026
77814.0,77830.39319263633,-16.39319263632933
77824.0,77812.53060254647,11.46939745353302
77782.0,77822.32390778135,-40.32390778134868
77778.0,77780.88706582082,-2.887065820817952
77788.0,77778.5109410901,9.489058909894084
77793.0,77786.73305747707,6.266942522925092
77791.0,77791.49148857011,-0.4914885701145977
77775.0,77789.57168942309,-14.571689423086355
77761.0,77775.32119710137,-14.321197101366124
77758.0,77759.67524269388,-1.6752426938764984
77747.0,77756.5981511876,-9.598151187601616
77741.0,77745.50743012768,-4.5074301276763435
77741.0,77739.5796820237,1.4203179762989748
77763.0,77739.47949889331,23.520501106686424
77763.0,77761.30465628426,1.695343715735362
77763.0,77761.05628141141,1.9437185885908548
77834.0,77761.13566506788,72.86433493212098
77821.0,77831.8092431814,-10.809243181400234
78036.0,77819.03111883481,216.96888116518676
78028.0,78035.30267626263,-7.3026762626250274
78155.0,78023.35571831881,131.64428168119048
78163.0,78151.17775477939,11.822245220610057
78100.0,78158.04822967312,-58.04822967312066
78083.0,78101.94376778259,-18.94376778259175
78100.0,78081.9830760987,18.016923901304835
78082.0,78103.8948146438,-21.894814643805148
78159.0,78080.83061665799,78.16938334201404
78171.0,78156.68637638516,14.313623614842072
78137.0,78168.2809150824,-31.280915082403226
78097.0,78134.45512718955,-37.455127189547056
78092.0,78095.95598671859,-3.9559867185889743
78072.0,78089.31152385796,-17.31152385796304
78059.0,78070.71357228237,-11.713572282373207
78126.0,78057.8968104085,68.10318959149299
78163.0,78124.00499572074,38.9950042792625
78145.0,78160.53969976927,-15.539699769273284
78125.0,78146.3663850554,-21.366385055400315
78154.0,78122.86457494028,31.135425059721456
78100.0,78156.0397087008,-56.039708700802294
78088.0,78098.53383473844,-10.5338347384386
78070.0,78086.09679169134,-16.096791691335966
78097.0,78068.61931118817,28.380688811826985
78094.0,78095.29013295623,-1.2901329562300816
78064.0,78092.65982408618,-28.65982408617856
78060.0,78062.91060023874,-2.9106002387416083
78067.0,78058.66880138621,8.33119861378509
78063.0,78065.60163919862,-2.601639198619523
78062.0,78061.54509148168,0.4549085183243733
78056.0,78062.05541626892,-6.055416268922272
78055.0,78054.4584677128,0.5415322871995158
78061.0,78053.3393187765,7.660681223496795
78058.0,78059.9326708249,-1.9326708248991054
78068.0,78056.49456001628,11.5054399837245
78027.0,78066.66178206405,-39.661782064053114
78037.0,78026.58544451979,10.414555480208946
78047.0,78035.68607541097,11.313924589034286
78064.0,78046.55020210275,17.44979789725039
78055.0,78062.59767775764,-7.597677757643396
78048.0,78053.72380261266,-5.723802612657892
78037.0,78047.08372563713,-10.083725637130556
78037.0,78035.74620048024,1.253799519763561
78026.0,78035.82757050393,-9.827570503926836
78023.0,78025.2505573796,-2.250557379593374
78019.0,78022.07458524367,-3.074585243666661
78011.0,78018.08454828794,-7.0845482879376505
78020.0,78010.17229527984,9.827704720155452
77999.0,78019.00330282465,-20.003302824654384
78045.0,77998.55157257037,46.44842742962646
78041.0,78044.87958421254,-3.879584212540067
78041.0,78039.9256585238,1.0743414761964232
78040.0,78039.93835099488,0.06164900511794258
78053.0,78038.91946268542,14.080537314584944
78040.0,78052.11084720057,-12.110847200572607
78039.0,78039.30508604666,-0.30508604666101746
78039.0,78038.06534646358,0.9346535364165902
78035.0,78038.08400153102,-3.0840015310241142
78033.0,78034.18979371757,-1.1897937175672268
78022.0,78032.26713603579,-10.267136035792646
78022.0,78021.41714110968,0.5828588903241325
78022.0,78021.26091032595,0.7390896740544122
78038.0,78021.2741412868,16.72585871319461
78034.0,78037.20962071023,-3.209620710229501
78034.0,78033.26408303616,0.7359169638366438
78024.0,78033.05286900057,-9.052869000573992
78006.0,78023.26230017605,-17.262300176051212
77998.0,78005.62456894171,-7.624568941711914
77957.0,77997.45803439019,-40.45803439019073
77958.0,77957.01527951547,0.9847204845282249
77965.0,77957.48104859174,7.518951408259454
77958.0,77964.34824924944,-6.348249249436776
77955.0,77957.53155431975,-2.5315543197502848
77953.0,77954.43785134163,-1.4378513416304486
77950.0,77952.26510226501,-2.265102265009773
77965.0,77949.33307743691,15.666922563090338
77980.0,77964.4380043663,15.56199563370319
77984.0,77979.12322342952,4.876776570483344
77962.0,77982.77928986803,-20.77928986803454
77967.0,77961.6124725316,5.3875274683960015
77967.0,77966.14116230552,0.858837694482645
77967.0,77966.1184213993,0.8815786007035058
77963.0,77966.20452168386,-3.204521683859639
77962.0,77962.31032771117,-0.31032771116588265
77952.0,77961.25280965232,-9.2528096523165
77952.0,77951.4475060421,0.5524939579045167
77959.0,77951.28252562092,7.7174743790819775
77981.0,77958.38268163199,22.617318368007545
77985.0,77980.13041343632,4.869586563683697
78010.0,77983.99953992126,26.00046007873607
78029.0,78009.21931579537,19.780684204626596
78047.0,78027.79267988351,19.207320116489427
78036.0,78045.67796899292,-9.677968992924434
78036.0,78034.94432641233,1.0556735876743915
78032.0,78034.80417709342,-2.8041770934214583
78032.0,78031.0087881531,0.9912118468928384
77983.0,78030.99712935158,-47.99712935158459
77963.0,77983.41181507341,-20.41181507341389
77957.0,77962.7696242202,-5.769624220192782
77933.0,77957.40250471194,-24.402504711935762
77918.0,77933.58411160782,-15.584111607822706
77928.0,77917.64280819964,10.357191800358123
77981.0,77927.47178357409,53.52821642591152
77987.0,77980.22403360631,6.775966393688577
77987.0,77986.29543039962,0.704569600376999
78012.0,77985.76734854851,26.232651451486163
78007.0,78010.62982542849,-3.6298254284920404
78008.0,78005.84109950652,2.1589004934794502
78008.0,78006.78745199942,1.2125480005779536
78037.0,78006.80512932451,30.194870675491984
78034.0,78035.76314140832,-1.7631414083152777
78036.0,78032.78056745409,3.2194325459131505
78022.0,78034.7684878523,-12.768487852299586
78021.0,78021.24842182035,-0.24842182034626603
78031.0,78019.96516667231,11.034833327692468
78027.0,78030.05989718076,-3.0598971807630733
78023.0,78026.16535035559,-3.16535035558627
78020.0,78022.25640808835,-2.256408088345779
78015.0,78019.00807708714,-4.008077087142738
78016.0,78014.04393333924,1.9560666607576422
78038.0,78015.00949026793,22.990509732073406
78033.0,78036.9112795287,-3.9112795286928304
78033.0,78031.90716566313,1.092834336872329
78034.0,78031.81842535482,2.181574645175715
78032.0,78032.79601105514,-0.7960110551357502
78034.0,78030.93169305255,3.0683069474471267
78038.0,78032.82971771949,5.170282280509127
78030.0,78036.8121820114,-6.812182011402911
78015.0,78028.99049073325,-13.990490733252955
78020.0,78014.309643054,5.690356945997337
78040.0,78019.0377859863,20.962214013707126
78036.0,78038.888361395,-2.8883613950019935
78044.0,78034.95344288061,9.046557119392673
78038.0,78042.81692875296,-4.816928752959939
78038.0,78036.86206420802,1.1379357919795439
78026.0,78036.81504366707,-10.815043667069403
78024.0,78025.20023662117,-1.200236621167278
78024.0,78022.9771351431,1.0228648569027428
78019.0,78022.9791249737,-3.97912497370271
78012.0,78018.09379700069,-6.093797000692575
78008.0,78011.27866178915,-3.2786617891542846
77995.0,78007.08343056323,-12.08343056323065
77993.0,77994.35476791077,-1.3547679107723525
77993.0,77992.14445164806,0.8555483519448899
77992.0,77992.12730558401,-0.1273055840138113
77992.0,77991.06240753517,0.9375924648338696
77991.0,77991.04393786001,-0.04393786001310218
77995.0,77990.02832006024,4.9716799397574505
77996.0,77993.99785549371,2.0021445062884595
77995.0,77994.96725178514,0.032748214856837876
77996.0,77993.9793479949,2.0206520050996915
77998.0,77994.9817458802,3.018254119800986
77999.0,77996.96949043314,2.0305095668591093
77999.0,77997.9527357852,1.047264214794268
77999.0,77997.97761487591,1.0223851240880322
78003.0,77998.00235493766,4.9976450623362325
78004.0,78002.33434932507,1.6656506749277469
78003.0,78002.99609567136,0.0039043286378728226
78008.0,78002.03110270377,5.968897296232171
78016.0,78007.00435163613,8.995648363867076
78045.0,78015.06069365857,29.939306341431802
78063.0,78043.8928196437,19.10718035629543
78088.0,78061.44744537864,26.552554621361196
78085.0,78086.15567591284,-1.155675912843435
78091.0,78083.60663717461,7.3933628253871575
78136.0,78089.59445705298,46.40554294701724
78124.0,78134.30815794138,-10.308157941384707
78126.0,78122.69374054656,3.3062594534421805
78123.0,78124.66851480851,-1.6685148085089168
78115.0,78121.76972635194,-6.769726351936697
78126.0,78114.2774056514,11.72259434859734
78135.0,78124.91509719071,10.084902809292544
78131.0,78133.7794297236,-2.7794297235959675
78130.0,78129.85739540668,0.1426045933185378
78139.0,78128.81774806627,10.182251933729276
78136.0,78139.03162673661,-3.031626736614271
78131.0,78134.78078097926,-3.7807809792575426
78103.0,78129.87027738002,-26.870277380017797
78103.0,78102.48392511792,0.5160748820781009
78076.0,78101.90365128317,-25.903651283166255
78076.0,78075.708411749,0.29158825099875685
78076.0,78075.0199077114,0.9800922886061016
78090.0,78075.01223857736,14.987761422642507
78090.0,78088.87608518096,1.1239148190361448
78097.0,78088.81423893086,8.185761069136788
78090.0,78095.71628586324,-5.716285863236408
78079.0,78088.95642423925,-9.956424239251646
78073.0,78077.93165237867,-4.931652378669241
78074.0,78071.949669801,2.0503301989956526
78072.0,78072.87967103183,-0.8796710318274563
78072.0,78070.93056883522,1.069431164782145
78053.0,78070.88891328074,-17.888913280738052
78067.0,78052.39694558283,14.603054417166277
78067.0,78066.0324418523,0.9675581477058586
78084.0,78065.9020418835,18.097958116501104
78084.0,78082.92143019047,1.0785698095278349
78084.0,78082.83943210122,1.1605678987834835
78096.0,78082.77226416337,13.22773583662638
78101.0,78094.56014466158,6.439855338423513
78097.0,78099.63558795667,-2.635587956669042
78106.0,78095.70708544037,10.292914559628116
78125.0,78104.72235945401,20.277640545988106
78125.0,78123.63660007896,1.3633999210433103
78140.0,78123.7287269829,16.27127301710425
78165.0,78138.82445922283,26.17554077717068
78226.0,78163.68790679988,62.3120932001184
78211.0,78224.45253368931,-13.452533689312986
78196.0,78209.68978155844,-13.689781558437971
78168.0,78194.72603428773,-26.72603428772709
78150.0,78167.19158789176,-17.191587891764357
78112.0,78149.33462419956,-37.334624199560494
78086.0,78112.21493046511,-26.21493046511023
78052.0,78086.0656987343,-34.06569873429544
78073.0,78051.96767882048,21.032321179518476
78068.0,78072.78013295608,-4.780132956075249
78062.0,78067.46798718323,-5.467987183234072
78064.0,78061.40255987635,2.597440123645356
78061.0,78063.16076607429,-2.1607660742884036
78059.0,78060.0943285659,-1.0943285659013782
78059.0,78058.06259981827,0.9374001817341195
78058.0,78058.03014567574,-0.030145675744279288
78059.0,78056.90266695774,2.0973330422566505
78061.0,78057.90111593698,3.0988840630161576
78073.0,78059.92407035205,13.075929647951853
78073.0,78071.91432463231,1.0856753676926019
78072.0,78071.90321645266,0.09678354734205641
78059.0,78070.98445710947,-11.984457109472714
78060.0,78058.30913605586,1.6908639441389823
78060.0,78059.13787843288,0.8621215671155369
78041.0,78059.15978755192,-18.15978755192191
78040.0,78040.70465905363,-0.7046590536338044
78033.0,78039.309960715,-6.309960715007037
78023.0,78032.37083277854,-9.370832778542535
78028.0,78021.96468014712,6.035319852875546
78033.0,78027.22784679488,5.772153205121867
78022.0,78032.31284612179,-10.312846121785697
78019.0,78021.45698095339,-2.456980953385937
78019.0,78017.97799271478,1.0220072852243902
78019.0,78018.17392386345,0.8260761365527287
78002.0,78018.1675734074,-16.16757340739423
78003.0,78001.53679671211,1.4632032878871541
78014.0,78002.24065887133,11.759341128665255
78022.0,78013.14702391464,8.852976085356204
78025.0,78021.15108363873,3.8489163612684933
78030.0,78024.0843662822,5.91563371779921
78031.0,78028.9465865525,2.0534134475019528
78028.0,78030.0199542588,-2.0199542587943142
78030.0,78027.13055584038,2.8694441596162505
78018.0,78029.0919146769,-11.09191467690107
78030.0,78017.54775476597,12.45224523403158
78037.0,78029.18981484188,7.810185158115928
78037.0,78036.13444754094,0.8655524590576533
78037.0,78036.09551332738,0.9044866726180771
78037.0,78036.10387764641,0.8961223535879981
78037.0,78036.05309333601,0.9469066639867378
78054.0,78036.12767081322,17.872329186779098
78070.0,78053.1245877656,16.875412234396208
78046.0,78069.16765933203,-23.16765933202987
78046.0,78045.53188537498,0.46811462502228096
78025.0,78045.05575358735,-20.05575358735223
78018.0,78024.53058887384,-6.5305888738366775
78008.0,78017.43559951041,-9.43559951041243
78009.0,78007.61279668224,1.3872033177613048
78006.0,78008.04527173453,-2.0452717345324345
77995.0,78005.37412859577,-10.374128595765796
77994.0,77994.36794425632,-0.36794425631524064
77980.0,77993.2322956368,-13.2322956368007
77980.0,77979.5675969385,0.43240306149527896
77974.0,77979.24461709827,-5.244617098273011
77964.0,77973.39641672318,-9.396416723175207
77965.0,77963.49210348593,1.5078965140710352
77937.0,77964.35124157139,-27.351241571392165
77981.0,77936.9074292715,44.09257072850596
77997.0,77979.94019658996,17.05980341004033
77974.0,77995.83023906423,-21.830239064234775
77979.0,77973.54668315707,5.453316842933418
77975.0,77977.96613977985,-2.966139779848163
77973.0,77974.01213247825,-1.0121324782521697
77974.0,77972.26223204569,1.7377679543133127
77986.0,77973.13829679583,12.861703204165678
78009.0,77985.09610012776,23.90389987223898
78003.0,78008.01747782678,-5.0174778267828515
78009.0,78002.03399447852,6.9660055214772
78008.0,78007.91441820242,0.08558179758256301
78016.0,78006.95081081952,9.049189180484973
78016.0,78014.91143760481,1.08856239519082
78015.0,78015.0182598331,-0.018259833101183176
78016.0,78014.07055179446,1.9294482055411208
78021.0,78014.913855615,6.086144385000807
77992.0,78019.94564063013,-27.945640630132402
77982.0,77991.82862659005,-9.828626590053318
77982.0,77981.43592803692,0.5640719630755484
77985.0,77981.22099278832,3.7790072116767988
77986.0,77984.32823695098,1.6717630490165902
77986.0,77985.20124361997,0.7987563800270436
78041.0,77985.09492164555,55.90507835445169
78061.0,78039.92654410352,21.073455896475934
78062.0,78059.78510108798,2.2148989120178157
78056.0,78060.51071182189,-4.510711821887526
78056.0,78055.5488191078,0.45118089219613466
78064.0,78054.57150030942,9.428499690577155
78060.0,78062.70847033203,-2.70847033202881
78060.0,78058.95400975512,1.0459902448783396
78060.0,78058.86324548617,1.1367545138346031
78061.0,78058.8526060532,2.14739394679782
78053.0,78059.90225731336,-6.902257313355221
78055.0,78052.09564425713,2.9043557428667555
78039.0,78053.9435610008,-14.943561000793125
78051.0,78038.34435498701,12.655645012986497
78048.0,78050.21086893092,-2.2108689309243346
78049.0,78047.12565314009,1.874346859913203
78049.0,78047.87132577092,1.128674229083117
78049.0,78047.84100856684,1.1589914331561886
78046.0,78047.77548792287,-1.775487922874163
78046.0,78044.89750173294,1.1024982670642203
78043.0,78044.84239721588,-1.8423972158780089
78042.0,78041.92718366989,0.07281633011007216
78042.0,78040.8864005328,1.1135994671931257
78042.0,78040.8624009743,1.1375990256929072
78037.0,78040.8494767409,-3.849476740899263
78037.0,78035.95266285138,1.0473371486150427
78028.0,78035.88290250697,-7.882902506971732
78028.0,78027.06418948095,0.9358105190476635
78029.0,78026.96231350955,2.0376864904537797
78029.0,78027.92242023228,1.077579767719726
78029.0,78027.94323280694,1.0567671930621145
78033.0,78027.92438242077,5.075617579233949
78033.0,78031.80863082512,1.1913691748777637
78033.0,78031.87013516053,1.1298648394731572
78029.0,78031.8833084447,-2.883308444696013
78008.0,78027.97101971971,-19.971019719712785
78028.0,78006.98289484526,21.017105154736782
78027.0,78027.05334690894,-0.05334690894233063
78008.0,78025.97657124775,-17.976571247752872
78024.0,78007.52141666514,16.47858333485783
78019.0,78023.04016419295,-4.040164192949305
78020.0,78017.992567514,2.007432486003381
78006.0,78019.00426543714,-13.004265437135473
78005.0,78005.36571160983,-0.3657116098329425
78004.0,78004.06812094807,-0.0681209480680991
78004.0,78003.14165523874,0.8583447612618329
78004.0,78003.0863031592,0.9136968407983659
77996.0,78003.10312789485,-7.103127894850331
77996.0,77995.24962501536,0.7503749846364371
78001.0,77995.07432065843,5.925679341569776
78001.0,78000.06540600413,0.9345939958730014
78007.0,78000.07513874982,6.924861250183312
78006.0,78006.03230171412,-0.03230171411996707
78009.0,78004.99965541808,4.000344581916579
78052.0,78007.98713430074,44.012865699260146
78082.0,78050.91676423461,31.083235765385325
78067.0,78080.64817327865,-13.648173278648756
78055.0,78065.92143571633,-10.921435716329142
78055.0,78053.974123669,1.025876330997562
78054.0,78053.78519061768,0.21480938231979962
78059.0,78052.99354585956,6.006454140442656
78078.0,78058.06739418975,19.93260581024515
78078.0,78076.91319133317,1.0868086668342585
78078.0,78076.84353582854,1.1564641714649042
78079.0,78076.9379821339,2.062017866104725
78103.0,78077.81883759012,25.181162409877288
78083.0,78101.90434232258,-18.904342322581215
78081.0,78082.34441747602,-1.3444174760224996
78081.0,78079.96760829547,1.0323917045316193
78080.0,78079.87125451928,0.1287454807170434
78074.0,78078.86357274801,-4.863572748014121
78071.0,78073.05473007799,-2.0547300779871875
78071.0,78070.0598040996,0.9401959004026139
78068.0,78069.91187381004,-1.9118738100369228
78067.0,78067.00199026254,-0.0019902625354006886
78068.0,78065.96292438626,2.037075613741763
78068.0,78066.88707719193,1.112922808068106
78071.0,78066.85785553839,4.142144461613498
78123.0,78069.85450012554,53.14549987445935
78130.0,78121.63234889701,8.367651102991658
78152.0,78128.47706396534,23.522936034656595
78156.0,78150.27523461648,5.724765383522026
78155.0,78154.27689539433,0.723104605669505
78156.0,78153.36250204658,2.637497953415732
78157.0,78153.93536148709,3.0646385129075497
78157.0,78155.58658738022,1.4134126197750447
78108.0,78155.69005968315,-47.690059683154686
78119.0,78107.90865876287,11.09134123713011
78119.0,78118.14299744694,0.8570025530643761
78109.0,78117.97136352675,-8.97136352675443
78103.0,78108.27506309541,-5.275063095410587
78102.0,78102.23726733268,-0.23726733267540112
78102.0,78100.93483197714,1.0651680228620535
78102.0,78100.94636287402,1.0536371259804582
78101.0,78100.8614578626,0.1385421373997815
78104.0,78099.834557457,4.1654425430024276
78103.0,78102.74060262908,0.2593973709153943
78102.0,78101.76009606243,0.23990393757412676
78102.0,78100.77386979901,1.2261302009865176
78073.0,78100.76412336841,-27.764123368411674
78073.0,78072.6022432595,0.3977567404945148
78077.0,78071.99013264143,5.009867358574411
78096.0,78075.9602086968,20.039791303206584
78103.0,78094.97084361668,8.029156383316149
78117.0,78101.87046691337,15.129533086626907
78140.0,78115.8133363646,24.186663635395234
78140.0,78138.6399904919,1.360009508105577
78125.0,78138.55617961126,-13.556179611259722
78125.0,78123.90259079108,1.0974092089163605
78128.0,78123.78206721763,4.2179327823687345
78139.0,78126.84432239641,12.15567760358681
78134.0,78137.78508579211,-3.7850857921148418
78135.0,78132.98105499886,2.0189450011384906
78128.0,78133.84864828052,-5.8486482805165
78126.0,78127.0298050303,-1.0298050302953925
78117.0,78125.01286096149,-8.012860961491242
78115.0,78116.29058028295,-1.2905802829482127
78103.0,78114.09928338528,-11.099283385279705
78090.0,78102.29148328837,-12.291483288368909
78088.0,78089.43997754509,-1.4399775450874586
78089.0,78087.18525864118,1.8147413588158088
78095.0,78088.04987559025,6.950124409748241
78084.0,78094.04736995656,-10.047369956562761
78084.0,78083.2971277514,0.7028722485993057
78084.0,78083.01688547205,0.9831145279458724
78038.0,78083.00058208562,-45.00058208561677
78031.0,78038.19256747628,-7.192567476275144
77998.0,78030.52421826812,-32.52421826812497
78001.0,77998.31056644191,2.6894335580873303
77996.0,78000.4681706034,-4.468170603402541
77996.0,77995.631835311,0.3681646890036063
78008.0,77995.57528497154,12.424715028464561
78008.0,78007.97063450985,0.02936549014702905
78007.0,78006.99556022316,0.004439776836079545
78018.0,78006.17784851044,11.822151489555836
78018.0,78017.18538484166,0.8146151583350729
78036.0,78017.00508307783,18.99491692216543
78035.0,78035.0483874597,-0.048387459697551094
78026.0,78034.0141427836,-8.014142783606076
78023.0,78025.24797023927,-2.2479702392738545
78023.0,78022.1547209925,0.8452790074952645
78024.0,78022.17819466678,1.8218053332238924
78004.0,78023.23341480107,-19.233414801070467
77987.0,78002.85324807643,-15.853248076426098
77985.0,77986.802448162,-1.802448161994107
77996.0,77984.44806655694,11.55193344305735
77996.0,77995.43897000335,0.561029996650177
77992.0,77995.35952301344,-3.3595230134378653
77992.0,77991.3567664641,0.6432335358986165
77992.0,77991.22282245664,0.7771775433648145
77993.0,77991.19606775466,1.8039322453405475
77997.0,77992.22380684431,4.776193155688816
78000.0,77996.17399167731,3.82600832269236
78000.0,77999.07030438191,0.9296956180915004
78000.0,77999.12367118213,0.8763288178743096
78000.0,77998.91014817334,1.0898518266621977
77983.0,77999.1212883369,-16.12128833690076
77978.0,77982.60471314972,-4.604713149718009
77971.0,77977.32830269018,-6.328302690177225
77936.0,77970.46842783462,-34.46842783462489
77793.0,77936.31799991416,-143.31799991415755
77852.0,77796.412662958,55.58733704200131
77839.0,77852.36950283729,-13.369502837289474
77845.0,77839.25413256387,5.745867436125991
77879.0,77844.94646512522,34.05353487477987
77876.0,77878.7392493741,-2.7392493741062935
77889.0,77875.63577870716,13.36422129283892
77881.0,77888.26379131198,-7.263791311983368
77859.0,77880.36576754382,-21.36576754381531
77846.0,77858.82438104588,-12.824381045880727
77860.0,77846.23977430971,13.760225690290099
77853.0,77860.05479545536,-7.054795455362182
77843.0,77852.53707395219,-9.53707395218953
77846.0,77842.83725139969,3.162748600312625
77851.0,77845.7055240468,5.294475953196525
77865.0,77850.34375273211,14.656247267892468
77836.0,77864.48419494655,-28.484194946548087
77813.0,77836.08049323711,-23.080493237110204
77851.0,77813.10146026986,37.898539730143966
77857.0,77850.54892369198,6.451076308017946
77859.0,77856.3085248109,2.691475189101766
77837.0,77858.33476655625,-21.334766556246905
77873.0,77836.8072350227,36.19276497729879
77910.0,77872.16356972145,37.836430278548505
77922.0,77908.84675125362,13.153248746384634
77924.0,77920.85851254273,3.1414874572656117
77935.0,77923.21229200171,11.78770799828635
77938.0,77933.77862505445,4.221374945554999
77932.0,77937.32836808504,-5.328368085043621
77947.0,77931.11002215285,15.889977847153204
77943.0,77946.23067814295,-3.2306781429506373
77923.0,77942.40834239897,-19.408342398965033
77892.0,77922.52599797474,-30.52599797473522
77905.0,77891.66439885445,13.335601145547116
77900.0,77904.29498385222,-4.294983852218138
77900.0,77899.37777356134,0.622226438659709
77914.0,77899.3140610871,14.685938912894926
77902.0,77913.40105310603,-11.401053106033942
77888.0,77901.19996816316,-13.199968163156882
77858.0,77887.40968309643,-29.409683096426306
77858.0,77857.88204632125,0.11795367875311058
77878.0,77857.4430620538,20.55693794619583
77884.0,77877.17602309467,6.823976905332529
77888.0,77883.0465815945,4.953418405493721
77904.0,77887.2247597158,16.775240284201573
77903.0,77902.76602352934,0.23397647065576166
77923.0,77901.71616912888,21.28383087112161
77972.0,77921.77727183703,50.22272816297482
77970.0,77970.67247510287,-0.6724751028668834
77961.0,77968.4676698357,-7.467669835707056
77942.0,77959.65381846312,-17.653818463120842
77956.0,77940.97116591813,15.02883408186608
77962.0,77954.88264449294,7.117355507056345
77983.0,77961.64127470535,21.35872529464541
77984.0,77982.04080024842,1.9591997515817638
77974.0,77983.47544587927,-9.475445879274048
77969.0,77972.88151154877,-3.8815115487668663
77983.0,77967.83956623639,15.160433763609035
78003.0,77981.73974829687,21.26025170313369
77987.0,78001.96685866664,-14.966858666637563
77967.0,77986.52495606939,-19.52495606939192
77957.0,77966.1263479275,-9.126347927493043
77960.0,77956.01555223693,3.9844477630686015
77961.0,77958.85317326173,2.1468267382733757
77948.0,77959.8802624051,-11.880262405102258
77961.0,77947.12916234482,13.870837655180367
77961.0,77959.8873192734,1.1126807265973184
77949.0,77959.74256648176,-10.742566481756512
77963.0,77948.10163607085,14.898363929154584
77965.0,77962.05472621956,2.9452737804385833
77965.0,77963.65683134827,1.3431686517287744
77965.0,77963.73390074378,1.2660992562159663
77965.0,77963.75053022584,1.2494697741640266
77984.0,77963.6861981118,20.31380188820185
77972.0,77982.81670139811,-10.816701398114674
77959.0,77970.95241737911,-11.952417379114195
77959.0,77958.13737143693,0.8626285630743951
77949.0,77957.87032776717,-8.870327767173876
77950.0,77948.07714408399,1.9228559160110308
77949.0,77949.01232638177,-0.012326381765888073
77907.0,77948.01621801103,-41.01621801103465
77907.0,77907.13993311864,-0.13993311864032876
77913.0,77906.22639671457,6.773603285429999
77959.0,77912.16426672426,46.83573327574413
77958.0,77958.04250108598,-0.042501085976255126
77958.0,77956.82898979109,1.1710102089127759
77958.0,77956.66251652548,1.3374834745191038
77956.0,77956.66428396417,-0.6642839641717728
77965.0,77954.73202413924,10.267975860755541
77968.0,77963.9598125535,4.040187446502387
77968.0,77966.83416055831,1.1658394416881492
77968.0,77966.8291229319,1.1708770680997986
77976.0,77966.82806741285,9.171932587152696
78037.0,77974.98346242079,62.016537579213036
78160.0,78035.8179608715,124.18203912850004
78126.0,78158.29854422536,-32.29854422535573
78114.0,78127.84935924927,-13.84935924927413
78083.0,78112.46663534861,-29.466635348609998
78088.0,78082.99422616193,5.005773838071036
78081.0,78086.46928280518,-5.4692828051774995
78087.0,78079.87416849563,7.125831504366943
78063.0,78086.02033785876,-23.020337858761195
78053.0,78062.4456126288,-9.445612628798699
78084.0,78052.09389582937,31.906104170629987
78076.0,78083.63096924049,-7.630969240490231
78047.0,78076.4141879377,-29.414187937698443
78043.0,78046.07139195874,-3.071391958743334
78085.0,78042.08569760394,42.91430239606416
78084.0,78083.83880525861,0.16119474139122758
78062.0,78082.49253089642,-20.4925308964157
78060.0,78061.08255299366,-1.082552993655554
78064.0,78058.88201983644,5.117980163558968
78075.0,78062.50281278927,12.497187210727134
78094.0,78074.34613227633,19.653867723667645
78109.0,78092.61675567317,16.383244326832937
78112.0,78107.50029584713,4.499704152869526
78105.0,78110.4636630522,-5.4636630521999905
78072.0,78103.79993281883,-31.79993281883071
78066.0,78071.43090187915,-5.43090187915368
78057.0,78064.91628963115,-7.9162896311463555
78035.0,78056.18581441407,-21.1858144140715
78037.0,78033.49191230258,3.508087697424344
78035.0,78036.10560617829,-1.1056061782874167
78036.0,78032.25812601474,3.7418739852582803
78150.0,78034.93861121527,115.06138878472848
78134.0,78148.74956228017,-14.749562280165264
78136.0,78133.35101205214,2.6489879478613148
78138.0,78134.87791638412,3.1220836158754537
78156.0,78136.29153698575,19.70846301424899
78161.0,78154.13333950243,6.866660497573321
78121.0,78159.50514444883,-38.50514444883447
78109.0,78121.22815233887,-12.228152338866494
78101.0,78107.98905252828,-6.9890525282826275
78108.0,78099.99132169255,8.008678307451191
78129.0,78106.87935867188,22.120641328117927
78129.0,78128.05580106757,0.9441989324259339
78124.0,78127.76929410014,-3.7692941001441795
78107.0,78122.92636892477,-15.926368924774579
78107.0,78106.2331036926,0.7668963073956547
78107.0,78106.24832809735,0.7516719026461942
78050.0,78105.88145484628,-55.881454846283305
78079.0,78050.48353766381,28.51646233619249
78115.0,78078.15204495954,36.847955040459055
78114.0,78114.56647254093,-0.5664725409296807
78114.0,78112.6990038135,1.3009961865027435
78114.0,78112.79397888406,1.2060211159405299
78104.0,78112.54363069042,-8.543630690415739
78104.0,78102.98345523018,1.0165447698236676
78105.0,78102.93833254301,2.061667456990108
78105.0,78103.9187523085,1.0812476915016305
78123.0,78103.88681951993,19.113180480067967
78121.0,78121.79172110624,-0.7917211062449496
78138.0,78119.831901254,18.168098745998577
78134.0,78136.7313516565,-2.7313516565045575
78113.0,78132.79731011347,-19.797310113470303
78103.0,78112.27468285778,-9.274682857780135
78099.0,78102.33186574529,-3.3318657452909974
78107.0,78098.13410471426,8.86589528573677
78030.0,78106.12662737725,-76.12662737724895
78036.0,78031.23379903984,4.766200960162678
78066.0,78035.42988753886,30.570112461136887
78077.0,78065.26007340333,11.739926596666919
78077.0,78076.29980872278,0.7001912772248033
78110.0,78076.10509344887,33.89490655112604
78109.0,78108.66277563975,0.33722436024982017
78108.0,78108.94155036577,-0.941550365765579
78082.0,78106.73585429274,-24.735854292739532
78060.0,78081.50096579606,-21.50096579606179
78046.0,78059.55127898205,-13.551278982049553
78068.0,78045.60976817041,22.39023182958772
78069.0,78067.35592421863,1.6440757813688833
78068.0,78068.16804341692,-0.16804341692477465
78069.0,78067.1013148568,1.898685143198236
78083.0,78067.89525564066,15.104744359341566
78080.0,78082.0203927691,-2.020392769103637
78068.0,78079.09760889034,-11.09760889034078
78069.0,78067.34897030817,1.6510296918277163
78069.0,78068.0538644772,0.9461355227977037
78065.0,78068.04834337141,-3.0483433714107377
78058.0,78063.79809854868,-5.798098548679263
78032.0,78057.21243266852,-25.21243266851525
78050.0,78031.36806139034,18.63193860965839
78052.0,78049.24799778612,2.7520022138778586
78032.0,78051.80055449913,-19.800554499131977
78057.0,78031.52275854387,25.477241456130287
78069.0,78056.20987624224,12.790123757760739
78063.0,78067.95145754688,-4.951457546878373
78067.0,78062.09460324,4.905396760004805
78067.0,78066.00671118297,0.9932888170296792
78066.0,78065.87556586282,0.12443413717846852
78050.0,78065.00603631303,-15.006036313032382
78051.0,78049.5116754164,1.4883245835953858
78051.0,78050.12262374259,0.8773762574128341
78066.0,78050.12470189788,15.875298102124361
78057.0,78064.98933308055,-7.989333080549841
78041.0,78057.25356341293,-16.253563412930816
78034.0,78040.47590894613,-6.475908946129493
78034.0,78033.33210448985,0.667895510152448
78066.0,78033.17199498214,32.82800501785823
78084.0,78064.98961839669,19.010381603307906
78060.0,78082.93889062747,-22.938890627468936
78050.0,78059.47947152873,-9.479471528728027
78047.0,78049.15005269037,-2.1500526903691934
78065.0,78045.93095232337,19.06904767663218
78071.0,78064.14966209276,6.850337907235371
78071.0,78070.05252514056,0.9474748594366247
78072.0,78069.95476780421,2.045232195785502
78039.0,78070.89172964297,-31.891729642971768
78039.0,78038.8377623853,0.16223761469882447
78045.0,78038.15198599515,6.848014004848665
78055.0,78044.07026459122,10.929735408775741
78059.0,78054.14414277671,4.8558572232868755
78055.0,78058.08085106919,-3.080851069185883
78057.0,78053.96849717216,3.031502827841905
78058.0,78055.88766749507,2.1123325049265986
78058.0,78056.87482277605,1.1251772239484126
78061.0,78056.95996961523,4.040030384770944
78061.0,78060.05313285295,0.9468671470531262
78061.0,78059.95609491771,1.0439050822897116
78056.0,78059.93693388371,-3.936933883713209
78057.0,78055.10156293071,1.898437069292413
78057.0,78055.94527849247,1.0547215075348504
78056.0,78055.96579765713,0.03420234286750201
78069.0,78055.04151470888,13.958485291121178
78067.0,78068.11150279033,-1.1115027903288137
78064.0,78066.03617969633,-2.036179696326144
78068.0,78062.96781223142,5.0321877685782965
78095.0,78066.89082251169,28.109177488309797
78103.0,78093.85127292434,9.148727075662464
78101.0,78101.8734897178,-0.873489717792836
78091.0,78099.87275165632,-8.87275165632309
78058.0,78090.01390374632,-32.013903746323194
78062.0,78057.49520832139,4.504791678613401
78067.0,78060.9083657277,6.091634272306692
78066.0,78066.05678483423,-0.05678483423253056
78066.0,78065.04789193475,0.952108065248467
78046.0,78065.05152872344,-19.05152872344479
78046.0,78045.43038654739,0.5696134526078822
78033.0,78045.06291877427,-12.062918774274294
77993.0,78032.42297515146,-39.422975151464925
78008.0,77992.151357047,15.848642953002127
78049.0,78007.39314435843,41.60685564157029
78055.0,78047.7476487012,7.252351298797294
78054.0,78053.8820635288,0.11793647120066453
78047.0,78052.90250583315,-5.902505833146279
78048.0,78045.82959386727,2.170406132732751
78055.0,78046.7446662836,8.255333716399036
78052.0,78053.9489821079,-1.9489821079041576
78054.0,78051.03666110165,2.9633388983493205
78044.0,78052.93583344495,-8.935833444949822
78038.0,78043.19768563754,-5.197685637540417
78029.0,78037.14928971458,-8.149289714579936
77986.0,78028.3174236825,-42.31742368249979
77957.0,77986.33759819448,-29.3375981944846
77929.0,77958.190039841,-29.190039841007092
77907.0,77925.48919893934,-18.489198939336347
77898.0,77907.3195050732,-9.31950507320289
77875.0,77898.83614740764,-23.836147407637327
77974.0,77875.29963935135,98.70036064865417
77976.0,77974.07830599214,1.9216940078622429
78002.0,77976.00188992293,25.998110077067395
78020.0,78000.53499465589,19.465005344114616
78015.0,78018.77372782797,-3.7737278279673774
78016.0,78013.50192169385,2.498078306147363
78025.0,78014.90133850291,10.098661497089779
78024.0,78023.82587043295,0.1741295670508407
78030.0,78022.90594187472,7.094058125279844
78030.0,78029.22155452512,0.7784454748762073
78037.0,78028.98229256194,8.017707438062644
78040.0,78036.2175610032,3.78243899680092
78045.0,78039.00850626946,5.99149373054388
78042.0,78044.44238191853,-2.4423819185321918
78045.0,78041.17681575225,3.823184247754398
78036.0,78044.54897927947,-8.548979279468767
78036.0,78035.25477760097,0.7452223990258062
78047.0,78035.08033156808,11.919668431917671
78037.0,78046.01477951885,-9.014779518853175
78035.0,78036.22157767016,-1.2215776701632421
78011.0,78034.06333387528,-23.063333875281387
78032.0,78010.39880517928,21.601194820716046
78032.0,78030.67364630647,1.326353693526471
78034.0,78031.01822283395,2.9817771660455037
78065.0,78032.96274579843,32.03725420156843
78041.0,78063.89492263258,-22.894922632578528
78012.0,78040.2987656291,-28.298765629093396
78008.0,78011.63269384361,-3.6326938436104683
77995.0,78007.15969231918,-12.159692319182795
77989.0,77994.44862822516,-5.448628225160064
77998.0,77988.73100358184,9.268996418162715
77999.0,77997.32937917992,1.6706208200776018
78000.0,77997.68758760876,2.3124123912421055
78004.0,77998.9831985768,5.016801423204015
77999.0,78004.41636756148,-5.416367561483639
77998.0,77997.99186916566,0.008130834336043335
78019.0,77997.01412637513,21.9858736248716
78026.0,78017.94938635806,8.050613641942618
78036.0,78024.81401693512,11.185983064875472
78030.0,78034.7825534617,-4.782553461700445
78044.0,78028.78493793572,15.215062064278754
78042.0,78042.69708177791,-0.6970817779074423
78029.0,78040.8451245713,-11.845124571293127
78029.0,78027.84721973535,1.1527802646451164
78063.0,78027.98623204004,35.01376795995748
78044.0,78061.87413505379,-17.87413505378936
78057.0,78043.70703068972,13.29296931027784
78064.0,78055.95957403301,8.04042596698855
78053.0,78062.8113617492,-9.811361749205389
78047.0,78051.943450666,-4.943450666003628
78046.0,78046.07766807923,-0.07766807923326269
78033.0,78044.92404571916,-11.924045719162677
78034.0,78032.18879295875,1.8112070412462344
78055.0,78032.99513579748,22.004864202521276
78050.0,78053.85544432518,-3.855444325177814
78041.0,78048.95314419203,-7.95314419202623
78055.0,78040.0553011263,14.9446988737036
78050.0,78053.88938819202,-3.889388192023034
78040.0,78048.91280956994,-8.9128095699416
78049.0,78039.19669917981,9.803300820189179
78034.0,78047.87169012407,-13.871690124069573
78027.0,78033.35742562661,-6.357425626614713
78083.0,78026.15713812475,56.8428618752514
78099.0,78081.14569010625,17.854309893751633
78107.0,78097.96477896356,9.035221036436269
78101.0,78105.79470202039,-4.794702020386467
78067.0,78099.69218251656,-32.69218251656275
78043.0,78066.48415848204,-23.484158482038765
78087.0,78043.55063848084,43.44936151916045
78104.0,78090.47589267796,13.524107322038617
78123.0,78104.34675748306,18.653242516942555
78147.0,78126.71338838317,20.28661161682976
78161.0,78144.21413007949,16.785869920509867
78332.0,78159.08350599794,172.91649400205642
78250.0,78330.93252416352,-80.93252416352334
78240.0,78252.86400239202,-12.864002392016118
78216.0,78239.96408874926,-23.964088749256916
78257.0,78214.67087142124,42.329128578756354
78223.0,78255.12076638424,-32.12076638423605
78260.0,78223.71461272231,36.28538727769046
78245.0,78258.4994623391,-13.499462339095771
78240.0,78244.12985552198,-4.1298555219837
78206.0,78238.56978555612,-32.569785556115676
78203.0,78205.58085401318,-2.5808540131838527
78203.0,78201.82454053812,1.1754594618832925
78201.0,78201.88135455696,-0.8813545569573762
78201.0,78199.9277137359,1.0722862640977837
78220.0,78199.19464617709,20.805353822914185
78199.0,78218.52354805259,-19.523548052588012
78180.0,78197.9185630538,-17.918563053797698
78167.0,78179.04879469775,-12.048794697751873
78170.0,78165.89607849027,4.103921509726206
78171.0,78168.78059036123,2.2194096387684112
78174.0,78169.74177755411,4.25822244588926
78190.0,78172.71801834965,17.281981650347007
78194.0,78188.31925505213,5.680744947865605
78185.0,78193.19038756508,-8.19038756507507
78181.0,78183.68124623754,-2.6812462375382893
78203.0,78179.78776704587,23.21223295413074
78239.0,78201.36388104677,37.63611895323265
78230.0,78237.51006802947,-7.510068029470858
78218.0,78228.60496558963,-10.604965589634958
78250.0,78216.72283725083,33.27716274917475
78250.0,78247.98144823527,2.0185517647332745
78282.0,78248.41640517251,33.58359482749074
78269.0,78280.56957556334,-11.569575563335093
78264.0,78267.27426783634,-3.274267836342915
78256.0,78262.60417547797,-6.604175477972603
78257.0,78254.55050267355,2.4494973264518194
78274.0,78255.67928477767,18.320715222333092
78279.0,78272.79780357517,6.20219642482698
78306.0,78278.72947717774,27.270522822262137
78293.0,78304.54194703512,-11.541947035118937
78288.0,78292.00189316143,-4.0018931614322355
78287.0,78286.63194823074,0.36805176925554406
78307.0,78285.59894892598,21.40105107401905
78283.0,78305.66331336209,-22.663313362092595
78259.0,78282.42493965429,-23.4249396542873
78256.0,78258.31324799951,-2.313247999511077
78261.0,78254.9223514355,6.077648564503761
78228.0,78259.98236203978,-31.982362039780128
78234.0,78227.43273286245,6.567267137550516
78238.0,78232.98770418872,5.012295811276999
78259.0,78237.24448088366,21.75551911634102
78266.0,78257.71876087261,8.281239127391018
78301.0,78264.30686689803,36.69313310197322
78366.0,78299.5501858963,66.44981410370383
78345.0,78365.39872525104,-20.39872525104147
78415.0,78342.6065193909,72.39348060909833
78421.0,78413.21594396513,7.784056034870446
78411.0,78417.62415460986,-6.624154609860852
78518.0,78409.84301095369,108.15698904631427
78486.0,78516.35028114107,-30.350281141072628
78503.0,78485.2887750944,17.711224905593554
78426.0,78500.88357022936,-74.88357022935816
78412.0,78425.26529591807,-13.265295918070478
78385.0,78408.23002980811,-23.230029808109975
78420.0,78385.2635438139,34.73645618610317
78377.0,78419.15435036953,-42.1543503695284
78331.0,78375.39856251376,-44.3985625137575
78249.0,78331.94767540674,-82.94767540674366
78075.0,78250.34893389948,-175.3489338994841
78196.0,78080.5137697629,115.48623023710388
78181.0,78196.87729103424,-15.877291034237714
78191.0,78182.48010934479,8.519890655210475
78219.0,78190.47947134239,28.520528657609248
78227.0,78218.00711399327,8.99288600673026
78197.0,78225.24093202429,-28.24093202428776
78146.0,78197.4377545348,-51.43775453479611
78136.0,78145.96164267161,-9.961642671609297
78160.0,78135.53460331362,24.465396686384338
78160.0,78158.7103824894,1.2896175105997827
78225.0,78155.05429858292,69.94570141707663
78174.0,78224.25615670261,-50.256156702613225
78121.0,78173.96273626755,-52.96273626755283
78120.0,78121.39747078453,-1.3974707845336525
78158.0,78119.41853417731,38.58146582268819
78160.0,78157.73424830814,2.2657516918552574
78210.0,78159.61392415996,50.386075840040576
78204.0,78209.00913811834,-5.009138118344708
78205.0,78202.81247879293,2.187521207073587
78206.0,78203.78170813242,2.218291867582593
78225.0,78205.00276969126,19.997230308741564
78213.0,78224.0045955149,-11.00459551489621
78217.0,78212.08797486803,4.912025131969131
78247.0,78216.34937841211,30.650621587890782
78272.0,78246.13494623211,25.865053767891368
78267.0,78272.97598726809,-5.97598726808792
78277.0,78265.96647357651,11.033526423489093
78281.0,78275.88555211961,5.114447880390799
78284.0,78279.93343614216,4.0665638578357175
78308.0,78283.01645680823,24.983543191774515
78287.0,78307.0005325553,-20.000532555306563
78252.0,78286.48433223556,-34.48433223555912
78253.0,78251.95012759141,1.0498724085919093
78252.0,78252.22295528122,-0.2229552812204929
78259.0,78251.23212378041,7.767876219586469
78237.0,78258.68809290213,-21.68809290212812
78227.0,78238.01126149579,-11.011261495790677
78238.0,78226.38544435533,11.614555644671782
78255.0,78237.1864886584,17.8135113416065
78273.0,78254.06929158767,18.930708412328386
78262.0,78271.94665324199,-9.946653241990134
78264.0,78261.03333640675,2.966663593251724
78264.0,78263.26424056334,0.7357594366621925
78276.0,78262.82848014924,13.171519850759069
78265.0,78274.84887018678,-9.848870186775457
78265.0,78264.12765525635,0.8723447436495917
78276.0,78263.894955726,12.105044273994281
78237.0,78274.93290921608,-37.93290921607695
78211.0,78236.94494396837,-25.944943968366715
78229.0,78210.91513227689,18.08486772311153
78230.0,78228.70325621053,1.296743789469474
78215.0,78229.11810193562,-14.118101935615414
78194.0,78214.6067188387,-20.606718838695087
78194.0,78192.398461626,1.601538374001393
78181.0,78193.08293301563,-12.082933015626622
78195.0,78180.33448608355,14.665513916450436
78212.0,78194.16441809313,17.835581906867446
78213.0,78210.986194317,2.0138056830037385
78225.0,78211.8107647137,13.189235286306939
78236.0,78223.77047361857,12.229526381430333
78254.0,78234.65229885305,19.347701146951295
78250.0,78252.65328714697,-2.6532871469680686
78258.0,78248.18990933741,9.810090662591392
78258.0,78256.74620222997,1.253797770026722
78293.0,78256.77281401632,36.22718598367646
78318.0,78291.75298104709,26.247018952912185
78312.0,78316.61510775749,-4.6151077574904775
78300.0,78311.98601685835,-11.98601685835456
78378.0,78298.9472933519,79.05270664810087
78364.0,78378.16731297222,-14.167312972218497
78356.0,78364.41922496866,-8.419224968660274
78316.0,78355.34856601415,-39.348566014145035
78299.0,78315.45031826642,-16.450318266419345
78297.0,78298.30890340082,-1.3089034008153249
78286.0,78296.26506779532,-10.265067795320647
78282.0,78285.39683308276,-3.396833082762896
78287.0,78281.22777930723,5.772220692771953
78287.0,78285.85128679326,1.1487132067413768
78317.0,78285.88698624674,31.11301375326002
78317.0,78315.74027790583,1.2597220941679552
78359.0,78315.91044001188,43.08955998811871
78373.0,78357.53815153008,15.461848469916731
78327.0,78371.34498575891,-44.344985758914845
78296.0,78326.5765735693,-30.57657356929849
78310.0,78295.48317247962,14.516827520375955
78311.0,78308.88162963478,2.1183703652204713
78311.0,78309.89971091131,1.1002890886884416
78311.0,78310.0455373011,0.9544626988936216
78294.0,78309.90902002425,-15.909020024249912
78262.0,78293.25211220515,-31.252112205154845
78264.0,78261.8320904064,2.1679095935978694
78264.0,78263.22318366848,0.7768163315195125
78236.0,78263.13713503747,-27.137135037468397
78228.0,78235.84812076649,-7.848120766488137
78238.0,78227.5115189877,10.488481012303964
78241.0,78237.21101907441,3.7889809255866567
78250.0,78239.98825299217,10.011747007825761
78254.0,78249.06444588244,4.935554117560969
78295.0,78251.8829914475,43.117008552493644
78286.0,78293.78275711271,-7.782757112712716
78303.0,78284.85386617552,18.146133824484423
78301.0,78301.63349600197,-0.633496001973981
78302.0,78299.73221306685,2.26778693315282
78295.0,78300.61911172,-5.619111720006913
78291.0,78295.5170454484,-4.517045448403223
78291.0,78289.98109759795,1.018902402051026
78302.0,78289.9868314894,12.013168510602554
78295.0,78300.94341139152,-5.943411391519476
78272.0,78294.45281489984,-22.452814899836085
78272.0,78271.61411445992,0.385885540075833
78287.0,78270.78087977233,16.219120227673557
78289.0,78286.08918522896,2.9108147710358026
78286.0,78288.04523611382,-2.0452361138159176
78270.0,78285.08989924625,-15.089899246246205
78273.0,78269.08910048284,3.9108995171554852
78273.0,78271.99566765116,1.0043323488353053
78275.0,78272.01187785719,2.988122142807697
78282.0,78274.11271661893,7.887283381074667
78290.0,78280.99493875637,9.005061243631644
78284.0,78288.89866725141,-4.898667251414736
78286.0,78283.43362615077,2.5663738492294215
78297.0,78284.9401867881,12.059813211904839
78242.0,78295.72624762054,-53.726247620536014
78213.0,78242.43227262895,-29.432272628953797
78210.0,78213.005142131,-3.005142131005414
78150.0,78209.51547812772,-59.51547812772333
78121.0,78151.14803266089,-30.14803266088711
78033.0,78123.65708038816,-90.65708038816229
78056.0,78034.312055063,21.687944937002612
78095.0,78050.89384743047,44.106152569525875
78060.0,78098.34380806152,-38.34380806151603
78025.0,78060.6201187874,-35.62011878739577
78042.0,78024.6695756812,17.330424318803125
78063.0,78041.38227931973,21.617720680267666
78051.0,78064.32203849056,-13.322038490558043
78051.0,78050.75273268593,0.24726731407281477
78028.0,78050.4040541772,-22.404054177197395
77998.0,78027.85620232373,-29.85620232373185
78012.0,77998.27958407182,13.720415928182774
77974.0,78011.75965064102,-37.75965064101911
77939.0,77974.52573812629,-35.52573812629271
77955.0,77937.78032753867,17.219672461331356
78017.0,77954.79667234352,62.203327656476176
77975.0,78016.75091513706,-41.750915137061384
78002.0,77975.70163402261,26.29836597738904
77969.0,78001.59449826075,-32.59449826074706
77970.0,77969.12330593898,0.8766940610221354
77926.0,77969.78909008081,-43.78909008081246
78578.0,77927.53031759223,650.4696824077691
78400.0,78573.62688999351,-173.6268899935094
78548.0,78434.57158386771,113.42841613228666
78466.0,78564.84995390075,-98.84995390074619
78389.0,78469.34641046921,-80.34641046921024
78433.0,78387.85554797568,45.14445202432398
78471.0,78432.8783941744,38.12160582559591
78581.0,78473.99612064079,107.00387935921026
78519.0,78578.67107114784,-59.67107114783721
78412.0,78518.75016847179,-106.75016847178631
78424.0,78414.88075521853,9.119244781468296
78506.0,78421.59749995246,84.40250004753761
78476.0,78504.19792294315,-28.197922943145386
78505.0,78477.31410721313,27.68589278687432
78573.0,78502.71840913422,70.28159086577944
78551.0,78572.37806306522,-21.378063065218157
78516.0,78550.64984882767,-34.64984882767021
78523.0,78514.6247698645,8.375230135497986
78559.0,78522.54047462299,36.45952537700941
78564.0,78556.79520727652,7.20479272348166
78595.0,78562.54454243393,32.455457566073164
78734.0,78593.26681709342,140.73318290658062
78767.0,78743.0604274195,23.939572580493405
78697.0,78762.11572241694,-65.11572241694375
78711.0,78694.73646246266,16.26353753733565
78772.0,78709.44221965865,62.5577803413471
78752.0,78770.11369778399,-18.113697783992393
78740.0,78751.79456966228,-11.794569662277354
78769.0,78739.6662107973,29.333789202704793
78685.0,78768.62822056896,-83.62822056896403
78712.0,78685.22286974188,26.77713025812409
78686.0,78711.98528422072,-25.985284220718313
78691.0,78683.95003950404,7.049960495962296
78708.0,78688.98568166992,19.01431833008246
78566.0,78706.10635939726,-140.1063593972649
78566.0,78567.6730699194,-1.673069919401314
78466.0,78563.31631201353,-97.31631201352866
78495.0,78467.14548763882,27.85451236118388
78392.0,78492.31779144553,-100.31779144553002
78251.0,78393.49189742142,-142.49189742142335
78080.0,78253.51445299112,-173.51445299111947
78160.0,78079.10344803947,80.89655196052627
78192.0,78157.55480524251,34.4451947574853
78204.0,78190.47437725503,13.52562274497177
78213.0,78203.55626173793,9.4437382620672
78195.0,78211.5459385439,-16.545938543902594
78196.0,78193.7693343999,2.230665600101929
78244.0,78194.35173020723,49.648269792771316
78228.0,78242.86171902156,-14.86171902155911
78287.0,78227.44850137684,59.551498623157386
78305.0,78285.68495213872,19.31504786128062
78365.0,78303.28707485182,61.71292514818197
78380.0,78364.41302155942,15.586978440580424
78381.0,78380.79276071589,0.20723928410734516
78381.0,78377.48352765548,3.5164723445195705
78423.0,78379.49653536666,43.50346463333699
78388.0,78425.18456365276,-37.18456365275779
78373.0,78388.2713640823,-15.271364082305809
78390.0,78371.04233135753,18.957668642469798
78352.0,78390.24539680207,-38.2453968020709
78381.0,78352.52204029499,28.47795970500738
78336.0,78380.95020866106,-44.95020866105915
78365.0,78336.16862188476,28.831378115239204
78376.0,78364.38149918006,11.618500819939072
78386.0,78375.83780056058,10.162199439422693
78347.0,78385.32595867166,-38.325958671659464
78290.0,78347.51025482568,-57.51025482568366
78335.0,78290.66705028174,44.332949718256714
78325.0,78334.7965042637,-9.79650426369335
78382.0,78325.59782170922,56.402178290780284
78341.0,78383.5733165752,-42.573316575202625
78342.0,78341.00364010863,0.9963598913745955
78384.0,78340.79767942148,43.20232057852263
78377.0,78383.23928198585,-6.239281985850539
78337.0,78376.15138382881,-39.15138382880832
78313.0,78337.4411610495,-24.441161049500806
78351.0,78312.41841715266,38.58158284734236
78367.0,78349.97204720175,17.027952798249316
78406.0,78366.37083159418,39.62916840582329
78381.0,78404.31556125646,-23.31556125645875
78379.0,78380.60237810577,-1.6023781057738233
78378.0,78378.09987343755,-0.0998734375461936
78369.0,78376.56661229502,-7.5666122950206045
78322.0,78368.66048135312,-46.660481353115756
78315.0,78322.65793434028,-7.657934340284555
78307.0,78315.35753665074,-8.357536650742986
78353.0,78306.96917478126,46.030825218738755
78387.0,78352.1704997928,34.82950020719727
78420.0,78387.46902478838,32.53097521161544
78409.0,78418.43635280506,-9.436352805059869
78422.0,78410.61862613459,11.38137386541348
78411.0,78420.24352274896,-9.243522748962278
78445.0,78413.84384989871,31.156150101291132
78355.0,78442.98606228906,-87.98606228905555
78340.0,78356.01327092768,-16.013270927680423
78173.0,78340.01058576931,-167.01058576931246
78071.0,78177.00985234485,-106.00985234485415
78295.0,78074.1991891583,220.80081084169797
78410.0,78295.45651169545,114.54348830455274
78427.0,78409.26860438533,17.731395614668145
78376.0,78424.78766524678,-48.787665246782126
78326.0,78375.20390906117,-49.20390906116518
78353.0,78324.99878965005,28.001210349946632
78351.0,78350.8565474235,0.14345257650711574
78440.0,78350.05673131143,89.94326868857024
78457.0,78440.22123558504,16.778764414964826
78493.0,78458.616197222,34.383802778000245
78624.0,78491.89199751592,132.1080024840776
78570.0,78620.66842434437,-50.668424344374216
78557.0,78569.54314007939,-12.543140079389559
78619.0,78555.4816238524,63.51837614759279
78644.0,78617.83318068071,26.16681931928906
78650.0,78642.96698927454,7.033010725455824
78633.0,78649.1757909631,-16.175790963097825
78698.0,78631.13851764757,66.86148235242581
78777.0,78696.30284062722,80.69715937277942
78722.0,78787.23525085005,-65.23525085004803
78759.0,78719.69119720568,39.30880279431585
78776.0,78758.6954774586,17.304522541395272
78703.0,78777.13829624745,-74.1382962474454
78688.0,78702.58152424065,-14.58152424065338
78659.0,78689.44056855272,-30.440568552716286
78675.0,78657.98563910085,17.014360899149324
78643.0,78671.5223203466,-28.52232034660119
78643.0,78642.16308323015,0.8369167698547244
78660.0,78641.58705744261,18.412942557391943
78796.0,78658.40655049284,137.59344950715604
78778.0,78793.87551370455,-15.87551370455185
78847.0,78775.7049113068,71.29508869319397
78865.0,78848.18699255059,16.81300744941109
78823.0,78862.64643487993,-39.64643487993453
78810.0,78820.95299636015,-10.95299636015261
78792.0,78811.67953609306,-19.679536093055503
78824.0,78791.11336577547,32.88663422453101
78776.0,78818.78762380233,-42.78762380233093
78751.0,78775.25142491447,-24.25142491447332
78660.0,78749.97864140649,-89.97864140648744
78637.0,78661.18265536151,-24.182655361510115
78629.0,78635.9334734136,-6.933473413606407
78642.0,78631.31230736067,10.687692639330635
78589.0,78640.72170157335,-51.72170157334767
78589.0,78588.97439167228,0.02560832771996502
78594.0,78586.23632882303,7.76367117697373
78628.0,78591.87685125509,36.123148744911305
78614.0,78627.02763264539,-13.02763264538953
78618.0,78612.77128764767,5.22871235232742
78643.0,78614.62591386003,28.37408613997104
78631.0,78642.56287340162,-11.562873401620891
78567.0,78628.7003977039,-61.70039770389849
78567.0,78567.26992013612,-0.26992013612471055
78581.0,78566.97983856579,14.020161434207694
78468.0,78580.06566819889,-112.06566819889122
78516.0,78467.42947891455,48.57052108545031
78479.0,78516.36627831467,-37.366278314671945
78498.0,78479.37526905745,18.62473094255256
78505.0,78497.8074034661,7.19259653390327
78453.0,78504.66907209154,-51.66907209153578
78463.0,78452.00037210595,10.999627894052537
78468.0,78463.16835889607,4.831641103926813
78458.0,78467.99175997685,-9.991759976852336
78518.0,78457.76861345391,60.2313865460892
78510.0,78518.02134494518,-8.021344945183955
78542.0,78508.53545006622,33.46454993377847
78606.0,78540.63228152323,65.367718476773
78649.0,78604.89445980013,44.10554019987467
78661.0,78647.1240183911,13.875981608900474
78787.0,78659.45756512614,127.54243487385975
78806.0,78785.01552781952,20.984472180483863
78810.0,78807.03387652137,2.966123478632653
78825.0,78808.17633671185,16.823663288145326
78822.0,78823.97291326402,-1.9729132640204625
78859.0,78819.16830270558,39.83169729441579
78862.0,78857.15438024982,4.845619750180049
78905.0,78861.27959851758,43.72040148242377
78889.0,78904.14874935991,-15.148749359912472
78839.0,78888.07787784,-49.07787783999811
78802.0,78838.78532127451,-36.78532127451035
78824.0,78801.75745327996,22.242546720037353
78877.0,78822.9418996916,54.05810030839348
78941.0,78876.38639505584,64.61360494415567
78978.0,78938.81116181312,39.18883818687755
79277.0,78978.62833952434,298.3716604756628
79263.0,79277.03972534371,-14.039725343711325
79264.0,79258.08030258743,5.919697412566165
79253.0,79264.16194123663,-11.161941236627172
79270.0,79258.51317191873,11.48682808126614
79411.0,79264.79835594779,146.20164405221294
79450.0,79409.03966872543,40.960331274574855
79435.0,79449.84667388862,-14.84667388861999
79407.0,79436.42503433881,-29.42503433881211
79384.0,79399.81882971055,-15.818829710551654
79383.0,79383.58707610435,-0.5870761043479433
79403.0,79381.61933639593,21.380663604068104
79303.0,79401.81625578273,-98.81625578273088
79194.0,79304.26893240378,-110.26893240377831
79160.0,79194.34121105274,-34.34121105274244
79185.0,79161.88422745245,23.115772547549568
79224.0,79182.39261319341,41.607386806586874
79195.0,79222.23954555127,-27.239545551274205
79151.0,79194.80896667967,-43.808966679673176
79144.0,79149.86865086592,-5.868650865915697
79063.0,79142.28613580742,-79.28613580741512
79024.0,79063.01413759733,-39.01413759733259
79006.0,79024.58084429185,-18.580844291849644
79014.0,79005.18133698803,8.818663011974422
79033.0,79015.21070714407,17.789292855930398
79043.0,79032.85538176456,10.144618235441158
79039.0,79042.08624745332,-3.0862474533205386
79055.0,79036.90381685286,18.09618314713589
79072.0,79050.24715416378,21.75284583622124
79043.0,79070.69856493063,-27.6985649306298
78987.0,79040.41611506577,-53.41611506577465
78972.0,78986.68080384424,-14.680803844239563
78826.0,78971.7223342541,-145.7223342540965
78888.0,78831.27503092533,56.72496907466848
78935.0,78884.6485965626,50.351403437394765
78927.0,78933.65444068571,-6.65444068571378
78952.0,78928.35438427821,23.64561572179082
78992.0,78951.42251937959,40.57748062041355
78866.0,78992.27433861581,-126.27433861581085
78879.0,78868.15225435758,10.847745642415248
78907.0,78879.44838742635,27.551612573646707
78909.0,78905.31896604638,3.6810339536168613
78933.0,78908.44330728863,24.55669271136867
79011.0,78932.57338866776,78.42661133223737
79080.0,79010.06619698725,69.93380301275465
79136.0,79083.75615044707,52.24384955293499
79122.0,79136.9921385589,-14.99213855889684
79077.0,79120.91125985491,-43.911259854910895
79025.0,79077.45323366189,-52.45323366188677
79073.0,79025.39805565703,47.601944342968636
79138.0,79072.85324395174,65.14675604825607
79128.0,79138.58460889303,-10.584608893026598
79367.0,79127.24656062515,239.75343937485013
79331.0,79365.03403657718,-34.03403657718445
79344.0,79329.96035150364,14.039648496356676
79293.0,79343.83405649892,-50.83405649891938
79216.0,79291.26791643583,-75.26791643582692
79215.0,79216.57712907957,-1.577129079567385
79220.0,79215.35836873588,4.641631264123134
79235.0,79219.68578516919,15.31421483081067
79204.0,79232.98689188501,-28.986891885011573
79206.0,79204.10808477769,1.8919152223097626
79117.0,79204.46209861561,-87.46209861560783
79266.0,79118.55167091599,147.4483290840144
79301.0,79265.95936837024,35.040631629759446
79242.0,79297.8475413138,-55.847541313793045
79225.0,79243.17139847785,-18.171398477847106
79204.0,79225.86269530519,-21.862695305186207
79209.0,79202.505851031,6.494148968995432
79205.0,79207.68793628398,-2.687936283982708
79178.0,79201.76444282109,-23.764442821091507
79186.0,79177.70938944441,8.2906105555885
79162.0,79182.82296601975,-20.82296601975395
79142.0,79163.06869850289,-21.068698502887855
79149.0,79141.51272319649,7.487276803512941
79137.0,79147.35886029225,-10.358860292253667
79106.0,79136.25224506533,-30.252245065334137
79126.0,79105.85779105138,20.142208948615007
79161.0,79125.17788344454,35.82211655545689
79219.0,79159.82787133468,59.17212866531918
79211.0,79218.05344168525,-7.053441685246071
79230.0,79209.33349709676,20.66650290324469
79230.0,79228.23877308605,1.7612269139499404
79251.0,79227.20491915548,23.795080844516633
79205.0,79250.35875722319,-45.35875722319179
79170.0,79204.7466726385,-34.74667263850279
79155.0,79169.67233203255,-14.67233203255455
79145.0,79154.45879243751,-9.458792437508237
79148.0,79143.60301646883,4.3969835311727365
79122.0,79147.30750638717,-25.30750638716563
79098.0,79121.88648617573,-23.88648617573199
79089.0,79097.4897567291,-8.489756729104556
79072.0,79089.48778958997,-17.487789589969907
79075.0,79070.93097275983,4.069027240169817
79120.0,79073.33599586139,46.664004138612654
79180.0,79118.99578190892,61.00421809108229
79270.0,79178.39498218408,91.60501781592029
79220.0,79267.88049561267,-47.88049561266962
79175.0,79219.46624826825,-44.466248268247
79083.0,79172.60795550792,-89.60795550791954
79095.0,79083.3403260737,11.659673926304094
79062.0,79093.30668034134,-31.306680341338506
79103.0,79062.85459864889,40.145401351110195
79124.0,79104.27032122004,19.729678779956885
79090.0,79123.98019136343,-33.980191363429185
79088.0,79089.99957476715,-1.99957476714917
79094.0,79087.41812089137,6.581879108634894
79066.0,79093.32768830906,-27.32768830905843
79068.0,79066.19627913547,1.8037208645255305
79097.0,79067.92532371604,29.07467628395534
79107.0,79096.31040426322,10.689595736781484
79130.0,79106.07316771644,23.926832283555996
79104.0,79130.40654442237,-26.406544422367006
79115.0,79103.49943483328,11.500565166716115
79119.0,79114.84058738452,4.159412615481415
79105.0,79117.61862259105,-12.618622591049643
79126.0,79104.44431606593,21.555683934071567
79210.0,79125.38233979652,84.61766020348296
79198.0,79208.86355172156,-10.863551721558906
79218.0,79196.20187993468,21.798120065315743
79203.0,79217.39364912185,-14.393649121848284
79194.0,79201.5641512461,-7.564151246100664
79174.0,79191.87961548877,-17.87961548876774
79171.0,79174.07535699589,-3.0753569958906155
79166.0,79170.31755588968,-4.317555889676441
79149.0,79165.39450046768,-16.39450046767888
79117.0,79145.80034101628,-28.800341016278253
79139.0,79116.6613211761,22.33867882390041
79189.0,79137.46354981478,51.53645018521638
79167.0,79188.17564992615,-21.17564992615371
79160.0,79166.74579197592,-6.7457919759181095
79190.0,79159.18840224834,30.811597751657246
79162.0,79188.73734886602,-26.73734886602324
79198.0,79161.36461985024,36.63538014976075
79219.0,79197.38666473198,21.613335268019
79245.0,79217.62648913822,27.37351086178387
79222.0,79243.41799413957,-21.41799413957051
79254.0,79221.13942288209,32.860577117913635
79246.0,79252.65110778698,-6.651107786979992
79236.0,79244.1053436535,-8.105343653500313
79208.0,79236.87683150677,-28.87683150677185
79216.0,79207.55419008948,8.445809910524986
79246.0,79215.67633387663,30.32366612336773
79207.0,79247.34268794485,-40.342687944852514
79261.0,79205.97582765664,55.02417234335735
79256.0,79259.88402297681,-3.884022976810229
79254.0,79254.58998532114,-0.5899853211449226
79230.0,79255.259650773,-25.259650773004978
79246.0,79229.53447757142,16.465522428581608
79261.0,79245.56753807407,15.432461925927782
79243.0,79259.14936620137,-16.14936620136723
79281.0,79242.42114415839,38.578855841609766
79275.0,79279.84247017352,-4.842470173520269
79266.0,79273.64594854668,-7.645948546676664
79266.0,79264.79468595462,1.2053140453790547
79331.0,79264.6984657366,66.30153426340257
79303.0,79329.59604781463,-26.596047814629856
79251.0,79303.08399134658,-52.0839913465752
79262.0,79251.01250075296,10.98749924704316
79271.0,79260.78448030863,10.215519691366353
79262.0,79269.58219959136,-7.582199591357494
79265.0,79260.86055655882,4.139443441177718
79228.0,79260.6741296793,-32.674129679304315
79223.0,79227.62784955649,-4.627849556491128
79226.0,79222.581183428,3.418816571997013
79221.0,79224.96456733812,-3.964567338116467
79236.0,79220.17191788704,15.828082112959237
79246.0,79234.95517448113,11.044825518867583
79237.0,79244.97936460169,-7.979364601691486
79248.0,79235.86182648878,12.138173511222703
79268.0,79246.52521957831,21.474780421689502
79216.0,79266.62808629716,-50.628086297161644
79194.0,79216.01033808306,-22.010338083055103
79208.0,79193.3712712739,14.628728726092959
79228.0,79206.96038988231,21.039610117688426
79226.0,79226.77554603365,-0.7755460336484248
79175.0,79225.38385046343,-50.38385046343319
79176.0,79175.36732349789,0.6326765021076426
79168.0,79175.28182287465,-7.281822874647332
79177.0,79167.48391314168,9.516086858318886
79153.0,79176.91131049192,-23.91131049192336
79146.0,79152.97827104232,-6.978271042316919
79123.0,79145.31893680815,-22.318936808151193
79091.0,79122.60535802218,-31.605358022177825
79124.0,79091.30666624788,32.69333375211863
79123.0,79123.31986803132,-0.3198680313216755
79145.0,79122.26122960495,22.738770395051688
79141.0,79143.94561284439,-2.945612844385323
79106.0,79140.21315776429,-34.213157764286734
79140.0,79105.78984903726,34.210150962739135
79077.0,79138.61361595435,-61.61361595435301
79074.0,79077.77851045401,-3.778510454008938
79100.0,79074.56984426663,25.430155733367428
79100.0,79099.52681126453,0.473188735471922
79102.0,79099.5242157338,2.4757842661929317
79094.0,79101.50223044571,-7.502230445708847
79037.0,79093.14854654644,-56.14854654643568
79057.0,79038.17162444525,18.828375554745435
79079.0,79056.64567211909,22.354327880908386
79069.0,79079.50258713725,-10.502587137249066
79072.0,79068.69128987554,3.308710124460049
79075.0,79071.1647848706,3.8352151293947827
79051.0,79074.13576173504,-23.13576173504407
79034.0,79050.93128719568,-16.931287195679033
79054.0,79033.51871215325,20.481287846749183
79062.0,79054.0462381206,7.953761879398371
79052.0,79061.49176589429,-9.4917658942868
79101.0,79052.85923718894,48.140762811060995
79076.0,79100.80208188752,-24.802081887522945
79083.0,79075.57384350718,7.426156492816517
79070.0,79082.22613969934,-12.22613969934173
79081.0,79069.5289558031,11.471044196892763
79095.0,79079.88015462337,15.119845376626472
79127.0,79094.33071982747,32.6692801725294
79136.0,79125.83154199344,10.168458006563014
79140.0,79134.98905646964,5.010943530360237
79114.0,79141.8661377286,-27.86613772860437
79072.0,79113.51196553443,-41.51196553443151
79058.0,79072.32306172694,-14.323061726943706
79059.0,79058.47734434507,0.522655654931441
79054.0,79058.61139669457,-4.6113966945704306
79062.0,79053.74587812372,8.254121876278077
79074.0,79061.45652780673,12.543472193268826
79098.0,79072.96065722177,25.039342778225546
79143.0,79097.1156959393,45.88430406070256
79093.0,79141.97741592581,-48.9774159258086
79120.0,79092.82588532388,27.174114676119643
79116.0,79119.37951332606,-3.3795133260573493
79102.0,79114.36068647122,-12.360686471220106
79099.0,79101.17650727625,-2.1765072762500495
79102.0,79098.27958329159,3.720416708412813
79089.0,79101.02928473888,-12.029284738877323
79033.0,79088.35601418918,-55.356014189179405
79025.0,79033.63473805178,-8.634738051783643
79021.0,79024.69371141374,-3.6937114137399476
79004.0,79020.64657779639,-16.646577796389465
78975.0,79003.73131094236,-28.731310942355776
79005.0,78975.37964233803,29.620357661973685
79018.0,79004.45295631525,13.54704368475359
78980.0,79017.1875171802,-37.187517180194845
78919.0,78979.58818454617,-60.58818454616994
78907.0,78920.3707206151,-13.370720615101163
78903.0,78906.41557096965,-3.415570969649707
78911.0,78902.77469279151,8.225307208485901
78950.0,78912.75514977919,37.24485022081353
78910.0,78949.24970064595,-39.24970064594527
78838.0,78911.09723815312,-73.09723815311736
78862.0,78839.2490824704,22.750917529599974
78864.0,78861.69247671902,2.307523280978785
78775.0,78863.97366917443,-88.97366917443287
78744.0,78777.11379524451,-33.11379524451331
78745.0,78745.35368644386,-0.35368644386471715
78749.0,78746.24112136081,2.7588786391861504
78727.0,78750.4270347985,-23.427034798500245
78730.0,78727.77980456884,2.2201954311603913
78739.0,78726.72616351696,12.273836483043851
78625.0,78738.65070557252,-113.6507055725233
78596.0,78627.9366627181,-31.936662718100706
78529.0,78595.40374025369,-66.40374025369238
78443.0,78534.4174720121,-91.41747201209364
78200.0,78447.67300818197,-247.67300818196964
78225.0,78208.45999176499,16.540008235009736
78063.0,78217.59385614397,-154.59385614396888
78083.0,78072.88226106881,10.117738931192434
78039.0,78085.86900843632,-46.869008436318836
78016.0,78042.62931214362,-26.629312143617426
78021.0,78011.88762440997,9.11237559003348
77894.0,78020.8842926293,-126.88429262930003
77922.0,77896.32644803163,25.673551968371612
78002.0,77922.0068912925,79.99310870749468
77855.0,78001.53401937515,-146.53401937514718
77911.0,77859.47439297887,51.5256070211326
77970.0,77911.85080997576,58.14919002423994
77936.0,77970.7770901184,-34.77709011839761
77851.0,77939.39173863012,-88.3917386301182
77785.0,77854.80967539681,-69.80967539681296
77862.0,77786.17198441464,75.8280155853572
77835.0,77864.95126852128,-29.951268521283055
77884.0,77838.45627475507,45.54372524493374
77878.0,77884.27844717554,-6.278447175543988
77745.0,77880.18475392762,-135.18475392762048
77735.0,77748.42684562929,-13.426845629292075
77612.0,77733.44252580665,-121.44252580664761
77724.0,77618.25056258496,105.74943741504103
77762.0,77727.02958499856,34.97041500144405
77757.0,77762.94640914054,-5.94640914053889
77762.0,77758.86546976827,3.1345302317349706
77794.0,77762.8760091998,31.12399080020259
77799.0,77794.29685753999,4.703142460013623
77802.0,77800.30092325661,1.6990767433890142
77779.0,77803.20210449964,-24.202104499636334
77846.0,77781.55575284829,64.44424715171044
77820.0,77846.04877689538,-26.04877689537534
77787.0,77822.59553368432,-35.59553368431807
77804.0,77786.93046810933,17.06953189066553
77787.0,77805.43214748595,-18.43214748594619
77819.0,77789.91149060742,29.08850939257536
77868.0,77819.56664964589,48.43335035411292
77818.0,77868.71629238021,-50.71629238020978
77815.0,77818.87852245184,-3.8785224518360337
77854.0,77814.85293202521,39.147067974787205
77833.0,77853.90085510632,-20.900855106316158
77817.0,77833.28845274268,-16.28845274267951
77829.0,77817.69357426945,11.306425730552291
77807.0,77828.64169194858,-21.641691948578227
77776.0,77807.56230170965,-31.562301709651365
77804.0,77776.78414779711,27.215852202891256
77796.0,77803.2279454937,-7.227945493694278
77789.0,77795.93336570691,-6.933365706907352
77763.0,77789.00933258526,-26.00933258526493
77730.0,77763.22841206357,-33.22841206357407
77718.0,77729.32075219436,-11.32075219435501
77749.0,77720.55908744545,28.440912554549868
77788.0,77747.42382637673,40.576173623267096
77789.0,77788.83262103515,0.16737896484846715
77789.0,77789.5541083712,-0.554108371201437
77777.0,77787.90107922714,-10.901079227143782
77769.0,77776.08021542964,-7.080215429639793
77753.0,77769.9637791859,-16.963779185898602
77754.0,77752.56418517746,1.4358148225437617
77723.0,77753.21831405465,-30.21831405465491
77748.0,77723.13391513884,24.866084861161653
77776.0,77747.46414779406,28.53585220593959
77817.0,77774.99421448949,42.00578551051149
77864.0,77815.5690668199,48.43093318010506
77849.0,77862.44207492581,-13.442074925813358
77867.0,77848.31464506977,18.68535493023228
77868.0,77865.34652368435,2.6534763156523695
77874.0,77866.9629207237,7.037079276298755
77871.0,77872.6393708369,-1.6393708368996158
77822.0,77870.25891425918,-48.25891425917507
77832.0,77821.43318559197,10.566814408026403
77818.0,77830.95400615661,-12.954006156607647
77782.0,77817.29026332732,-35.290263327318826
77764.0,77782.08715090601,-18.0871509060089
77662.0,77763.34697798685,-101.34697798684647
77508.0,77664.08113087752,-156.08113087751553
77555.0,77511.35012771678,43.64987228321843
77633.0,77555.81939381605,77.1806061839452
77643.0,77632.87914677529,10.120853224711027
77652.0,77642.4277599246,9.572240075402078
77624.0,77650.16328072098,-26.163280720982584
77623.0,77622.70654296786,0.29345703213766683
77647.0,77622.93373574395,24.06626425604918
77626.0,77646.90116807916,-20.901168079159106
77642.0,77625.47759668539,16.5224033146078
77633.0,77641.52479479935,-8.524794799348456
77634.0,77632.24309933737,1.7569006626290502
77624.0,77632.91090261521,-8.910902615214582
77631.0,77623.33556919865,7.664430801349226
77648.0,77629.97998857265,18.020011427346617
77723.0,77647.10491030331,75.89508969668532
77674.0,77723.25705829235,-49.25705829235085
77653.0,77674.08170094821,-21.08170094821253
77718.0,77652.64288948126,65.35711051874387
77728.0,77716.60944996546,11.390550034542684
77683.0,77725.82168927116,-42.82168927116436
77700.0,77683.04626689578,16.95373310422292
77740.0,77699.10970522971,40.890294770288165
77739.0,77739.12497000107,-0.12497000106668565
77740.0,77737.9361226303,2.063877369699185
77744.0,77739.48400005941,4.51599994058779
77742.0,77742.87161769137,-0.8716176913731033
77741.0,77740.83604014137,0.1639598586334614
77746.0,77740.08191193912,5.918088060876471
77707.0,77744.99098910004,-37.9909891000425
77716.0,77706.59461194917,9.40538805082906
77691.0,77715.28922834266,-24.289228342662682
77740.0,77692.34135752622,47.658642473776126
77713.0,77738.22457637532,-25.224576375316246
77632.0,77712.61509785766,-80.61509785766248
77637.0,77633.02403143141,3.975968568585813
77630.0,77635.24048414962,-5.240484149617259
77620.0,77629.39915937895,-9.39915937895421
77621.0,77619.7368330807,1.2631669193069683
77616.0,77620.76408813676,-4.764088136755163
77592.0,77615.66922756837,-23.66922756837448
77630.0,77591.75504836637,38.24495163363463
77630.0,77629.10696789577,0.8930321042280411
77660.0,77628.98627413307,31.013725866927416
77684.0,77659.0860311646,24.913968835404376
77681.0,77683.01478334118,-2.0147833411756437
77647.0,77678.82174662472,-31.82174662471516
77581.0,77646.70900726599,-65.70900726599211
77694.0,77581.6822646233,112.31773537669505
77674.0,77692.91360119451,-18.913601194508374
77736.0,77673.2423430551,62.7576569449011
77741.0,77734.89579471892,6.1042052810807945
77724.0,77739.37626235525,-15.376262355246581
77722.0,77722.5441046972,-0.5441046971973265
77701.0,77720.90683308558,-19.90683308558073
77729.0,77700.2476766987,28.752323301305296
77679.0,77728.0004531337,-49.00045313370356
77694.0,77679.17759338258,14.822406617415254
77699.0,77693.11524951317,5.884750486831763
77678.0,77697.81569611283,-19.815696112826117
77651.0,77677.20823115233,-26.208231152326334
77652.0,77650.8169404508,1.1830595492065186
77636.0,77651.64422969213,-15.644229692130466
77628.0,77635.60285177024,-7.602851770236157
77611.0,77628.8868207588,-17.886820758794784
77629.0,77610.46994477912,18.53005522087915
77654.0,77627.5892143585,26.410785641506664
77650.0,77652.5120381624,-2.512038162400131
77654.0,77648.90664260663,5.093357393372571
77666.0,77652.66430694427,13.335693055734737
77677.0,77665.83026406144,11.169735938558006
77673.0,77676.04857228532,-3.0485722853190964
77668.0,77671.86861348354,-3.8686134835443227
77673.0,77666.79243188527,6.207568114725291
77677.0,77671.7607552183,5.2392447816964705
77676.0,77675.89504906569,0.10495093431381974
77676.0,77674.6709873934,1.3290126065985532
77676.0,77674.87438588706,1.1256141129415482
77692.0,77674.88528575275,17.11471424724732
77687.0,77691.31175802756,-4.3117580275575165
77733.0,77685.05256714656,47.94743285344157
77724.0,77731.78548263854,-7.785482638544636
77742.0,77722.15820338643,19.841796613574843
77694.0,77740.46206578788,-46.46206578788406
77718.0,77693.7119311686,24.288068831403507
77727.0,77716.65682741646,10.343172583539854
77713.0,77725.61660251307,-12.616602513066027
77668.0,77712.12876494441,-44.12876494441298
77630.0,77668.13253618688,-38.132536186880316
77667.0,77630.06839943035,36.931600569645525
77638.0,77665.1820436773,-27.18204367729777
77680.0,77637.38290767786,42.61709232213616
77696.0,77679.15634418893,16.843655811069766
77716.0,77694.97018177729,21.029818222712493
77724.0,77714.67968511798,9.320314882017556
77699.0,77723.55729793737,-24.557297937368276
77679.0,77698.00056583223,-19.000565832233406
77651.0,77677.24368183527,-26.243681835272582
77647.0,77649.50314840664,-2.50314840664214
77633.0,77646.32968355091,-13.329683550909976
77627.0,77632.4479538502,-5.447953850205522
77657.0,77626.24662845544,30.75337154456065
77652.0,77655.65411963279,-3.654119632788934
77652.0,77651.00843743463,0.9915625653666211
77678.0,77650.96092077672,27.03907922327926
77666.0,77676.81381625799,-10.813816257985309
77676.0,77664.98004356096,11.019956439035013
77680.0,77674.71768412754,5.282315872464096
77676.0,77680.46184388602,-4.461843886019778
77684.0,77675.21612134941,8.783878650589031
77645.0,77683.04170783429,-38.04170783428708
77634.0,77644.78411111934,-10.784111119341105
77630.0,77634.04983820186,-4.049838201855891
77654.0,77628.84945369377,25.1505463062349
77650.0,77653.13601767874,-3.136017678742064
77622.0,77649.32310551089,-27.323105510891764
77616.0,77621.74879129395,-5.7487912939541275
77607.0,77615.99394899163,-8.993948991628713
77595.0,77606.31425000662,-11.31425000661693
77617.0,77595.39393938116,21.606060618840274
77590.0,77615.48202135586,-25.482021355855977
77601.0,77589.74447010523,11.255529894770007
77612.0,77600.26173369038,11.738266309621395
77616.0,77611.13190304095,4.868096959049581
77653.0,77614.43645493555,38.56354506444768
77624.0,77651.68839089309,-27.6883908930904
77642.0,77623.37128786124,18.62871213875769
77675.0,77640.60032170796,34.39967829204397
77643.0,77673.60867123032,-30.608671230322216
77606.0,77642.23813915787,-36.23813915786741
77629.0,77606.0048204895,22.995179510500748
77632.0,77628.69965305728,3.3003469427203527
77636.0,77631.03757378348,4.962426216516178
77627.0,77634.95294058645,-7.952940586445038
77677.0,77626.3177610436,50.682238956404035
77702.0,77675.73621751688,26.26378248311812
77708.0,77700.42984257871,7.570157421287149
77714.0,77705.31267194587,8.687328054133104
77750.0,77712.42441752259,37.575582477409625
77727.0,77748.39630752632,-21.396307526316377
77776.0,77725.76779780377,50.23220219623181
77800.0,77774.69608183911,25.303918160891044
77793.0,77798.68391978528,-5.683919785282342
77780.0,77791.30354195998,-11.303541959976428
77779.0,77779.06634040775,-0.06634040774952155
77807.0,77777.51843945791,29.48156054208812
77815.0,77805.44274846316,9.55725153684034
77801.0,77813.4311539978,-12.431153997793444
77814.0,77799.77144969528,14.228550304716919
77799.0,77812.3279153495,-13.327915349495015
77805.0,77797.53971336347,7.460286636531237
77827.0,77803.46510184184,23.534898158162832
77822.0,77825.54617380758,-3.546173807582818
77822.0,77820.50060885937,1.4993911406345433
77821.0,77820.35508003374,0.6449199662602041
77822.0,77819.4294888558,2.5705111441930057
77844.0,77820.23497520298,23.76502479701594
77845.0,77842.3922149838,2.6077850161964307
77811.0,77843.25475829378,-32.25475829378411
77820.0,77810.2974267045,9.702573295493494
77818.0,77818.58396096749,-0.5839609674876556
77832.0,77816.59294847219,15.407051527814474
77820.0,77830.44953995079,-10.449539950786857
77855.0,77819.10783959106,35.89216040894098
77837.0,77853.21558339799,-16.215583397992305
77833.0,77835.91473005762,-2.9147300576150883
77794.0,77831.47990744944,-37.47990744943672
77782.0,77792.78796903086,-10.78796903086186
77772.0,77781.61661224197,-9.616612241967232
77779.0,77771.17277452722,7.827225472778082
77766.0,77776.46381407022,-10.463814070215449
77741.0,77765.26031125514,-24.260311255144188
77730.0,77740.43687215532,-10.43687215531827
77721.0,77729.10112782459,-8.101127824586001
77733.0,77720.16844946223,12.831550537768635
77728.0,77732.6027121379,-4.602712137901108
77745.0,77727.10528182934,17.89471817066078
77779.0,77744.30960400369,34.690395996309235
77782.0,77777.22290019573,4.777099804268801
77782.0,77780.24156568822,1.758434311777819
77804.0,77780.38071536987,23.619284630127368
77816.0,77802.3866387862,13.613361213792814
77939.0,77814.40692446665,124.59307553335384
77936.0,77938.01285920346,-2.0128592034598114
77892.0,77933.92118105889,-41.92118105888949
77907.0,77891.1090410768,15.890958923206199
77933.0,77906.11803431754,26.881965682463488
77924.0,77932.63174339103,-8.631743391029886
77895.0,77920.92909000743,-25.929090007426566
77950.0,77894.49910427646,55.50089572354045
77951.0,77948.4998993659,2.500100634104456
77976.0,77949.44391547625,26.556084523748723
77950.0,77974.53212645165,-24.532126451653312
77952.0,77949.0541306766,2.9458693234046223
77952.0,77950.41019106361,1.5898089363909094
77970.0,77950.63415384655,19.365846153450548
77919.0,77968.67752306892,-49.67752306892362
77932.0,77918.9427253425,13.057274657505332
77914.0,77930.49987382507,-16.499873825072427
77914.0,77912.93435501512,1.0656449848756893
77911.0,77912.7851941142,-1.7851941141998395
77936.0,77909.90121211407,26.098787885930506
77966.0,77934.55924366124,31.440756338764913
77983.0,77963.89619020576,19.10380979423644
77971.0,77981.29509672537,-10.295096725370968
77964.0,77969.29653523996,-5.296535239962395
77954.0,77962.44688039477,-8.446880394767504
77936.0,77952.58850336811,-16.58850336811156
77907.0,77934.9349272408,-27.93492724079988
77901.0,77906.50224178833,-5.502241788330139
77931.0,77900.01484765722,30.985152342778747
77903.0,77929.76399990244,-26.763999902439537
77881.0,77902.71206086842,-21.71206086841994
77875.0,77880.3392736132,-5.3392736131936545
77824.0,77873.29008474968,-49.2900847496785
77830.0,77824.13786171543,5.86213828457403
77833.0,77830.16165647277,2.838343527226243
77819.0,77832.2794360979,-13.279436097902362
77841.0,77818.31846777245,22.681532227550633
77843.0,77839.97477235342,3.0252276465762407
77842.0,77841.68419566393,0.31580433607450686
77842.0,77840.74690767718,1.253092322818702
77830.0,77840.5237956667,-10.52379566669697
77827.0,77829.33961763741,-2.3396176374080824
77832.0,77825.59867016911,6.4013298308855155
77818.0,77830.97329584799,-12.973295847987174
77828.0,77818.16859645055,9.83140354945499
77826.0,77826.72033134806,-0.7203313480567886
77836.0,77824.85640737013,11.143592629872728
77836.0,77834.93946192456,1.0605380754423095
77836.0,77834.95891752903,1.0410824709688313
77835.0,77834.95979000966,0.040209990344010293
77840.0,77834.022537355,5.977462644994375
77813.0,77838.98483903524,-25.984839035241748
77809.0,77812.69007741445,-3.6900774144451134
77809.0,77808.3597791284,0.6402208716026507
77808.0,77808.21370518334,-0.2137051833415171
77810.0,77807.23477796011,2.765222039888613
77816.0,77809.2460959084,6.753904091601726
77834.0,77814.57897747324,19.42102252675977
77837.0,77833.5613771921,3.438622807894717
77831.0,77836.14631673372,-5.146316733720596
77816.0,77830.48824099384,-14.488240993843647
77833.0,77815.41557376375,17.584426236251602
77848.0,77831.9531805499,16.046819450100884
77851.0,77847.05295527383,3.947044726170134
77867.0,77849.90910808317,17.090891916828696
77895.0,77865.9046251475,29.09537485250621
77893.0,77893.66513279961,-0.665132799607818
77898.0,77891.9382238134,6.061776186601492
77927.0,77896.76577658854,30.234223411462153
77899.0,77926.35638910937,-27.35638910936541
77888.0,77898.4219201411,-10.421920141103328
77896.0,77887.32143807999,8.678561920009088
77882.0,77894.87278370198,-12.87278370198328
77882.0,77881.36968251153,0.6303174884669716
77863.0,77881.0949524314,-18.094952431405545
77878.0,77862.49305709248,15.506942907522898
77869.0,77877.06076419166,-8.060764191657654
77875.0,77868.25790268685,6.742097313152044
77907.0,77874.1264194747,32.87358052529453
77899.0,77905.85960457976,-6.859604579760344
77871.0,77897.82568874447,-26.825688744473155
77873.0,77870.28083193774,2.719168062263634
77870.0,77871.80446073538,-1.8044607353804167
77873.0,77868.88121591399,4.1187840860075084
77872.0,77871.66606240394,0.3339375960640609
77873.0,77870.90737534167,2.0926246583258035
77864.0,77871.70532121262,-7.70532121261931
77866.0,77863.11100007227,2.888999927730765
77858.0,77863.8171902252,-5.817190225207014
77880.0,77857.06213835394,22.9378616460599
77876.0,77878.8747295859,-2.874729585906607
77818.0,77874.88798426693,-56.88798426692665
77821.0,77818.34973077431,2.650269225690863
77813.0,77820.29353925066,-7.293539250662434
77794.0,77814.27869992753,-20.27869992752676
77776.0,77793.67078836609,-17.670788366085617
77775.0,77775.83824040725,-0.8382404072472127
77756.0,77773.90986504762,-17.90986504762259
77769.0,77755.78183032524,13.218169674757519
77787.0,77769.36779874914,17.632201250860817
77779.0,77786.07312905646,-7.073129056458129
77782.0,77778.14050248824,3.8594975117594004
77781.0,77780.14753932477,0.8524606752325781
77763.0,77779.8962589253,-16.89625892530603
77766.0,77762.47852082583,3.521479174174601
77764.0,77765.10640305518,-1.1064030551788164
77798.0,77763.0845396252,34.91546037480293
77798.0,77796.98735972549,1.0126402745081577
77831.0,77796.94050509311,34.059494906890905
77835.0,77829.75918450706,5.240815492943511
77855.0,77833.69015107691,21.309848923090613
77850.0,77853.29535266418,-3.295352664179518
77853.0,77848.88886397384,4.111136026156601
77891.0,77851.60631789998,39.39368210002431
77892.0,77889.57497959268,2.4250204073177883
77888.0,77890.60862841994,-2.608628419940942
77880.0,77886.81546283312,-6.815462833124911
77880.0,77878.8487299244,1.1512700755993137
77885.0,77878.82653548813,6.173464511870407
77877.0,77884.76900969037,-7.769009690367966
77849.0,77876.2092466395,-27.209246639496996
77851.0,77848.80980890682,2.1901910931774182
77848.0,77850.09625178127,-2.0962517812731676
77848.0,77847.14715947006,0.8528405299439328
77803.0,77847.14745364687,-44.147453646874055
77799.0,77803.30452711004,-4.304527110041818
77807.0,77798.28059677535,8.719403224647976
77822.0,77806.05184467905,15.94815532094799
77822.0,77821.00697741243,0.9930225875723409
77820.0,77820.93811126405,-0.9381112640548963
77820.0,77818.88936073077,1.1106392692308873
77820.0,77818.77043154358,1.2295684564160183
77820.0,77818.7914740086,1.2085259914019844
77816.0,77818.84854068677,-2.848540686769411
77812.0,77814.94348760416,-2.943487604163238
77812.0,77810.97199887664,1.0280011233553523
77816.0,77811.01976993452,4.980230065484648
77801.0,77814.77887856455,-13.778878564553452
77813.0,77800.34132996712,12.658670032877126
77831.0,77811.86181286493,19.138187135074986
77826.0,77829.91983413494,-3.9198341349401744
77832.0,77824.94783342903,7.052166570967529
77831.0,77830.48226008512,0.5177399148815311
77841.0,77829.77688142884,11.223118571157102
77841.0,77839.76385949604,1.2361405039555393
77845.0,77840.18892690123,4.811073098768247
77861.0,77843.78310248829,17.21689751170925
77829.0,77860.22598681209,-31.225986812089104
77807.0,77828.46650491997,-21.46650491996843
77770.0,77806.53985031667,-36.53985031666525
77759.0,77770.38699113339,-11.386991133389529
77757.0,77758.62770580161,-1.6277058016130468
77764.0,77756.66350042472,7.33649957527814
77774.0,77763.32108670803,10.678913291965728
77774.0,77773.17549173681,0.8245082631910918
77796.0,77772.92589459303,23.074105406965828
77784.0,77794.85899980692,-10.85899980692193
77821.0,77783.07864668108,37.92135331891768
77875.0,77819.62002692124,55.37997307875776
77858.0,77873.4129063094,-15.412906309400569
77855.0,77856.78588917968,-1.7858891796786338
77837.0,77853.57326188328,-16.57326188328443
77851.0,77835.96474928496,15.035250715038273
77871.0,77849.12716458496,21.872835415037116
77852.0,77869.81179504769,-17.811795047688065
77856.0,77851.26255912868,4.737440871322178
77833.0,77854.93585058556,-21.935850585563458
77843.0,77832.53037374286,10.469626257137861
77849.0,77841.8834138826,7.116586117394036
77831.0,77848.04862883892,-17.048628838922014
77801.0,77830.46397835361,-29.46397835361131
77783.0,77800.98822920106,-17.988229201058857
77796.0,77782.33972403579,13.660275964211905
77759.0,77796.33952015819,-37.33952015818795
77758.0,77759.1428361578,-1.1428361578000477
77739.0,77757.39915738124,-18.399157381238183
77749.0,77738.43145279013,10.568547209870303
77763.0,77747.59583605788,15.40416394211934
77780.0,77762.07750479349,17.922495206512394
77767.0,77778.62911749183,-11.629117491829675
77763.0,77766.2050285205,-3.205028520504129
77735.0,77761.8511020136,-26.851102013606578
77771.0,77734.72806660167,36.27193339832593
77746.0,77769.77750318123,-23.77750318123435
77716.0,77745.7329956249,-29.732995624901378
77695.0,77715.66165024698,-20.66165024698421
77672.0,77694.75845881698,-22.758458816984785
77663.0,77671.424816411,-8.424816411003121
77666.0,77664.0463703293,1.953629670693772
77735.0,77666.7527284518,68.24727154819993
77770.0,77734.22184413712,35.77815586287761
77749.0,77768.55944032673,-19.55944032673142
77712.0,77748.09888159198,-36.09888159198454
77734.0,77711.71458970137,22.285410298631177
77731.0,77732.7543440487,-1.7543440487061162
77744.0,77730.0966553265,13.903344673497486
77783.0,77743.00156428208,39.998435717920074
77771.0,77782.85219640232,-11.852196402323898
77773.0,77769.95576167146,3.044238328540814
77771.0,77771.82257851059,-0.8225785105896648
77730.0,77769.92566320207,-39.9256632020697
77692.0,77730.10175947937,-38.10175947936659
77709.0,77691.23803208914,17.76196791086113
77666.0,77709.06024148306,-43.0602414830646
77673.0,77665.78790696828,7.212093031717814
77649.0,77672.46781662373,-23.46781662372814
77660.0,77648.9125430192,11.087456980792922
77701.0,77658.27936079833,42.72063920166693
77666.0,77700.25794081108,-34.25794081107597
77675.0,77667.5956552555,7.404344744500122
77673.0,77674.43748821915,-1.437488219147781
77660.0,77670.88958192486,-10.889581924857339
77650.0,77659.29300862658,-9.293008626584196
77672.0,77649.5101105381,22.489889461896382
77709.0,77671.07615781385,37.92384218615189
77718.0,77707.78367726051,10.21632273949217
77759.0,77716.34394835342,42.656051646583364
77771.0,77757.78937755703,13.210622442973545
77732.0,77769.43539016126,-37.43539016126306
77738.0,77731.83426643738,6.165733562622336
77747.0,77737.09454252388,9.905457476124866
77726.0,77746.72253768028,-20.722537680281675
77718.0,77725.62016551677,-7.620165516767884
77745.0,77716.57125785979,28.428742140211398
77752.0,77743.90406577129,8.095934228709666
77778.0,77750.8507395183,27.149260481703095
77763.0,77777.70892635518,-14.708926355175208
77765.0,77761.79494632628,3.205053673722432
77774.0,77763.69048610757,10.309513892425457
77756.0,77774.1948861791,-18.19488617910247
77768.0,77755.22822849065,12.771771509345854
77798.0,77766.8753866363,31.124613363703247
77728.0,77796.67878212043,-68.67878212043433
77725.0,77728.44772828359,-3.447728283586912
77667.0,77724.14179054556,-57.14179054556007
77704.0,77667.020887748,36.97911225199641
77711.0,77702.91801937998,8.081980620016111
77703.0,77710.84161491104,-7.841614911041688
77726.0,77701.80966947433,24.190330525671015
77761.0,77723.42158791439,37.57841208561149
77777.0,77761.30477720333,15.695222796668531
77738.0,77775.98759440998,-37.98759440997674
77779.0,77737.53303641902,41.46696358098416
77792.0,77776.2676202743,15.732379725697683
77822.0,77788.80098045763,33.19901954237139
77845.0,77820.23830442179,24.76169557821413
77841.0,77842.2315814561,-1.2315814561006846
77865.0,77839.31349003165,25.686509968349128
77945.0,77863.45385998831,81.54614001169102
77881.0,77944.47715355412,-63.4771535541222
77780.0,77882.42063592352,-102.42063592352497
77859.0,77781.06561250183,77.93438749817142
77806.0,77857.37612274561,-51.37612274561252
77789.0,77806.43641548959,-17.4364154895884
77673.0,77787.01671732772,-114.01671732771501
77677.0,77671.67379865226,5.32620134773606
77648.0,77679.63114588476,-31.6311458847631
77642.0,77649.81672537238,-7.816725372380461
77584.0,77641.11378572331,-57.113785723311594
77671.0,77585.18261852092,85.8173814790789
77691.0,77669.88687211774,21.113127882257686
77720.0,77690.85918744348,29.14081255652127
77729.0,77716.82509011365,12.174909886351088
77744.0,77729.14432114176,14.855678858235478
77754.0,77741.71188416572,12.28811583427887
77776.0,77753.01592845138,22.984071548620705
77757.0,77774.55591626503,-17.555916265031556
77818.0,77756.5364087877,61.46359121230489
77799.0,77815.63308392157,-16.63308392156614
77755.0,77798.89723490461,-43.89723490460892
77762.0,77755.26036728238,6.739632717624772
77722.0,77759.83173188573,-37.83173188572982
77712.0,77722.07422776832,-10.074227768316632
77863.0,77710.87379541098,152.12620458901802
77821.0,77866.86532438219,-45.86532438219001
77835.0,77819.50695253987,15.493047460127855
77833.0,77834.73216352433,-1.732163524327916
77771.0,77833.09784504419,-62.09784504419076
77830.0,77770.94524294348,59.05475705652498
77866.0,77828.50982655023,37.49017344976892
77875.0,77864.3596208765,10.640379123506136
77847.0,77873.46360057213,-26.46360057212587
77891.0,77845.99918920563,45.00081079437223
77873.0,77891.43519240987,-18.435192409873707
77875.0,77873.07435069661,1.925649303389946
77872.0,77872.93963956366,-0.9396395636576926
77899.0,77868.30807838216,30.69192161783576
77873.0,77898.73242927068,-25.73242927067622
77899.0,77872.53498636239,26.465013637614902
77893.0,77897.6577867516,-4.6577867516025435
77857.0,77889.51605601105,-32.51605601105257
77910.0,77857.11612685503,52.88387314496504
77916.0,77907.68749839108,8.312501608917955
77880.0,77915.06160423253,-35.061604232527316
77891.0,77880.0269902958,10.973009704204742
77887.0,77889.60582222571,-2.6058222257124726
77897.0,77886.28400886251,10.715991137491073
77899.0,77895.62857775275,3.3714222472481197
77882.0,77895.57991962245,-13.579919622454327
77880.0,77883.0104384211,-3.0104384211008437
77950.0,77878.08580937498,71.91419062501518
77980.0,77951.57862847301,28.42137152698706
78063.0,77974.90265432213,88.09734567787382
78178.0,78061.52388989569,116.47611010431137
78114.0,78177.50215374402,-63.50215374401887
78115.0,78112.09995429098,2.900045709015103
78125.0,78114.79290852824,10.207091471762396
78115.0,78123.6493812416,-8.649381241601077
78105.0,78115.16561900878,-10.165619008781505
78041.0,78103.58771336048,-62.58771336048085
78109.0,78043.31095509058,65.68904490942077
78181.0,78107.62121164786,73.3787883521436
78165.0,78179.27226652908,-14.272266529078479
78176.0,78163.60363314362,12.396366856381064
78226.0,78171.43126994504,54.568730054961634
78236.0,78225.60518216011,10.394817839885945
78221.0,78236.47981524337,-15.47981524336501
78162.0,78218.36329351664,-56.363293516638805
78161.0,78160.91792426103,0.08207573897379916
78014.0,78158.90883971,-144.90883970999857
77875.0,78016.34661994301,-141.34661994301132
77927.0,77878.23720470633,48.76279529367457
77891.0,77927.18668172852,-36.186681728519034
77876.0,77891.53299631084,-15.532996310837916
77865.0,77872.34036916734,-7.340369167344761
77830.0,77864.70051769205,-34.7005176920502
77812.0,77830.26942717106,-18.269427171064308
77786.0,77812.19287681123,-26.192876811226597
77783.0,77786.02210355332,-3.02210355331772
77755.0,77781.44981780749,-26.449817807486397
77693.0,77753.66100031757,-60.66100031757378
77363.0,77696.18877229994,-333.18877229993814
77524.0,77368.29091657512,155.7090834248811
77523.0,77524.59033913129,-1.590339131289511
77491.0,77524.89208533893,-33.892085338928155
77474.0,77491.22776509308,-17.227765093077323
77445.0,77476.94834655209,-31.948346552089788
77513.0,77447.49177272785,65.50822727214836
77518.0,77513.4405609595,4.559439040502184
77483.0,77515.85383054505,-32.85383054504928
77432.0,77481.90076276427,-49.90076276427135
77383.0,77433.26438881131,-50.26438881130889
77312.0,77381.36500936588,-69.36500936587981
77339.0,77314.4613517358,24.53864826420613
77238.0,77339.8112319209,-101.81123192090308
77040.0,77242.36677270834,-202.36677270833752
76979.0,77038.59983438942,-59.59983438941708
77067.0,76980.28919451623,86.71080548377358
76779.0,77068.86004074564,-289.8600407456397
76710.0,76788.69407704067,-78.69407704066543
76675.0,76709.74810668123,-34.74810668123246
76620.0,76677.41920069285,-57.4192006928497
76599.0,76630.51206229813,-31.51206229813397
76747.0,76603.02587485262,143.97412514737516
76722.0,76746.6070035517,-24.60700355170411
76777.0,76727.50648631406,49.49351368594216
76848.0,76777.34313360714,70.65686639286287
76895.0,76848.58909861936,46.410901380644646
77033.0,76894.07561506964,138.92438493036025
76959.0,77032.7850991176,-73.78509911759465
76908.0,76961.32557361717,-53.32557361717045
77062.0,76912.50899922592,149.49100077408366
77056.0,77063.33862500757,-7.338625007570954
76974.0,77053.85838199558,-79.85838199558202
77022.0,76977.5083391928,44.49166080719442
77043.0,77025.72424906786,17.27575093213818
77056.0,77043.1155370077,12.884462992296903
77021.0,77057.2496824461,-36.24968244609772
77024.0,77023.3011473361,0.6988526639033807
77071.0,77028.23789879115,42.762101208849344
77080.0,77072.48327227516,7.516727724840166
77040.0,77080.86071512893,-40.8607151289325
77042.0,77042.0324439068,-0.032443906806292944
77001.0,77041.10750268439,-40.107502684390056
76961.0,77001.5542537095,-40.55425370950252
76916.0,76962.82481399548,-46.824813995481236
76820.0,76916.62294075353,-96.62294075352838
76823.0,76822.21076557474,0.7892344252613839
76882.0,76824.84453673998,57.155463260016404
76775.0,76882.685256845,-107.68525684499764
76808.0,76777.51383667742,30.48616332258098
76831.0,76805.23391145827,25.766088541728095
76775.0,76830.78040754514,-55.780407545142225
76762.0,76776.62263699723,-14.622636997228255
76756.0,76761.1942796237,-5.194279623698094
76775.0,76756.65810454826,18.34189545174013
76792.0,76775.94219630487,16.05780369513377
76749.0,76791.16830652952,-42.16830652952194
76719.0,76748.00886274685,-29.008862746850355
76709.0,76720.2463654377,-11.246365437706118
76694.0,76710.97812212992,-16.97812212991994
76765.0,76693.51666337074,71.4833366292587
76783.0,76768.68056618422,14.319433815777302
76812.0,76783.44328503792,28.556714962076512
76780.0,76812.10560103442,-32.105601034418214
76653.0,76779.84240806942,-126.84240806942398
76742.0,76655.73687137691,86.26312862308987
76741.0,76742.04278213513,-1.0427821351331659
76738.0,76738.53253034674,-0.5325303467398044
76771.0,76736.4033577661,34.596642233897
76756.0,76769.82356432834,-13.82356432834058
76776.0,76755.9292601247,20.070739875300205
76835.0,76775.41958930908,59.58041069091996
76830.0,76833.89301965339,-3.893019653391093
76810.0,76827.03348932335,-17.033489323352114
76838.0,76809.33066521061,28.669334789388813
76828.0,76836.77111885733,-8.771118857330293
76790.0,76827.60172236343,-37.601722363426234
76765.0,76790.38242630036,-25.382426300362567
76789.0,76764.80799510099,24.192004899014137
76744.0,76787.8192846143,-43.819284614306525
76742.0,76744.58718134247,-2.5871813424746506
76750.0,76742.9566353661,7.043364633893361
76747.0,76749.95171730999,-2.951717309988453
76761.0,76746.05293212215,14.947067877845257
76778.0,76760.97257503054,17.027424969463027
76740.0,76776.94753301932,-36.9475330193236
76785.0,76739.74386067955,45.25613932045235
76804.0,76783.8752241124,20.124775887597934
76774.0,76803.22397715825,-29.223977158253547
76775.0,76773.58484106325,1.415158936753869
76771.0,76776.97693986395,-5.976939863947337
76699.0,76769.73922933255,-70.7392293325538
76671.0,76699.94797993646,-28.947979936463526
76707.0,76671.09280633678,35.90719366322446
76731.0,76706.47213415398,24.52786584601563
76717.0,76728.67286803917,-11.672868039167952
76647.0,76716.58374488405,-69.58374488404661
76626.0,76647.86291739292,-21.8629173929221
76607.0,76626.97907814934,-19.97907814933569
76623.0,76607.22080024026,15.779199759737821
76598.0,76622.96833056127,-24.968330561270704
76613.0,76598.21973429562,14.780265704379417
76632.0,76612.20758683291,19.792413167087943
76640.0,76631.10555181462,8.894448185383226
76630.0,76637.89915638117,-7.899156381172361
76606.0,76627.35561802788,-21.355618027882883
76640.0,76605.56074520026,34.43925479974132
76614.0,76639.04446104924,-25.044461049241363
76678.0,76614.30945898649,63.690541013507755
76677.0,76677.05632738958,-0.05632738958229311
76666.0,76675.16601684147,-9.166016841467354
76671.0,76664.31610383591,6.683896164089674
76658.0,76670.54472750127,-12.544727501270245
76564.0,76657.70837839923,-93.70837839922751
76590.0,76565.83366386298,24.166336137015605
76609.0,76589.84085608661,19.159143913391745
76701.0,76609.54700296606,91.45299703393539
76711.0,76702.00035820312,8.999641796879587
76702.0,76708.41980964545,-6.419809645449277
76728.0,76699.86730473723,28.13269526277145
76776.0,76726.13952854494,49.86047145506018
76750.0,76774.84834488775,-24.84834488775232
76712.0,76749.78142467022,-37.78142467021826
76729.0,76711.06569357084,17.934306429160642
76691.0,76728.36775955778,-37.36775955777557
76680.0,76690.87204508914,-10.872045089141466
76658.0,76678.01137588134,-20.01137588133861
76696.0,76657.77427803597,38.22572196403053
76736.0,76694.25910505195,41.740894948045025
76709.0,76734.9119411038,-25.91194110379729
76700.0,76708.400341755,-8.400341754997498
76695.0,76699.0711345663,-4.071134566300316
76715.0,76696.02763510929,18.972364890709287
76741.0,76713.61483888292,27.385161117083044
76634.0,76741.0721371795,-107.07213717949344
76661.0,76635.4145976109,25.585402389100636
76636.0,76659.77015915331,-23.770159153311397
76639.0,76635.70272369828,3.29727630171692
76678.0,76638.87018852559,39.129811474413145
76711.0,76677.19595555113,33.804044448872446
76780.0,76713.50070576812,66.4992942318786
76825.0,76779.25989282763,45.74010717237252
76856.0,76823.12558876268,32.87441123732424
76854.0,76855.00338199276,-1.0033819927630248
76855.0,76850.44755929027,4.552440709725488
76836.0,76855.40901180939,-19.409011809388176
76886.0,76834.52330404917,51.47669595082698
76874.0,76885.88739750977,-11.887397509766743
76857.0,76874.69879487755,-17.698794877549517
76886.0,76855.72118794057,30.27881205943413
76903.0,76884.47843733091,18.52156266909151
76882.0,76901.12198912319,-19.12198912318854
76901.0,76881.42193591135,19.578064088651445
76890.0,76899.23581434003,-9.235814340034267
76870.0,76887.81405299774,-17.814052997739054
76850.0,76869.60972287683,-19.609722876833985
76788.0,76849.03140612427,-61.03140612426796
76758.0,76787.90188183928,-29.901881839279667
76847.0,76757.70917213104,89.29082786895742
76870.0,76845.8621635904,24.137836409601732
76866.0,76870.25873280108,-4.258732801084989
76859.0,76865.56874173618,-6.568741736176889
76812.0,76859.27425322322,-47.27425322322233
76807.0,76811.214489525,-4.21448952499486
76800.0,76805.85657186343,-5.85657186343451
76808.0,76799.8380475138,8.161952486203518
76787.0,76806.7359741046,-19.73597410459479
76771.0,76785.8493623579,-14.849362357897917
76782.0,76770.8315668802,11.168433119804831
76720.0,76780.14915409665,-60.14915409665264
76755.0,76720.37694303364,34.62305696636031
76746.0,76753.88230426036,-7.882304260361707
76746.0,76745.9485043007,0.05149569929926656
76747.0,76745.04523236633,1.9547676336660516
76712.0,76746.14261256531,-34.14261256530881
76724.0,76710.75335691855,13.24664308145293
76727.0,76723.16226820453,3.8377317954727914
76796.0,76724.03106492166,71.96893507834466
76796.0,76794.56204443444,1.437955565561424
76788.0,76794.45055677442,-6.450556774419965
76774.0,76788.15621048809,-14.1562104880868
76781.0,76774.38132376298,6.618676237019827
76796.0,76778.46907900051,17.530920999488444
76770.0,76793.99740149123,-23.99740149122954
76759.0,76769.34093054796,-10.340930547958123
76675.0,76758.24511659042,-83.24511659042037
76702.0,76676.28225016293,25.717749837072915
76717.0,76701.4648758119,15.535124188099871
76731.0,76715.61753534194,15.382464658061508
76735.0,76729.10850932766,5.8914906723366585
76744.0,76734.1419841497,9.858015850302763
76768.0,76743.52253211148,24.477467888515093
76809.0,76767.0876879779,41.91231202210474
76820.0,76807.53372176235,12.466278237654478
76778.0,76819.53990153738,-41.53990153738414
76769.0,76777.62517350039,-8.625173500389792
76764.0,76769.03046621222,-5.030466212221654
76740.0,76762.93692399598,-22.93692399597785
76761.0,76739.44916169983,21.550838300172472
76801.0,76760.13930057702,40.86069942297763
76773.0,76799.83036967115,-26.830369671151857
76706.0,76772.38671481163,-66.386714811626
76685.0,76706.86612079771,-21.866120797712938
76707.0,76684.83352646962,22.166473530378425
76673.0,76706.83209991473,-33.832099914725404
76685.0,76673.27565992504,11.724340074957581
76669.0,76684.08118017283,-15.081180172826862
76704.0,76667.83958209108,36.160417908919044
76721.0,76702.98689755566,18.013102444339893
76745.0,76720.10974956627,24.890250433731126
76723.0,76743.6122005775,-20.61220057749597
76726.0,76722.19124481146,3.80875518854009
76732.0,76724.00840609093,7.991593909071526
76718.0,76730.7753078809,-12.77530788090371
76732.0,76716.85309308887,15.146906911133556
76732.0,76730.81905602753,1.180943972474779
76715.0,76731.10109468273,-16.101094682730036
76736.0,76714.2544061595,21.745593840503716
76739.0,76734.62258537769,4.377414622314973
76732.0,76738.08425424057,-6.0842542405735
76754.0,76731.06254589756,22.937454102444462
76798.0,76752.99342875369,45.00657124631107
76827.0,76794.9083806901,32.09161930989649
76834.0,76824.95826061706,9.04173938294116
76818.0,76832.81034633354,-14.810346333542839
76835.0,76816.00168039041,18.99831960958545
76821.0,76832.65990417964,-11.65990417964349
76850.0,76820.08790514553,29.912094854473253
76877.0,76848.64655036126,28.35344963874377
76870.0,76876.20851627066,-6.208516270664404
76849.0,76868.4344926991,-19.43449269910343
76862.0,76847.71165982015,14.288340179846273
76862.0,76860.59928880859,1.4007111914106645
76855.0,76860.62667227804,-5.626672278041951
76840.0,76853.88549008517,-13.885490085172933
76844.0,76838.9767432161,5.023256783897523
76856.0,76842.73267930218,13.26732069782156
76853.0,76854.79894130814,-1.798941308137728
76821.0,76851.71762059316,-30.717620593160973
76808.0,76820.47872694314,-12.478726943139918
76802.0,76806.99411429456,-4.994114294560859
76753.0,76800.45837533174,-47.45837533174199
76746.0,76753.26768756383,-7.267687563828076
76747.0,76744.36513135654,2.63486864346487
76759.0,76746.05058783478,12.949412165224203
76775.0,76757.69535335414,17.304646645861794
76778.0,76773.66465854784,4.335341452155262
76781.0,76776.59424586764,4.405754132356378
76797.0,76779.88597545962,17.114024540380342
76856.0,76795.12277330618,60.87722669381765
76882.0,76854.33077314832,27.669226851678104
76873.0,76879.96879602634,-6.968796026339987
76867.0,76871.29759928206,-4.29759928205749
76870.0,76864.67380029729,5.326199702714803
76860.0,76869.03132940135,-9.031329401346738
76808.0,76858.81238310695,-50.81238310695335
76814.0,76808.0288109258,5.971189074203721
76798.0,76812.92735479528,-14.927354795276187
76791.0,76797.57659131712,-6.576591317119892
76793.0,76789.83213033766,3.1678696623421274
76759.0,76792.7276617609,-33.727661760902265
76736.0,76758.97956689053,-22.979566890528076
76716.0,76736.10775488018,-20.107754880184075
76715.0,76716.61234087798,-1.6123408779822057
76687.0,76714.28250128968,-27.282501289679203
76627.0,76686.68568077833,-59.685680778333335
76502.0,76627.83074282178,-125.83074282178131
76629.0,76502.18949170751,126.81050829248852
76594.0,76628.33865840847,-34.33865840846556
76608.0,76595.37092688066,12.629073119343957
76590.0,76606.5291211289,-16.529121128900442
76565.0,76588.20419306059,-23.204193060591933
76567.0,76565.9127374541,1.087262545901467
76591.0,76566.6846719801,24.315328019903973
76597.0,76590.25584888789,6.744151112114196
76588.0,76599.42955509614,-11.429555096139666
76657.0,76585.75391347437,71.24608652562893
76697.0,76656.07035814953,40.929641850467306
76752.0,76695.11835651154,56.88164348846476
76752.0,76750.29053598885,1.7094640111463377
76776.0,76750.88014492634,25.119855073658982
76832.0,76774.37226660967,57.627733390327194
76810.0,76830.38394734444,-20.38394734443864
76770.0,76808.98999118981,-38.9899911898101
76795.0,76769.93210812662,25.06789187337563
76795.0,76793.94750591305,1.052494086950901
76807.0,76793.23023858726,13.769761412739172
76818.0,76805.66197988646,12.33802011354419
76826.0,76817.02694467975,8.97305532025348
76842.0,76824.91070744731,17.089292552685947
76837.0,76841.64205506396,-4.64205506395956
76836.0,76835.93270621184,0.06729378816089593
76831.0,76834.92908722465,-3.9290872246492654
76833.0,76829.80327746911,3.1967225308908382
76843.0,76831.02333676913,11.976663230874692
76849.0,76841.74682944985,7.253170550146024
76850.0,76845.40212817662,4.597871823381865
76880.0,76849.08684693834,30.913153061657795
76856.0,76878.46059834574,-22.460598345744074
76880.0,76854.45241341805,25.547586581946234
76926.0,76876.74099868047,49.25900131952949
76973.0,76924.14204007883,48.857959921166184
76974.0,76970.85222807546,3.1477719245449407
76956.0,76971.77845203174,-15.778452031736379
76906.0,76954.3199315266,-48.31993152659561
76913.0,76905.41858644343,7.581413556574262
76917.0,76911.44144824472,5.558551755282679
76916.0,76915.77598354593,0.2240164540708065
76897.0,76914.93941303388,-17.939413033876917
76910.0,76896.10228562154,13.89771437845775
76910.0,76908.50957549829,1.49042450170964
76928.0,76908.42008773836,19.579912261644495
76951.0,76926.41359138042,24.586408619579743
76950.0,76948.80317969661,1.1968203033902682
76952.0,76948.33653648934,3.663463510660222
76941.0,76950.17914921536,-9.179149215357029
76944.0,76939.35629220308,4.643707796916715
76957.0,76942.0976545255,14.902345474503818
76913.0,76955.17950375797,-42.17950375797227
76944.0,76912.34541289264,31.654587107361294
76972.0,76941.9398801599,30.060119840098196
76972.0,76970.02044717016,1.9795528298418503
76948.0,76970.19507799987,-22.19507799987332
76980.0,76946.71614358308,33.28385641692148
76995.0,76978.1694229831,16.830577016895404
76998.0,76993.13112085906,4.8688791409367695
76995.0,76996.19401856266,-1.1940185626590392
76995.0,76992.9677923732,2.032207626805757
77011.0,76993.09826812037,17.901731879625004
77004.0,77008.80469221069,-4.80469221068779
77011.0,77002.44430509447,8.555694905531709
77012.0,77009.42320895738,2.5767910426220624
77012.0,77010.309671295,1.6903287049935898
77046.0,77010.31542771921,35.684572280792054
77026.0,77046.0158730477,-20.015873047697823
77022.0,77024.63944714917,-2.6394471491657896
76962.0,77020.476061752,-58.47606175199326
76962.0,76961.95811873241,0.041881267592543736
76986.0,76960.86059834588,25.139401654116227
77000.0,76984.57829334498,15.42170665501908
76991.0,76998.40848741194,-7.408487411943497
76988.0,76989.80302091807,-1.8030209180724341
76950.0,76986.61139433071,-36.611394330713665
76958.0,76949.20137745046,8.798622549540596
76958.0,76956.80756035447,1.1924396455287933
76963.0,76956.82245506138,6.1775449386186665
76963.0,76961.75056352672,1.2494364732847316
76963.0,76961.76819100187,1.231808998127235
76983.0,76961.60100758355,21.39899241644889
76991.0,76981.46819460296,9.531805397040443
76954.0,76989.56404478638,-35.56404478638433
76964.0,76953.55028157463,10.44971842537052
76974.0,76962.64722987986,11.352770120138302
76985.0,76972.70456605314,12.295433946856065
76996.0,76983.74633771495,12.25366228504572
76961.0,76996.7908273263,-35.79082732630195
76941.0,76960.52703032819,-19.52703032818681
76907.0,76940.38525608438,-33.38525608438067
76925.0,76906.97897744921,18.021022550790804
76920.0,76924.02717681057,-4.027176810574019
76918.0,76919.35310986635,-1.3531098663515877
76882.0,76916.91114739738,-34.911147397375316
76895.0,76881.2152440374,13.784755962595227
76895.0,76894.09180726025,0.9081927397492109
76918.0,76894.04820090302,23.951799096976174
76905.0,76916.80942055742,-11.80942055741616
76885.0,76904.19506009191,-19.19506009190809
76886.0,76883.74708703416,2.2529129658360034
76858.0,76885.01847188674,-27.018471886738553
76860.0,76857.06377000558,2.9362299944186816
76880.0,76857.63493126105,22.36506873894541
76870.0,76878.8014533177,-8.801453317704727
76872.0,76869.32382598739,2.6761740126094082
76905.0,76871.12364348581,33.87635651418532
76939.0,76903.65939742602,35.34060257398232
76878.0,76937.49702216161,-59.49702216160949
76858.0,76878.38818547543,-20.388185475429054
76867.0,76857.54777610407,9.452223895932548
76878.0,76866.0194877354,11.98051226460666
76902.0,76877.02631905899,24.97368094100966
76865.0,76901.32957313517,-36.329573135168175
76862.0,76865.42947432262,-3.429474322620081
76875.0,76861.17557076657,13.824429233427509
76888.0,76873.98775343348,14.012246566519025
76916.0,76887.20196567375,28.798034326246125
76913.0,76915.0859508662,-2.0859508661960717
76912.0,76912.09525669993,-0.09525669993308838
76912.0,76910.82174823049,1.1782517695100978
76938.0,76910.83875956896,27.161240431043552
76937.0,76936.59509729933,0.4049027006694814
76947.0,76935.74005289322,11.2599471067806
76955.0,76946.64832766324,8.35167233676475
76981.0,76953.86445870924,27.13554129075783
76951.0,76979.6405046049,-28.64050460490398
76941.0,76950.48385140901,-9.483851409007912
76937.0,76940.82293949997,-3.822939499965287
76956.0,76936.02924249422,19.970757505783695
76948.0,76954.98438882812,-6.984388828117517
76964.0,76947.22304283934,16.776957160662278
76913.0,76962.63214468051,-49.632144680508645
76903.0,76913.06938356519,-10.069383565190947
76877.0,76903.74968633875,-26.749686338749598
76866.0,76876.78275218268,-10.782752182683907
76847.0,76865.49113340836,-18.49113340835902
76872.0,76846.85189675873,25.14810324127029
76892.0,76871.15930967304,20.84069032696425
76942.0,76891.16620125598,50.83379874401726
76944.0,76940.2181665142,3.7818334858020535
76941.0,76942.28932036733,-1.2893203673302196
76906.0,76939.68713599003,-33.687135990025126
76856.0,76904.74306010544,-48.7430601054366
76847.0,76855.98086570717,-8.980865707169869
76804.0,76846.41574186494,-42.41574186494108
76804.0,76804.15341785035,-0.15341785034979694
76816.0,76803.51068913312,12.489310866876622
76788.0,76815.28769514442,-27.28769514441956
76785.0,76787.74139834245,-2.7413983424485195
76834.0,76785.10210340489,48.89789659511007
76798.0,76833.11733661772,-35.117336617724504
76799.0,76797.89761369031,1.1023863096925197
76812.0,76798.1573549279,13.842645072101732
76824.0,76814.34785897995,9.652141020051204
76849.0,76820.40126205691,28.598737943088054
76899.0,76847.94108823534,51.05891176465957
76904.0,76897.39480797133,6.60519202866999
76871.0,76902.40142961185,-31.401429611854837
76875.0,76870.40778122774,4.592218772260821
76857.0,76873.37115736096,-16.37115736096166
76869.0,76856.33413003813,12.665869961871067
76854.0,76868.3517444498,-14.351744449799298
76878.0,76853.46070061992,24.539299380077864
76879.0,76876.710171763,2.28982823700062
76860.0,76878.32794282597,-18.32794282597024
76878.0,76859.22001870835,18.779981291649165
76879.0,76877.26211998842,1.7378800115839113
76852.0,76879.00656506431,-27.006565064308234
76852.0,76853.03843981391,-1.0384398139140103
76879.0,76851.04897880019,27.951021199813113
76878.0,76877.93511141147,0.06488858853117563
76860.0,76876.81655908044,-16.816559080441948
76860.0,76860.05243142195,-0.05243142195104156
76878.0,76858.79718129087,19.20281870913459
76886.0,76876.82113843736,9.178861562642851
76911.0,76884.85883859248,26.141161407518666
76886.0,76909.76079913591,-23.76079913591093
76971.0,76885.17510733838,85.82489266162156
77005.0,76969.33494534637,35.6650546536257
77013.0,77003.16942296698,9.830577033018926
77009.0,77012.48602024448,-3.4860202444833703
76988.0,77007.6946133522,-19.694613352199667
76951.0,76986.65347369229,-35.6534736922913
76964.0,76952.59370607627,11.406293923733756
76984.0,76962.80175846095,21.198241539052106
76978.0,76982.83505799189,-4.835057991891517
76973.0,76976.3567906529,-3.3567906529060565
76969.0,76971.69860862289,-2.6986086228862405
76966.0,76967.71684718857,-1.7168471885670442
76987.0,76964.71014743506,22.289852564936155
77000.0,76985.70055326156,14.299446738441475
77012.0,76998.50913909923,13.490860900768894
77012.0,77010.63583006956,1.3641699304425856
77041.0,77011.03769896309,29.962301036910503
77044.0,77040.13008434039,3.869915659612161
77055.0,77042.73215098315,12.267849016847322
77053.0,77053.2189556734,-0.2189556733937934
77063.0,77051.1578161082,11.842183891800232
77043.0,77061.19117718525,-18.191177185246488
77040.0,77041.64411108766,-1.6441110876621678
77047.0,77038.33247501061,8.667524989388767
77070.0,77044.76496301945,25.23503698054992
77070.0,77068.4237262981,1.5762737018958433
77077.0,77068.3750930965,8.624906903496594
77067.0,77074.97954572407,-7.979545724068885
77073.0,77065.21526516443,7.784734835571726
77074.0,77071.4033606477,2.596639352297643
77070.0,77072.30501214227,-2.3050121422711527
77075.0,77068.37419659842,6.625803401577286
77076.0,77071.85951477129,4.140485228708712
77040.0,77075.67011971063,-35.67011971063039
77065.0,77038.7572035399,26.242796460093814
77066.0,77063.6428743386,2.357125661394093
77065.0,77064.796644287,0.2033557130052941
77065.0,77063.48417775141,1.5158222485915758
77070.0,77063.49400095527,6.505999044733471
77066.0,77068.39935016987,-2.399350169871468
77019.0,77064.56360189077,-45.56360189076804
77026.0,77018.8375592304,7.162440769607201
77053.0,77024.74619450649,28.253805493513937
77046.0,77052.243029739,-6.2430297389946645
77046.0,77044.75112238896,1.2488776110403705
77046.0,77044.74685567201,1.253144327987684
77067.0,77044.48466020447,22.515339795529144
77140.0,77065.5782404238,74.42175957620202
77133.0,77138.38104160776,-5.38104160776129
77131.0,77136.86323476429,-5.863234764285153
77132.0,77129.18487895343,2.81512104657304
77148.0,77130.31139522136,17.688604778639274
77147.0,77146.20550437827,0.7944956217252184
77169.0,77144.89984321383,24.100156786167645
77151.0,77167.50400951336,-16.50400951335905
77146.0,77149.71915909751,-3.719159097512602
77146.0,77144.69543129833,1.3045687016710872
77140.0,77144.6636505477,-4.6636505477072205
77134.0,77138.73517430808,-4.735174308079877
77144.0,77132.95129890257,11.048701097432058
77132.0,77142.6042936802,-10.60429368019686
77133.0,77130.94128902638,2.05871097362251
77147.0,77131.71409257388,15.285907426121412
77199.0,77145.56497703702,53.43502296297811
77199.0,77198.10709025718,0.8929097428190289
77220.0,77197.21151164928,22.78848835072131
77208.0,77218.94921383087,-10.949213830870576
77211.0,77206.91553724735,4.084462752653053
77222.0,77209.20788182762,12.79211817237956
77215.0,77220.14993871606,-5.1499387160583865
77215.0,77213.51174862101,1.4882513789925724
77230.0,77213.5129085208,16.48709147919726
77230.0,77228.43783437106,1.562165628944058
77310.0,77228.42106756977,81.57893243023136
77285.0,77308.38902703562,-23.38902703562053
77292.0,77283.33972300816,8.660276991839055
77291.0,77288.90270272807,2.097297271931893
77315.0,77289.336180331,25.663819669003715
77309.0,77313.64791404386,-4.64791404386051
77317.0,77307.42555230057,9.574447699429584
77344.0,77315.20458600788,28.795413992120302
77328.0,77342.26646017728,-14.266460177284898
77321.0,77326.52735495832,-5.527354958321666
77306.0,77319.5038411847,-13.50384118470538
77317.0,77304.73527777815,12.264722221851116
77439.0,77315.45660435682,123.5433956431807
77410.0,77437.38674363756,-27.38674363755854
77410.0,77407.68968578696,2.3103142130421475
77374.0,77407.88335730495,-33.88335730494873
77365.0,77374.48337217847,-9.483372178467107
77373.0,77363.25224435424,9.747755645759753
77328.0,77371.754625619,-43.754625618996215
77339.0,77327.78913514984,11.210864850159851
77343.0,77339.31923184214,3.6807681578648044
77304.0,77340.21276107822,-36.212761078219046
77284.0,77302.34724100605,-18.347241006049444
77290.0,77282.64643638613,7.353563613869483
77265.0,77287.91345005868,-22.91345005868061
77275.0,77264.2004526424,10.799547357601114
77316.0,77273.22827218182,42.77172781818081
77323.0,77314.37608506704,8.623914932963089
77373.0,77321.64089220027,51.35910779972619
77410.0,77369.49716417861,40.50283582138945
77395.0,77408.69929790375,-13.6992979037459
77332.0,77393.10361585215,-61.103615852145595
77319.0,77331.30337899324,-12.303378993237857
77324.0,77318.06751243555,5.932487564452458
77386.0,77321.6559652895,64.3440347105061
77403.0,77384.36138500967,18.63861499032646
77370.0,77401.44305705151,-31.44305705151055
77277.0,77369.09326862625,-92.09326862625312
77259.0,77277.9209511998,-18.92095119980513
77264.0,77258.40006387148,5.599936128521222
77293.0,77263.19013316384,29.809866836163565
77295.0,77293.35335225957,1.6466477404319448
77249.0,77294.09930095819,-45.09930095818709
77244.0,77248.97314531438,-4.97314531437587
77251.0,77243.96931123597,7.030688764032675
77230.0,77249.5023946139,-19.502394613897195
77239.0,77229.73396323691,9.266036763088778
77236.0,77238.6543116567,-2.6543116567045217
77216.0,77235.37696738716,-19.376967387157492
77251.0,77215.81113668256,35.18886331743852
77286.0,77250.0375427451,35.9624572548928
77261.0,77284.15270387767,-23.15270387766941
77222.0,77260.04867490583,-38.04867490583274
77249.0,77222.02608018737,26.97391981263354
77279.0,77248.14442665648,30.85557334352052
77308.0,77277.95108092799,30.048919072010904
77358.0,77306.50153002555,51.498469974452746
77369.0,77356.27629876853,12.72370123147266
77418.0,77367.52771208067,50.472287919328664
77449.0,77416.08736957386,32.91263042614446
77437.0,77447.24251213772,-10.242512137716403
77439.0,77436.84407304153,2.1559269584686263
77429.0,77437.43750385742,-8.437503857421689
77413.0,77427.78275803349,-14.782758033485152
77458.0,77412.49592764456,45.50407235544117
77462.0,77456.5780581914,5.421941808599513
77414.0,77460.51323760592,-46.51323760591913
77396.0,77413.97798364694,-17.97798364693881
77380.0,77395.59137811854,-15.59137811853725
77317.0,77379.46106207866,-62.46106207865523
77325.0,77319.61806602325,5.381933976750588
77376.0,77323.46382656068,52.53617343932274
77388.0,77375.07279769564,12.927202304359525
77404.0,77387.39747112415,16.60252887585375
77426.0,77402.40301895977,23.596981040231185
77400.0,77424.10118979304,-24.101189793043886
77401.0,77398.78224047355,2.2177595264511183
77388.0,77399.47947264498,-11.47947264497634
77357.0,77386.9986480997,-29.998648099703132
77354.0,77356.51760723843,-2.517607238434721
77332.0,77353.01137847138,-21.011378471375792
77355.0,77331.63977223357,23.360227766432217
77362.0,77354.00052761124,7.999472388764843
77363.0,77360.75907333649,2.2409266635077074
77357.0,77361.71307243206,-4.713072432059562
77385.0,77355.80424098628,29.19575901371718
77371.0,77383.65352090675,-12.65352090675151
77354.0,77369.9295045492,-15.929504549203557
77346.0,77353.27022191689,-7.27022191688593
77356.0,77345.16184531998,10.838154680022853
77360.0,77354.60667049584,5.393329504164285
77363.0,77358.9550820405,4.044917959501618
77359.0,77361.90264109573,-2.9026410957303597
77315.0,77358.1449659677,-43.144965967701864
77331.0,77314.97722729684,16.022772703159717
77311.0,77330.25705737862,-19.25705737862154
77291.0,77310.65664286343,-19.656642863425077
77230.0,77289.90314129328,-59.903141293281806
77229.0,77231.25779678115,-2.2577967811521376
77250.0,77228.51739886553,21.482601134470315
77261.0,77249.39463600291,11.605363997092354
77230.0,77260.25677262097,-30.25677262096724
77217.0,77230.48677335319,-13.486773353186436
77230.0,77216.85273852455,13.147261475445703
77248.0,77228.94877329706,19.051226702940767
77250.0,77247.02578878278,2.974211217224365
77223.0,77248.94026670638,-25.940266706384136
77203.0,77222.75639093202,-19.756390932016075
77206.0,77202.16819164084,3.831808359158458
77193.0,77205.40602860652,-12.406028606521431
77160.0,77192.43331403793,-32.43331403793127
77136.0,77159.72559298239,-23.725592982387752
77109.0,77137.63223462862,-28.63223462861788
77204.0,77109.54762950214,94.45237049786374
77198.0,77203.70247237569,-5.702472375691286
77199.0,77197.2803766895,1.7196233105059946
77193.0,77197.66082483064,-4.660824830643833
77196.0,77192.21578710318,3.7842128968186444
77182.0,77195.42918870578,-13.429188705777051
77181.0,77181.68289070658,-0.6828907065792009
77173.0,77179.21533419607,-6.215334196065669
77086.0,77172.53079337125,-86.53079337124655
77086.0,77087.77909225637,-1.779092256372678
77090.0,77085.76326414949,4.236735850514378
77067.0,77090.95869237483,-23.958692374828388
77109.0,77065.89186181217,43.10813818783208
77119.0,77108.65580142154,10.344198578459327
77101.0,77118.14607485483,-17.14607485482702
77086.0,77101.61206019929,-15.612060199287953
77095.0,77086.03403845303,8.965961546971812
77093.0,77094.86500504822,-1.8650050482247025
77085.0,77092.17354606184,-7.173546061836532
77118.0,77084.29094150626,33.709058493739576
77122.0,77117.36414704357,4.635852956431336
77119.0,77119.89233482479,-0.8923348247917602
77102.0,77119.58298309964,-17.582983099637204
77096.0,77101.62550012297,-5.6255001229728805
77085.0,77095.76762608007,-10.767626080065384
77084.0,77084.74098202237,-0.7409820223692805
77091.0,77084.20353747703,6.796462522965157
77096.0,77090.64722767193,5.352772328071296
77160.0,77094.12224166733,65.8777583326737
77194.0,77158.3738713176,35.62612868240103
77196.0,77194.42415560604,1.5758443939557765
77148.0,77193.53819963802,-45.53819963801652
77121.0,77147.68802702441,-26.688027024414623
77126.0,77120.53933721685,5.460662783152657
77117.0,77125.34791163757,-8.34791163756745
77136.0,77116.68366032542,19.316339674580377
77141.0,77135.40829415497,5.591705845028628
77150.0,77140.1161069773,9.883893022706616
77130.0,77148.81547780312,-18.815477803116664
77154.0,77129.70460219475,24.295397805253742
77149.0,77153.03033773958,-4.030337739575771
77111.0,77148.10932957387,-37.10932957386831
77146.0,77111.02066818331,34.97933181669214
77173.0,77145.12204918881,27.877950811191113
77211.0,77171.74317930033,39.256820699665695
77170.0,77209.5359225278,-39.535922527793446
77209.0,77169.13632825781,39.86367174219049
77202.0,77207.19753934268,-5.19753934268374
77202.0,77200.69951285777,1.3004871422308497
77144.0,77200.70117382046,-56.7011738204601
77048.0,77144.5411563129,-96.54115631290188
77046.0,77048.5805482193,-2.5805482192954514
77046.0,77046.15951330273,-0.15951330272946507
77036.0,77045.7247605763,-9.72476057629683
76999.0,77035.93651877086,-36.93651877086086
76998.0,76999.57953735995,-1.5795373599539744
76990.0,76999.47994968525,-9.479949685250176
76989.0,76989.38829994175,-0.3882999417546671
76993.0,76988.00552653019,4.994473469807417
76955.0,76992.49984605171,-37.49984605170903
76934.0,76953.21113151198,-19.211131511983695
76933.0,76933.68007373091,-0.6800737309094984
76910.0,76931.71186370474,-21.71186370473879
76864.0,76910.98014093483,-46.98014093482925
76716.0,76864.84690294211,-148.84690294211032
76714.0,76715.43458842523,-1.434588425225229
76725.0,76716.14632188887,8.853678111132467
76720.0,76728.3990138475,-8.399013847505557
76759.0,76720.5742338046,38.42576619540341
76722.0,76758.30755877795,-36.307558777945815
76682.0,76722.49866942324,-40.4986694232357
76728.0,76686.6883968876,41.31160311239364
76717.0,76727.11711331923,-10.11711331922561
76693.0,76717.00042278165,-24.00042278165347
76694.0,76692.91993790593,1.0800620940717636
76856.0,76693.98223389557,162.01776610442903
76839.0,76854.99888472828,-15.998884728280245
76840.0,76837.86182433,2.1381756699993275
76831.0,76839.13200506906,-8.132005069055595
76837.0,76830.18879163542,6.811208364582853
76818.0,76836.24531881412,-18.245318814122584
76818.0,76818.34805740493,-0.3480574049317511
76807.0,76817.36165961297,-10.36165961297229
76831.0,76807.18982119765,23.810178802348673
76887.0,76830.22761327653,56.77238672347448
76880.0,76886.18214483518,-6.182144835183863
76847.0,76878.8060829567,-31.806082956696628
76828.0,76847.22341262689,-19.223412626888603
76828.0,76827.98416438315,0.015835616854019463
76827.0,76826.77061791653,0.22938208347477484
76752.0,76826.8730255974,-74.87302559739328
76771.0,76754.52610882839,16.473891171612195
76682.0,76770.749185892,-88.7491858919966
76759.0,76684.30541070555,74.69458929444954
76762.0,76757.49295641268,4.507043587320368
76783.0,76761.22633911249,21.77366088751296
76769.0,76781.97889900258,-12.978899002584512
76761.0,76768.63871801912,-7.638718019123189
76762.0,76760.1562333433,1.843766656704247
76761.0,76761.31164875203,-0.3116487520310329
76780.0,76760.57204666967,19.427953330334276
76789.0,76779.06274670587,9.93725329413428
76789.0,76788.18026708825,0.8197329117538175
76785.0,76788.01753967447,-3.017539674474392
76727.0,76784.08382649929,-57.08382649929263
76745.0,76727.33376646641,17.66623353358591
76757.0,76743.83737455521,13.162625444791047
76759.0,76756.29394494783,2.7060550521709956
76732.0,76758.52651472963,-26.526514729630435
76703.0,76731.25471390817,-28.254713908172562
76725.0,76703.07612677712,21.92387322288414
76699.0,76723.38999444064,-24.38999444064393
76755.0,76699.44634972079,55.55365027920925
76778.0,76754.16682555311,23.833174446888734
76763.0,76777.07907678148,-14.079076781476033
76766.0,76760.44701373535,5.552986264650826
76753.0,76764.80351028514,-11.803510285142693
76747.0,76752.011806945,-5.011806944996351
76764.0,76746.10727703426,17.892722965741996
76809.0,76762.76508639964,46.234913600361324
76818.0,76809.45028644675,8.549713553249603
76826.0,76817.35396953732,8.646030462681665
76836.0,76824.37345496457,11.626545035425806
76830.0,76834.3000649003,-4.300064900293364
76801.0,76828.65711052375,-27.657110523752635
76789.0,76800.3829473008,-11.382947300793603
76785.0,76788.21491667055,-3.214916670549428
76804.0,76784.22999799103,19.77000200896873
76815.0,76802.93364054697,12.066359453034238
76797.0,76813.95352517007,-16.95352517007268
76801.0,76796.1323500698,4.867649930194602
76783.0,76799.68593970002,-16.685939700022573
76797.0,76782.18839476246,14.811605237540789
76797.0,76795.8073954242,1.1926045758009423
76800.0,76795.98825284067,4.0117471593257505
76808.0,76798.75335891593,9.246641084071598
76808.0,76807.02150920138,0.9784907986177132
76796.0,76806.66294288279,-10.66294288278732
76796.0,76794.97283475297,1.0271652470255503
76811.0,76794.7206723766,16.279327623400604
76829.0,76809.5245135382,19.475486461800756
76830.0,76827.4213926307,2.578607369301608
76803.0,76829.42700475613,-26.427004756129463
76806.0,76802.3982318739,3.601768126100069
76815.0,76804.75823526077,10.241764739228529
76808.0,76813.87335951714,-5.873359517136123
76793.0,76806.9676436496,-13.96764364959381
76780.0,76792.31912704067,-12.319127040667809
76788.0,76779.1529021953,8.847097804697114
76786.0,76786.82425277776,-0.8242527777620126
76788.0,76785.15468878164,2.8453112183633493
76789.0,76786.86109226884,2.138907731161453
76804.0,76787.28676930201,16.713230697991094
76809.0,76802.81485881587,6.185141184134409
76830.0,76807.7279703853,22.27202961470175
76839.0,76828.87508617548,10.124913824518444
76840.0,76837.52306742517,2.476932574834791
76863.0,76838.11680595756,24.883194042442483
76877.0,76862.14677380386,14.853226196137257
76869.0,76875.50043400536,-6.50043400535651
76891.0,76867.67470819972,23.325291800283594
76914.0,76889.41472694345,24.58527305655298
76888.0,76912.59118816716,-24.591188167163637
76860.0,76888.05025582625,-28.050255826252396
76847.0,76859.43721790279,-12.43721790278505
76818.0,76846.19457222734,-28.19457222733763
76814.0,76818.11889430237,-4.118894302373519
76824.0,76813.36783224539,10.632167754607508
76773.0,76822.95288301562,-49.95288301561959
76750.0,76773.12111716613,-23.12111716612708
76753.0,76748.62664812188,4.373351878122776
76728.0,76752.16636278841,-24.16636278841179
76738.0,76727.53909648462,10.460903515384416
76801.0,76737.38900255096,63.61099744903913
76799.0,76800.12269667086,-1.122696670863661
76782.0,76796.99973352342,-14.999733523422037
76794.0,76781.7597748781,12.240225121902768
76821.0,76792.52854617531,28.471453824691707
76790.0,76819.25890523687,-29.258905236871215
76795.0,76789.33270031979,5.667299680208089
76769.0,76793.39014429283,-24.3901442928327
76764.0,76768.5309496349,-4.53094963489275
76769.0,76763.11240068759,5.887599312409293
76768.0,76768.86226356268,-0.8622635626816191
76768.0,76767.12623326723,0.8737667327659437
76871.0,76767.17238206994,103.8276179300592
76838.0,76869.60832499835,-31.608324998349417
76834.0,76837.45925819121,-3.459258191214758
76808.0,76832.81404047763,-24.81404047763499
76825.0,76807.31885349963,17.681146500370232
76848.0,76823.04409208112,24.95590791887662
76862.0,76846.94171854644,15.058281453559175
76894.0,76860.49311196731,33.50688803268713
76917.0,76892.38115114883,24.618848851168877
76936.0,76915.06336873358,20.93663126642059
76922.0,76934.0916968479,-12.091696847899584
76923.0,76920.95772434556,2.042275654443074
76931.0,76921.49709657775,9.50290342225344
76925.0,76928.84044350561,-3.8404435056145303
76925.0,76923.81326542454,1.1867345754581038
76925.0,76923.81233125272,1.187668747283169
76898.0,76923.58626280281,-25.58626280281169
76896.0,76897.2136578264,-1.2136578264035052
76878.0,76894.9095708943,-16.909570894305944
76886.0,76877.3052920442,8.694707955801277
76928.0,76884.83048071589,43.16951928411436
76929.0,76927.0576999728,1.9423000272072386
76927.0,76927.19847512273,-0.19847512272826862
76926.0,76925.52282914265,0.4771708573534852
76962.0,76926.11124447861,35.88875552138779
76962.0,76960.16323332663,1.8367666733684018
77022.0,76960.40321922759,61.59678077240824
77040.0,77020.2510741633,19.748925836698618
77023.0,77038.98224999316,-15.982249993161531
76998.0,77021.18189311957,-23.181893119573942
76980.0,76996.90253965207,-16.902539652073756
76980.0,76978.31819435873,1.681805641273968
76962.0,76978.75918531994,-16.759185319941025
76946.0,76961.2169314125,-15.2169314125058
76954.0,76945.26947929217,8.730520707831602
76954.0,76953.1065728226,0.8934271774051012
76949.0,76952.71864070343,-3.718640703431447
76932.0,76948.72005706385,-16.720057063852437
76929.0,76931.09216429286,-2.092164292858797
76967.0,76927.82223735611,39.17776264388522
76969.0,76965.67299337986,3.3270066201366717
76970.0,76967.06791377316,2.9320862268359633
76961.0,76968.47706122552,-7.477061225523357
76957.0,76959.63196007635,-2.631960076352698
77000.0,76955.56517917642,44.43482082357514
77019.0,76997.8402694799,21.1597305200994
77053.0,77017.34994555969,35.65005444030976
77068.0,77051.35985845198,16.640141548021347
77138.0,77065.86252655374,72.13747344625881
77062.0,77136.07702442068,-74.07702442067966
77047.0,77061.69780404793,-14.697804047929822
77048.0,77045.03847661997,2.961523380028666
77032.0,77046.67446956228,-14.6744695622765
77031.0,77031.86011391396,-0.8601139139645966
76994.0,77029.74531375337,-35.74531375337392
76985.0,76993.73186843768,-8.731868437680532
76927.0,76984.22072802055,-57.22072802054754
76890.0,76927.66356468173,-37.66356468173035
76889.0,76890.18594325395,-1.1859432539495174
76895.0,76888.65060013231,6.349399867685861
76878.0,76893.69049548604,-15.690495486036525
76867.0,76877.80575571508,-10.805755715075065
76822.0,76867.19391175914,-45.193911759139155
76863.0,76821.27908146373,41.72091853627353
76860.0,76862.43965906277,-2.4396590627729893
76871.0,76859.17303493962,11.826965060376097
76867.0,76869.97166741715,-2.9716674171504565
76887.0,76865.98952489058,21.01047510941862
76907.0,76885.40097845274,21.59902154725569
76898.0,76907.61903659883,-9.619036598829553
76926.0,76896.92283015892,29.07716984108265
76921.0,76924.50684460571,-3.5068446057121037
76922.0,76919.86569353986,2.1343064601387596
76966.0,76920.86074809679,45.13925190320879
76955.0,76964.8520775381,-9.852077538103913
76942.0,76954.0363034661,-12.036303466098616
76951.0,76941.18803147368,9.811968526322744
76946.0,76950.10889261863,-4.108892618634854
76955.0,76944.86591906293,10.134080937074032
76894.0,76954.1175303529,-60.11753035290167
76917.0,76894.6313139984,22.368686001602327
76941.0,76915.95038766296,25.049612337039434
76943.0,76940.381063463,2.618936536993715
76925.0,76942.1506053758,-17.150605375805753
76980.0,76924.46749131972,55.532508680276806
77012.0,76978.0385105584,33.96148944160086
76997.0,77010.58930121588,-13.58930121587764
77006.0,76995.88938841893,10.110611581068952
77012.0,77004.46880305152,7.531196948475554
77006.0,77010.34320860174,-4.343208601741935
77008.0,77004.82758193117,3.172418068832485
76991.0,77006.93195603536,-15.931956035361509
76992.0,76990.23391111633,1.7660888836689992
76993.0,76990.8968536965,2.1031463035033084
76994.0,76991.9411465768,2.0588534231937956
76987.0,76992.9936907976,-5.993690797593445
76991.0,76986.15400075978,4.845999240220408
76991.0,76990.63922113966,0.36077886034036055
76949.0,76989.91773009345,-40.91773009345343
76963.0,76949.12148114992,13.878518850076944
76944.0,76962.16625974273,-18.166259742734837
76940.0,76943.4602166135,-3.460216613500961
76923.0,76938.76104816163,-15.761048161628423
76850.0,76922.51814450722,-72.51814450722304
76850.0,76851.16539425954,-1.165394259543973
76839.0,76849.56920469881,-10.569204698811518
76877.0,76838.653871747,38.34612825300428
76883.0,76875.5391193284,7.460880671598716
76881.0,76882.06976033142,-1.0697603314183652
76889.0,76879.90326949448,9.096730505523738
76930.0,76887.80740475288,42.19259524712106
76927.0,76928.44604302253,-1.4460430225299206
76907.0,76925.68462551235,-18.684625512352795
76895.0,76905.85721002957,-10.857210029571434
76912.0,76894.15712544112,17.842874558875337
76913.0,76910.70747851813,2.2925214818678796
76877.0,76912.11307993328,-35.113079933275
76835.0,76877.01601334491,-42.01601334490988
76753.0,76834.62785118594,-81.62785118594184
76785.0,76753.68334915303,31.31665084697306
76775.0,76785.0246538334,-10.024653833403136
76771.0,76775.33139591312,-4.331395913119195
76664.0,76770.87899910938,-106.87899910937995
76591.0,76666.65226902762,-75.65226902761788
76602.0,76592.46267219138,9.537327808619011
76647.0,76602.6528267722,44.34717322779761
76662.0,76646.35618649134,15.643813508664607
76652.0,76663.43370464127,-11.433704641269287
76662.0,76652.59931087223,9.400689127767691
76674.0,76660.15672952252,13.843270477475016
76706.0,76673.06967016756,32.930329832437565
76730.0,76705.12265008016,24.877349919843255
76710.0,76729.05540483935,-19.055404839353287
76704.0,76709.53838995394,-5.538389953944716
76702.0,76703.45260470964,-1.4526047096442198
76699.0,76701.3383790884,-2.338379088396323
76739.0,76698.46532299946,40.534677000541706
76740.0,76738.34983657747,1.6501634225278394
76718.0,76739.37163100095,-21.371631000947673
76704.0,76718.00796346244,-14.007963462441694
76696.0,76703.97787656121,-7.977876561213634
76677.0,76694.77839232686,-17.77839232685801
76687.0,76677.3910652781,9.608934721894911
76688.0,76686.88875060536,1.1112493946420727
76688.0,76688.16698255611,-0.1669825561111793
76649.0,76687.55436017331,-38.55436017330794
76693.0,76650.03617336237,42.96382663762779
76631.0,76692.17352900031,-61.173529000312556
76651.0,76632.01285282295,18.9871471770457
76607.0,76652.66827268199,-45.6682726819854
76583.0,76607.09688216925,-24.09688216925133
76601.0,76583.30993441974,17.690065580260125
76611.0,76600.51697870572,10.483021294276114
76572.0,76610.29324686073,-38.293246860732324
76551.0,76572.55972894879,-21.559728948792326
76527.0,76551.2415518767,-24.241551876693848
76454.0,76527.87415815772,-73.87415815771965
76493.0,76454.18494768132,38.81505231867777
76481.0,76492.74446424606,-11.744464246061398
76491.0,76482.29942335414,8.700576645860565
76535.0,76491.32038787597,43.679612124033156
76616.0,76534.14319675397,81.85680324603163
76634.0,76615.23453628518,18.765463714822545
76642.0,76631.3442954333,10.65570456669957
76635.0,76641.76613985364,-6.7661398536438355
76649.0,76633.7462798812,15.253720118795172
76647.0,76647.61793086313,-0.6179308631253662
76611.0,76646.75826651168,-35.75826651167881
76609.0,76610.3570878239,-1.357087823897018
76640.0,76608.10514149311,31.89485850688652
76633.0,76639.41138701786,-6.411387017855304
76708.0,76632.50023271627,75.4997672837344
76693.0,76706.70065884155,-13.700658841553377
76705.0,76692.11378473903,12.8862152609654
76717.0,76703.83259034301,13.167409656991367
76723.0,76715.7254642884,7.274535711592762
76783.0,76721.62201219708,61.37798780291632
76782.0,76781.38650989192,0.6134901080804411
76805.0,76780.4975958743,24.502404125698376
76797.0,76803.11373642978,-6.113736429775599
76852.0,76795.38718772808,56.61281227192376
76852.0,76849.86509693062,2.134903069381835
76831.0,76850.17385059444,-19.17385059443768
76827.0,76829.01229642512,-2.0122964251204394
76842.0,76825.71311978732,16.286880212675896
76856.0,76840.41613738178,15.583862618223066
76814.0,76854.70059095706,-40.70059095705801
76824.0,76814.01686979274,9.983130207256181
76795.0,76822.41905981193,-27.41905981193122
76788.0,76795.09298305961,-7.092983059614198
76781.0,76787.33891432903,-6.338914329026011
76844.0,76780.84479200133,63.15520799867227
76840.0,76841.99931483933,-1.9993148393259617
76846.0,76838.35319376158,7.646806238422869
76906.0,76844.16537664516,61.83462335483637
76906.0,76903.65036395594,2.3496360440622084
76883.0,76903.2726830251,-20.272683025104925
76899.0,76881.93074774306,17.06925225694431
76901.0,76896.92767847679,4.072321523213759
76875.0,76898.98543831817,-23.985438318166416
76860.0,76873.87594423833,-13.875944238330703
76856.0,76859.65379197891,-3.653791978911613
76848.0,76855.94719446778,-7.9471944677789
76838.0,76846.77721376078,-8.777213760782615
76804.0,76835.27013987431,-31.27013987430837
76808.0,76803.67625631625,4.3237436837516725
76791.0,76807.38152708179,-16.38152708178677
76786.0,76790.22612358656,-4.22612358655897
76825.0,76784.9342592656,40.06574073439697
76817.0,76823.50789277162,-6.507892771624029
76795.0,76814.77783228655,-19.7778322865488
76791.0,76793.9409548061,-2.9409548060939414
76796.0,76789.9349811971,6.065018802895793
76811.0,76794.52152953496,16.47847046503739
76837.0,76810.01401618787,26.98598381213378
76838.0,76834.61234070231,3.387659297688515
76917.0,76836.93647656418,80.06352343581966
76915.0,76914.05165185909,0.9483481409115484
76911.0,76912.33292146011,-1.3329214601108106
76880.0,76910.31119067132,-30.31119067131658
76916.0,76879.13401310917,36.865986890828935
76894.0,76914.45985973741,-20.459859737413353
76894.0,76893.41729458966,0.5827054103428964
76875.0,76892.03504933692,-17.035049336918746
76860.0,76874.50952404788,-14.509524047884042
76843.0,76859.19970140388,-16.199701403878862
76872.0,76842.52112403237,29.4788759676303
76914.0,76870.93706570264,43.06293429735524
76941.0,76912.84593810719,28.154061892812024
76951.0,76939.36548731344,11.63451268656354
76981.0,76949.09313930958,31.906860690418398
76964.0,76979.09222821152,-15.092228211520705
76891.0,76962.8110195042,-71.81101950419543
76874.0,76891.39651081496,-17.396510814956855
76915.0,76872.87153588177,42.128464118228294
76885.0,76914.17719612362,-29.177196123622707
76884.0,76884.61719214125,-0.6171921412460506
76901.0,76882.8333159474,18.16668405260134
76896.0,76899.73427470031,-3.734274700313108
76884.0,76895.14526479038,-11.14526479037886
76882.0,76882.83159254615,-0.8315925461502047
76839.0,76880.94925405605,-41.9492540560459
76828.0,76838.99494032285,-10.994940322852926
76826.0,76827.44395742759,-1.4439574275893392
76821.0,76825.18941332988,-4.189413329877425
76791.0,76820.18232252555,-29.182322525550262
76801.0,76790.60982493869,10.390175061314949
76782.0,76800.59954453842,-18.59954453841783
76786.0,76781.64327816122,4.356721838776139
76814.0,76785.25505942067,28.744940579330432
76749.0,76813.026675244,-64.02667524399294
76749.0,76749.53048084436,-0.5304808443615912
76773.0,76748.34104230316,24.658957696839934
76789.0,76772.16814555755,16.83185444245464
76796.0,76787.74408889192,8.255911108077271
76800.0,76795.07311999476,4.926880005237763
76808.0,76798.76380503373,9.236194966273615
76829.0,76806.82064357561,22.179356424385333
76847.0,76827.83898051035,19.161019489649334
76842.0,76846.4912558216,-4.491255821601953
76841.0,76840.59998930094,0.40001069905702025
76828.0,76839.51771934703,-11.517719347029924
76800.0,76827.17574574197,-27.175745741973515
76793.0,76799.7896167201,-6.789616720096092
76799.0,76792.50373179319,6.49626820681442
76812.0,76798.94097281154,13.059027188457549
76802.0,76811.28796869793,-9.28796869792859
76820.0,76801.41825692986,18.581743070142693
76846.0,76818.82406045945,27.175939540553372
76850.0,76844.60473222696,5.395267773041269
76824.0,76848.79748071886,-24.797480718858424
76813.0,76823.51779424248,-10.517794242477976
76834.0,76812.17721324044,21.82278675955604
76840.0,76833.01600400201,6.983995997987222
76833.0,76838.98311163721,-5.983111637207912
76824.0,76832.1792510641,-8.179251064095297
76805.0,76823.18498875303,-18.18498875302612
76809.0,76803.94463388466,5.055366115338984
76831.0,76808.20793805101,22.792061948988703
76829.0,76829.75641856021,-0.7564185602095677
76801.0,76828.1242838885,-27.124283888493665
76794.0,76800.78345097111,-6.783450971110142
76802.0,76793.2806822495,8.719317750495975
76785.0,76801.0875499998,-16.087549999792827
76782.0,76784.51762895372,-2.517628953719395
76754.0,76781.24290384914,-27.24290384913911
76718.0,76753.92227646886,-35.92227646886022
76730.0,76718.23085311614,11.76914688386023
76756.0,76729.24517659105,26.75482340894814
76779.0,76754.79665521551,24.203344784487854
76753.0,76778.16386092595,-25.163860925953486
76742.0,76752.58335021748,-10.583350217479165
76707.0,76741.26517109017,-34.26517109017004
76672.0,76706.0139546167,-34.01395461670472
76668.0,76671.6476660982,-3.647666098200716
76643.0,76667.97524462233,-24.97524462232832
76649.0,76643.24939423172,5.750605768276728
76666.0,76648.67487701515,17.325122984853806
76694.0,76665.3002852856,28.699714714399306
76693.0,76693.14212628012,-0.14212628011591733
76667.0,76692.04138622804,-25.04138622804021
76686.0,76666.64367640004,19.356323599960888
76692.0,76685.18600228842,6.81399771157885
76688.0,76691.17852415975,-3.1785241597535787
76675.0,76687.2444444404,-12.244444440395455
76641.0,76674.35581447677,-33.35581447677396
76601.0,76641.07455553176,-40.07455553175532
76566.0,76601.54312992256,-35.54312992256018
76555.0,76566.73318090175,-11.73318090174871
76579.0,76555.42127486464,23.57872513536131
76560.0,76579.62935714313,-19.62935714313062
76504.0,76560.13806368085,-56.138063680846244
76532.0,76504.76620034048,27.23379965951608
76590.0,76530.46914938717,59.53085061283491
76619.0,76589.32560280702,29.674397192982724
76623.0,76618.14016364673,4.859836353265564
76611.0,76621.96344308427,-10.963443084270693
76600.0,76610.11941081594,-10.119410815939773
76616.0,76599.17827815453,16.821721845466527
76589.0,76615.19277597852,-26.192775978517602
76610.0,76588.86354579993,21.13645420006651
76644.0,76609.37227241513,34.62772758486972
76683.0,76642.93245842552,40.06754157447722
76632.0,76682.00594329668,-50.005943296680925
76640.0,76632.35137622578,7.6486237742210506
76581.0,76641.3656820617,-60.36568206170341
76580.0,76581.7069100149,-1.7069100148946745
76574.0,76579.03615276823,-5.036152768225293
76521.0,76574.0106548778,-53.010654877798515
76534.0,76522.09535984493,11.904640155073139
76551.0,76533.61637015283,17.383629847172415
76536.0,76550.28510151008,-14.285101510075037
76532.0,76535.0622400307,-3.0622400307038333
76532.0,76531.48560844308,0.5143915569206001
76518.0,76531.47381393221,-13.473813932214398
76483.0,76517.70906288439,-34.709062884387095
76497.0,76483.37084954565,13.629150454347837
76507.0,76496.45072404383,10.549275956174824
76546.0,76506.26843883173,39.73156116827158
76537.0,76547.50454865387,-10.504548653872916
76533.0,76536.35612823027,-3.3561282302689506
76519.0,76532.03764436502,-13.037644365016604
76515.0,76518.33373398762,-3.3337339876161423
76516.0,76514.24939799635,1.7506020036526024
76509.0,76515.39454564365,-6.394545643648598
76517.0,76508.46080051524,8.539199484759592
76511.0,76516.3221946296,-5.322194629596197
76522.0,76510.37221237023,11.627787629768136
76522.0,76521.16180226457,0.8381977354292758
76522.0,76521.13209230023,0.8679076997650554
76532.0,76521.0696582506,10.930341749393847
76561.0,76531.19372979597,29.806270204033353
76559.0,76560.014505439,-1.0145054390013684
76565.0,76557.29027545343,7.709724546570214
76590.0,76563.81217762969,26.187822370309732
76597.0,76589.72298010348,7.277019896515412
76594.0,76595.64572813467,-1.6457281346665695
76584.0,76592.87876513312,-8.878765133122215
76567.0,76583.01500139543,-16.015001395426225
76559.0,76566.31090261649,-7.310902616489329
76588.0,76558.13458516312,29.865414836880518
76601.0,76587.04923931076,13.950760689243907
76607.0,76599.9320146471,7.067985352899996
76612.0,76605.68737511084,6.312624889163999
76620.0,76610.59667629171,9.403323708291282
76614.0,76618.66368250598,-4.663682505983161
76600.0,76612.82845195955,-12.828451959547237
76594.0,76599.0384905841,-5.0384905841056025
76596.0,76592.99485616773,3.005143832269823
76606.0,76594.91299709467,11.087002905333065
76622.0,76604.85742387552,17.142576124475454
76609.0,76620.45153351336,-11.451533513361937
76611.0,76608.03178421513,2.968215784872882
76611.0,76609.7163181845,1.2836818155046785
76612.0,76609.74090074224,2.259099257760681
76620.0,76610.84863351382,9.151366486184997
76585.0,76618.66601305718,-33.66601305718359
76581.0,76584.66161106598,-3.6616110659815604
76588.0,76579.24360183389,8.756398166107829
76614.0,76586.84224113204,27.15775886796473
76632.0,76612.77475379813,19.225246201865957
76590.0,76630.07070437637,-40.07070437636867
76563.0,76589.71910964604,-26.71910964604467
76548.0,76562.60080619174,-14.60080619173823
76543.0,76547.3816137065,-4.381613706500502
76531.0,76542.25304425188,-11.253044251876418
76530.0,76530.54385041472,-0.5438504147168715
76495.0,76529.59514560517,-34.59514560516982
76512.0,76493.78006051473,18.21993948526506
76489.0,76511.48611576304,-22.48611576303665
76481.0,76489.59721818699,-8.597218186987448
76455.0,76480.30645408898,-25.306454088975443
76449.0,76454.87567130802,-5.8756713080219924
76456.0,76448.04712054414,7.952879455857328
76455.0,76454.8600292124,0.13997078759712167
76412.0,76454.16690683708,-42.166906837082934
76414.0,76412.74038348164,1.259616518364055
76382.0,76413.43786119488,-31.43786119487777
76416.0,76381.40191463719,34.598085362813435
76375.0,76413.18605910568,-38.18605910567567
76395.0,76379.85495498459,15.145045015407959
76432.0,76394.21583486971,37.784165130287874
76427.0,76432.4335293961,-5.433529396104859
76449.0,76426.22548875897,22.774511241033906
76403.0,76447.72407040355,-44.724070403550286
76408.0,76403.71412954797,4.285870452033123
76402.0,76407.14689649228,-5.146896492282394
76329.0,76400.30998359264,-71.30998359264049
76296.0,76330.40119757986,-34.40119757986395
76333.0,76295.31883938894,37.68116061105684
76280.0,76333.1386032383,-53.138603238301584
76260.0,76281.6517406348,-21.651740634799353
76302.0,76263.3620344823,38.63796551770065
76287.0,76302.11474970308,-15.114749703076086
76284.0,76287.13979910608,-3.139799106080318
76301.0,76284.08546435353,16.91453564647236
76267.0,76300.33610076935,-33.33610076934565
76216.0,76267.03377400698,-51.03377400698082
76226.0,76216.61989013212,9.380109867881401
76205.0,76223.62102489089,-18.621024890890112
76242.0,76208.3421044214,33.657895578595344
76198.0,76242.9165690429,-44.91656904290721
76244.0,76198.40788135007,45.59211864993267
76256.0,76243.90256583701,12.097434162991703
76278.0,76255.0955211177,22.904478882293915
76252.0,76277.25294582917,-25.25294582916831
76254.0,76252.13454439334,1.8654556066612713
76246.0,76252.9252326768,-6.9252326768037165
76201.0,76246.4148796124,-45.41487961240637
76160.0,76201.6106930084,-41.61069300840609
76151.0,76161.06914591236,-10.069145912362728
76166.0,76152.6605143301,13.339485669901478
76161.0,76166.0266233644,-5.026623364406987
76141.0,76160.62225686981,-19.62225686981401
76170.0,76141.76519624436,28.234803755636676
76200.0,76169.64405521099,30.355944789014757
76185.0,76201.60850567924,-16.60850567923626
76172.0,76184.95314195944,-12.953141959442291
76187.0,76172.47473231776,14.525267682241974
76196.0,76186.17344373713,9.826556262865779
76188.0,76195.77334622513,-7.773346225134446
76203.0,76191.18221978254,11.817780217461404
76221.0,76200.7746457199,20.22535428010451
76219.0,76220.88095074754,-1.8809507475380087
76195.0,76218.17160679176,-23.171606791758677
76241.0,76194.75812630287,46.24187369713036
76226.0,76238.76975463533,-12.769754635330173
76188.0,76225.57173104405,-37.571731044052285
76253.0,76189.00470163919,63.9952983608091
76222.0,76252.40216083998,-30.402160839978023
76217.0,76221.23972021439,-4.239720214391127
76263.0,76214.73543354662,48.26456645337748
76300.0,76261.9509019809,38.049098019095254
76273.0,76299.1301857643,-26.130185764297494
76263.0,76272.50075400104,-9.50075400104106
76280.0,76262.01463668517,17.985363314830465
76248.0,76278.84694619612,-30.84694619612128
76252.0,76248.09972466827,3.9002753317327006
76238.0,76252.24256162895,-14.242561628954718
76193.0,76237.36765322938,-44.36765322937572
76281.0,76191.83824572878,89.16175427121925
76283.0,76286.78114410404,-3.781144104039413
76228.0,76284.70947374051,-56.709473740513204
76244.0,76226.80617350804,17.193826491959044
76245.0,76242.12389494485,2.876105055154767
76183.0,76243.65430835867,-60.654308358673006
76202.0,76183.55864222586,18.441357774136122
76214.0,76201.01269045635,12.987309543648735
76217.0,76212.82523860478,4.174761395217502
76221.0,76215.94706170216,5.052938297842047
76197.0,76219.86337332634,-22.86337332634139
76203.0,76196.30739834835,6.692601651651785
76201.0,76200.97069041595,0.02930958404613193
76236.0,76199.65847184186,36.341528158140136
76256.0,76234.88593824745,21.114061752552516
76262.0,76255.22146453975,6.778535460252897
76221.0,76259.19169362611,-38.19169362611137
76263.0,76222.2637717531,40.736228246896644
76269.0,76261.70990153142,7.290098468583892
76269.0,76268.97834363813,0.021656361874192953
76298.0,76267.90927820264,30.09072179735813
76282.0,76296.91987327859,-14.919873278588057
76267.0,76281.75007750517,-14.750077505173977
76308.0,76266.11668089329,41.88331910670968
76305.0,76306.71038140658,-1.7103814065776533
76300.0,76303.54173952127,-3.5417395212716656
76328.0,76298.07040590359,29.929594096407527
76373.0,76326.9399539471,46.060046052894904
76362.0,76371.59770564003,-9.597705640029744
76378.0,76362.8577723119,15.142227688105777
76403.0,76375.8200743124,27.17992568759655
76384.0,76401.00499105922,-17.00499105922063
76367.0,76382.782568857,-15.782568857001024
76363.0,76366.56970265087,-3.569702650871477
76343.0,76361.65650174159,-18.65650174158509
76346.0,76342.24914927637,3.7508507236343576
76356.0,76344.80171116475,11.198288835250423
76346.0,76354.77508637015,-8.775086370151257
76340.0,76344.9516149765,-4.951614976496785
76351.0,76339.29073752847,11.709262471529655
76341.0,76349.40131439421,-8.401314394213841
76334.0,76339.92861301536,-5.928613015363226
76322.0,76332.9613864316,-10.961386431605206
76306.0,76320.15499492212,-14.154994922122569
76303.0,76305.0100737491,-2.0100737491011387
76271.0,76301.98645136385,-30.986451363845845
76262.0,76271.21683049675,-9.216830496749026
76236.0,76261.22673907531,-25.226739075311343
76186.0,76234.39920298006,-48.39920298005745
76096.0,76185.96451425191,-89.9645142519148
76022.0,76096.89018644889,-74.8901864488871
76176.0,76020.19932086524,155.80067913475796
76116.0,76176.27530584407,-60.275305844072136
76114.0,76116.85376212036,-2.8537621203577146
76122.0,76114.64991767952,7.350082320481306
76040.0,76119.11288767189,-79.11288767188671
76044.0,76040.78300677719,3.216993222813471
76089.0,76043.87007447705,45.12992552295327
76120.0,76088.80621169425,31.193788305754424
76123.0,76119.96116556445,3.038834435545141
76126.0,76122.225629708,3.7743702919979114
76127.0,76125.88826226153,1.1117377384653082
76124.0,76126.09344353921,-2.0934435392118758
76116.0,76124.07942567332,-8.079425673320657
76123.0,76115.31961874847,7.680381251528161
76125.0,76123.50789409815,1.492105901852483
76130.0,76124.3367775378,5.6632224622007925
76100.0,76129.07271577283,-29.072715772825177
76116.0,76100.0805620526,15.91943794740655
76189.0,76114.0672786431,74.93272135690495
76114.0,76193.59311011291,-79.59311011290993
76071.0,76114.25734926999,-43.25734926998848
76174.0,76071.74862813394,102.25137186606298
76182.0,76173.69502546916,8.30497453083808
76192.0,76181.86113766316,10.138862336840248
76248.0,76193.0468560806,54.9531439193961
76259.0,76247.63012583667,11.36987416332704
76334.0,76257.19997662894,76.80002337106271
76335.0,76332.28393700425,2.71606299575069
76321.0,76333.8607562632,-12.860756263195071
76276.0,76320.46216424827,-44.46216424826707
76198.0,76275.92131466765,-77.9213146676484
76259.0,76197.04484585056,61.95515414944384
76257.0,76261.25712213533,-4.257122135328245
76267.0,76260.26393352295,6.7360664770531
76305.0,76269.01756014778,35.982439852217794
76391.0,76303.30099059819,87.69900940181105
76389.0,76390.51833462335,-1.5183346233534394
76337.0,76385.68839700233,-48.68839700233366
76291.0,76334.76807144574,-43.768071445738315
76298.0,76289.18982019008,8.810179809923284
76225.0,76296.18638300025,-71.18638300025486
76197.0,76225.46321907491,-28.46321907491074
76129.0,76198.1434571105,-69.14345711050555
76130.0,76129.77574469485,0.22425530514738057
76076.0,76128.44213146098,-52.442131460979
76082.0,76074.6223472497,7.377652750306879
76157.0,76081.58615447063,75.41384552937234
76182.0,76157.48679943317,24.513200566827436
76192.0,76180.64265585146,11.357344148535049
76143.0,76189.54567818108,-46.54567818107898
76110.0,76142.54851727452,-32.548517274524784
76077.0,76109.4905542517,-32.49055425169354
76097.0,76073.392052592,23.607947408003383
76090.0,76096.09146238724,-6.091462387237698
76129.0,76092.52109970603,36.478900293965125
76163.0,76128.40582918438,34.59417081561696
76165.0,76161.72424725327,3.2757527467329055
76112.0,76165.76497139606,-53.76497139605635
76108.0,76112.06185445834,-4.061854458341259
76103.0,76108.25180828909,-5.25180828908924
76069.0,76101.48029089898,-32.480290898980456
76103.0,76069.32570068057,33.674299319434795
76061.0,76102.45848333764,-41.458483337642974
76077.0,76062.54397070387,14.456029296125052
75992.0,76076.49104076714,-84.49104076714139
75991.0,75994.00501499741,-3.005014997412218
76056.0,75984.90867171205,71.09132828794827
76013.0,76055.7587271884,-42.75872718839673
75974.0,76015.40364718746,-41.403647187456954
76007.0,75974.74845294145,32.25154705854948
75978.0,76005.87662999996,-27.876629999955185
75911.0,75978.73836093128,-67.73836093128193
75863.0,75912.3412580923,-49.34125809230318
75894.0,75864.37830793652,29.621692063476075
75871.0,75893.7372749342,-22.737274934203015
75788.0,75874.04110301091,-86.04110301090986
75778.0,75789.04482185651,-11.044821856514318
75856.0,75780.80486778518,75.19513221482339
75827.0,75857.4639496521,-30.463949652097654
75877.0,75828.43874840433,48.56125159567455
75890.0,75874.86536697905,15.134633020948968
75885.0,75888.86967274615,-3.8696727461501723
75794.0,75883.53376561883,-89.53376561883488
75788.0,75796.00023517011,-8.00023517011141
75760.0,75787.83629690947,-27.836296909474186
75760.0,75755.78458917412,4.215410825883737
75688.0,75756.119114052,-68.11911405199498
75692.0,75690.45243555152,1.5475644484831719
75738.0,75694.0452580764,43.95474192360416
75689.0,75737.5253022925,-48.5253022925026
75772.0,75688.81960344473,83.18039655526809
75787.0,75770.52452868047,16.47547131952888
75791.0,75785.80687767739,5.193122322612908
75857.0,75790.21950674971,66.78049325029133
75759.0,75854.84611173237,-95.846111732375
75775.0,75761.33861308359,13.661386916413903
75836.0,75772.21986218682,63.78013781318441
75772.0,75832.63740301579,-60.63740301578946
75741.0,75771.48139919079,-30.48139919078676
75696.0,75743.26640380922,-47.2664038092189
75707.0,75697.22300495574,9.77699504425982
75771.0,75706.1642660562,64.83573394379346
75778.0,75771.5766876243,6.423312375700334
75767.0,75777.31649250555,-10.316492505546194
75817.0,75765.7280948622,51.27190513779351
75881.0,75820.70626826808,60.293731731915614
75852.0,75877.73276303278,-25.732763032778166
75868.0,75852.01655237524,15.983447624763357
75936.0,75867.54960829213,68.45039170786913
76008.0,75934.74820165872,73.25179834128357
76007.0,76007.05951811669,-0.05951811668637674
76042.0,76007.81339844188,34.18660155811813
76032.0,76039.53452677712,-7.5345267771190265
76027.0,76029.92691555337,-2.9269155533693265
75949.0,76024.26457094742,-75.26457094741636
75906.0,75950.67587404214,-44.67587404213555
75881.0,75907.13301466995,-26.133014669947443
75948.0,75878.08777357049,69.9122264295147
75987.0,75947.38629674938,39.613703250623075
75987.0,75985.16736112733,1.832638872670941
75971.0,75987.131934915,-16.131934914999874
76002.0,75969.32615329063,32.67384670936735
75985.0,76001.25927433456,-16.25927433455945
75999.0,75982.86907101586,16.130928984144703
75955.0,75997.7970765069,-42.79707650690398
75971.0,75953.82854625223,17.171453747767373
75982.0,75970.06556969078,11.93443030922208
75977.0,75981.78930715431,-4.789307154307608
75997.0,75976.90099666761,20.099003332390566
76010.0,75994.99574644801,15.004253551989677
76038.0,76009.28612520927,28.713874790730188
76052.0,76034.73000840048,17.269991599518107
76010.0,76050.27420830133,-40.274208301329054
76054.0,76009.21307455454,44.78692544545629
76049.0,76051.9709167516,-2.9709167515975423
76042.0,76047.21107595156,-5.211075951563544
75962.0,76040.26801146365,-78.26801146364596
75969.0,75962.63739310486,6.362606895141653
76017.0,75967.98566943877,49.014330561229144
75961.0,76016.4349164717,-55.43491647169867
75926.0,75961.19617979326,-35.196179793259944
75929.0,75925.84395679488,3.1560432051192038
75924.0,75927.44281151886,-3.4428115188638913
75925.0,75923.72937856126,1.2706214387435466
75901.0,75924.26178301917,-23.26178301917389
75913.0,75899.65728536736,13.342714632643037
75981.0,75910.9346682428,70.0653317571996
75959.0,75979.1966029468,-20.19660294680216
76000.0,75959.44434003341,40.55565996658697
76012.0,75998.42966139609,13.570338603909477
76022.0,76010.32438847386,11.6756115261378
76001.0,76022.23113629375,-21.231136293747113
75962.0,75998.90152305247,-36.90152305246738
75927.0,75961.59266441148,-34.592664411480655
75953.0,75926.8104104636,26.18958953639958
75948.0,75950.81571582187,-2.815715821867343
75967.0,75946.70172116243,20.298278837566613
75926.0,75966.78008911658,-40.78008911658253
75926.0,75925.08613950117,0.9138604988256702
75979.0,75924.90426316918,54.09573683081544
76004.0,75977.85205821,26.147941789997276
76028.0,76004.21549967572,23.784500324283727
76038.0,76026.43739464956,11.562605350438389
76066.0,76036.7780253791,29.221974620901165
76040.0,76064.03234158899,-24.032341588987038
76053.0,76039.92060103192,13.079398968082387
76059.0,76051.57815004743,7.421849952574121
76041.0,76057.79110634119,-16.791106341188424
76058.0,76040.177873036,17.822126964005292
76034.0,76056.37911980295,-22.3791198029503
76058.0,76031.63031613968,26.369683860320947
76018.0,76056.39711180523,-38.39711180522863
76073.0,76019.81725077998,53.18274922002456
76061.0,76072.3340049764,-11.334004976393771
76029.0,76060.4244177347,-31.42441773469909
76004.0,76028.43861295018,-24.43861295017996
76033.0,76003.45985415175,29.540145848251996
76015.0,76031.82197159805,-16.821971598052187
75986.0,76016.21490094272,-30.214900942723034
76008.0,75985.55831476432,22.44168523568078
76015.0,76006.23170444026,8.768295559741091
75936.0,76013.70766736097,-77.70766736096994
76010.0,75937.03558814598,72.96441185401636
76004.0,76008.79902058786,-4.799020587859559
75966.0,76002.85977814932,-36.85977814931539
75973.0,75965.86489777357,7.135102226427989
75971.0,75972.05518197158,-1.0551819715765305
75979.0,75970.1601445964,8.83985540359572
75965.0,75977.41500830816,-12.415008308162214
76004.0,75964.08268493401,39.917315065991716
75982.0,76003.6510235288,-21.65102352880058
76000.0,75981.94607565581,18.053924344189
76003.0,75998.64506231771,4.354937682292075
75992.0,76002.20927897777,-10.209278977767099
75964.0,75990.9851645183,-26.98516451829346
75959.0,75963.53994040305,-4.539940403046785
75956.0,75957.55981909657,-1.5598190965683898
75947.0,75956.67550390083,-9.675503900827607
75937.0,75945.77564034532,-8.775640345324064
75983.0,75936.35098181038,46.64901818962244
75938.0,75982.1409320061,-44.140932006106596
75933.0,75938.07124609346,-5.0712460934591945
75934.0,75932.46303378283,1.5369662171724485
75912.0,75933.39959862846,-21.39959862845717
75889.0,75911.61039546577,-22.610395465773763
75907.0,75888.35810355359,18.6418964464101
75899.0,75906.7818397866,-7.781839786606724
75915.0,75897.86413426953,17.13586573046632
75891.0,75914.56073058555,-23.560730585551937
75937.0,75890.66831812597,46.33168187402771
75937.0,75935.81927404903,1.180725950966007
75921.0,75935.88798070278,-14.887980702784262
75881.0,75920.24547271064,-39.24547271063784
75895.0,75881.15093800751,13.849061992485076
75931.0,75894.06944680629,36.93055319371342
75921.0,75930.05153224763,-9.05153224762762
75889.0,75920.70470812323,-31.704708123230375
75920.0,75888.92254776241,31.07745223758684
75897.0,75919.09485648849,-22.094856488489313
75914.0,75896.92330706916,17.07669293084473
75936.0,75918.15442784874,17.84557215125824
75991.0,75934.98240481413,56.01759518586914
76074.0,75989.5351347078,84.4648652922042
76132.0,76071.08592787075,60.91407212924969
76107.0,76136.43683127852,-29.43683127852273
76083.0,76106.70928422718,-23.709284227181342
76121.0,76081.57760075967,39.42239924032765
76119.0,76119.8452223901,-0.845222390096751
76108.0,76117.5607415053,-9.560741505294573
76150.0,76107.16910862335,42.83089137665229
76175.0,76148.69907225257,26.30092774743389
76106.0,76175.46807923648,-69.46807923648157
76071.0,76106.08268104238,-35.08268104237504
76071.0,76070.7477150174,0.25228498260548804
76035.0,76069.52209041941,-34.52209041941387
76034.0,76035.13377241585,-1.1337724158511264
76033.0,76032.5911724063,0.4088275936956052
76025.0,76033.276969957,-8.276969957005349
76046.0,76023.41446216218,22.585537837818265
76000.0,76044.32400766545,-44.324007665447425
76008.0,75998.86033021385,9.13966978614917
76037.0,76007.09859429413,29.901405705866637
76025.0,76035.0834013088,-10.083401308802422
76015.0,76024.53964955646,-9.5396495564637
76005.0,76013.8974719243,-8.89747192429786
75969.0,76003.79570621802,-34.79570621802122
75977.0,75968.54331897355,8.456681026451406
75973.0,75977.10965349569,-4.10965349568869
75948.0,75972.04353598316,-24.043535983160837
75968.0,75947.59721897397,20.402781026030425
75975.0,75967.20762424139,7.792375758610433
75986.0,75973.35732537683,12.642674623173662
75986.0,75984.83539724047,1.1646027595270425
76059.0,75984.7509060888,74.24909391120309
76042.0,76057.49786332987,-15.497863329874235
76058.0,76040.84969586352,17.150304136477644
76078.0,76056.55103678186,21.44896321813576
76114.0,76076.26014282857,37.73985717142932
76087.0,76112.22881945458,-25.228819454583572
76097.0,76086.0659243326,10.934075667406432
76105.0,76094.91986221547,10.0801377845346
76139.0,76103.33750899752,35.662491002483875
76144.0,76137.53853824217,6.461461757833604
76166.0,76142.62729887162,23.37270112837723
76241.0,76164.26578824237,76.7342117576336
76229.0,76239.22142372005,-10.22142372005328
76185.0,76226.11119095808,-41.11119095807953
76191.0,76184.41614704685,6.583852953146561
76179.0,76189.24374991258,-10.243749912580824
76176.0,76176.97665492035,-0.9766549203486647
76193.0,76174.95538345508,18.044616544924793
76174.0,76191.76061663276,-17.760616632760502
76146.0,76173.70135652529,-27.70135652528552
76167.0,76145.34386493523,21.656135064768023
76171.0,76165.52415360961,5.4758463903854135
76171.0,76170.48861874064,0.511381259362679
76176.0,76170.67334012632,5.32665987368091
76171.0,76174.68996826286,-3.689968262857292
76160.0,76168.9480202902,-8.948020290205022
76171.0,76159.9460987906,11.053901209394098
76151.0,76169.11277225413,-18.112772254127776
76143.0,76150.02077936278,-7.02077936277783
76119.0,76141.37865868559,-22.378658685585833
76115.0,76118.40667449294,-3.4066744929441484
76186.0,76113.60319411728,72.39680588271585
76158.0,76184.85118187385,-26.851181873847963
76166.0,76155.78544150118,10.214558498817496
76179.0,76164.53556252738,14.464437472619466
76173.0,76178.05678806586,-5.056788065863657
76124.0,76171.50346883602,-47.50346883601742
76184.0,76124.47209986676,59.52790013323829
76189.0,76182.69235422878,6.307645771215903
76210.0,76186.34820528742,23.65179471258307
76221.0,76207.90175721652,13.09824278348242
76243.0,76219.32223954024,23.677760459759156
76208.0,76240.93017749034,-32.93017749034334
76187.0,76207.27237427139,-20.27237427138607
76135.0,76186.15966783359,-51.15966783359181
76155.0,76135.05537217703,19.944627822973416
76153.0,76154.10571229752,-1.1057122975180391
76123.0,76152.08779283971,-29.087792839709437
76123.0,76122.48073928019,0.5192607198114274
76139.0,76121.8575423748,17.14245762520295
76126.0,76137.82242324157,-11.822423241566867
76151.0,76125.90370251823,25.09629748176667
76173.0,76149.98055776177,23.01944223823375
76179.0,76172.01509904594,6.9849009540630504
76190.0,76177.69857437667,12.301425623329123
76190.0,76188.05825115248,1.941748847515555
76182.0,76188.58345573835,-6.583455738349585
76190.0,76181.66518752005,8.334812479952234
76197.0,76188.03717351002,8.962826489980216
76235.0,76195.58733867355,39.41266132645251
76244.0,76233.97593890996,10.024061090036412
76224.0,76242.48429078318,-18.48429078317713
76216.0,76223.35798626467,-7.357986264672945
76223.0,76214.95701392785,8.042986072148778
76195.0,76222.04345697204,-27.043456972038257
76211.0,76194.63872170568,16.36127829432371
76227.0,76210.10572196837,16.894278031628346
76200.0,76225.87600190949,-25.876001909491606
76192.0,76199.51469849603,-7.514698496030178
76208.0,76190.3394578901,17.660542109893868
76194.0,76206.25539168522,-12.255391685219365
76212.0,76194.10050840343,17.89949159657408
76223.0,76210.70000525887,12.299994741129922
76219.0,76221.66318279952,-2.663182799515198
76190.0,76217.60031056571,-27.600310565714608
76191.0,76189.49169643699,1.508303563008667
76190.0,76189.78555503245,0.2144449675543001
76192.0,76189.1697271328,2.8302728671988007
76183.0,76190.90280863807,-7.902808638071292
76162.0,76182.05039769712,-20.050397697123117
76159.0,76161.30767238258,-2.307672382579767
76137.0,76158.10155980234,-21.10155980233685
76167.0,76136.47050768705,30.52949231295497
76167.0,76166.17880253833,0.8211974616715452
76164.0,76165.9572699841,-1.9572699840937275
76164.0,76162.85485972387,1.1451402761304053
76192.0,76162.82350278801,29.176497211985406
76176.0,76191.00956401243,-15.009564012434566
76170.0,76174.78865785945,-4.788657859447994
76173.0,76169.57701426318,3.4229857368191006
76203.0,76171.87802671632,31.121973283676198
76179.0,76201.815045826,-22.8150458260061
76218.0,76178.39663183085,39.60336816914787
76209.0,76216.80052623982,-7.80052623982192
76230.0,76207.80706489383,22.192935106169898
76225.0,76228.70349411588,-3.7034941158781294
76192.0,76224.08143273047,-32.081432730468805
76186.0,76191.66547964084,-5.6654796408402035
76192.0,76185.15104965094,6.848950349056395
76170.0,76191.7161804846,-21.716180484596407
76158.0,76169.71237459555,-11.712374595546862
76156.0,76157.53830662735,-1.5383066273498116
76157.0,76154.88426980774,2.1157301922648912
76153.0,76156.07819827537,-3.078198275368777
76132.0,76152.32854836185,-20.32854836185288
76149.0,76131.5599382769,17.44006172310037
76131.0,76148.09223272196,-17.09223272195959
76133.0,76130.37708002093,2.6229199790686835
76130.0,76132.14179625719,-2.1417962571867974
76118.0,76129.12839378673,-11.12839378672652
76071.0,76117.27660211713,-46.27660211712646
76049.0,76071.36002999256,-22.360029992560158
76087.0,76049.00781444107,37.99218555893458
76130.0,76086.52750686319,43.472493136810954
76106.0,76129.15443694108,-23.154436941083986
76109.0,76105.61942114856,3.3805788514437154
76085.0,76108.17416631433,-23.17416631433298
76085.0,76084.40209304466,0.5979069553432055
76106.0,76084.12343718861,21.876562811390613
76120.0,76105.31671467307,14.683285326929763
76104.0,76118.2511598438,-14.251159843799542
76121.0,76103.31020223467,17.689797765327967
76125.0,76119.9961981104,5.003801889601164
76135.0,76123.79900007985,11.200999920154572
76135.0,76133.87372251376,1.126277486240724
76139.0,76133.89588022816,5.104119771844125
76152.0,76137.98134369751,14.018656302490854
76139.0,76150.77248230774,-11.772482307744212
76143.0,76138.12078388492,4.879216115077725
76137.0,76141.94919075769,-4.949190757688484
76135.0,76135.33550632365,-0.33550632365222555
76144.0,76134.33998200542,9.660017994581722
76160.0,76143.03526536255,16.964734637454967
76168.0,76158.97047799885,9.029522001146688
76161.0,76166.85724055103,-5.85724055103492
76195.0,76159.9405576616,35.05944233840273
76209.0,76193.78579193096,15.21420806903916
76218.0,76208.4249142154,9.57508578459965
76210.0,76216.65627961459,-6.656279614588129
76249.0,76207.76039843494,41.239601565059274
76305.0,76247.53210761778,57.46789238222118
76307.0,76303.48183026897,3.5181697310326854
76276.0,76305.230986868,-29.23098686800222
76272.0,76277.78015126892,-5.7801512689184165
76257.0,76271.5180088436,-14.518008843602729
76263.0,76256.02759334708,6.972406652916106
76285.0,76261.94389879663,23.056101203372236
76303.0,76283.85170264161,19.148297358391574
76318.0,76302.74534442463,15.254655575365177
76302.0,76317.52504170367,-15.525041703673196
76298.0,76301.52578836917,-3.5257883691665484
76314.0,76296.58971554253,17.410284457466332
76320.0,76311.98823603035,8.011763969654567
76365.0,76318.74689190454,46.253108095464995
76357.0,76364.14612244036,-7.146122440361069
76308.0,76353.16034158072,-45.16034158071852
76366.0,76307.3279881017,58.672011898306664
76366.0,76365.88561529483,0.11438470517168753
76377.0,76364.17367263974,12.826327360264258
76392.0,76375.5210592587,16.47894074130454
76427.0,76390.14037029703,36.8596297029726
76376.0,76424.52924698115,-48.52924698115385
76345.0,76375.8346741929,-30.834674192898092
76348.0,76344.23510784227,3.764892157734721
76352.0,76346.64611509453,5.3538849054748425
76336.0,76350.79369973633,-14.793699736328563
76374.0,76334.80660921847,39.19339078152552
76375.0,76372.59057377378,2.409426226222422
76338.0,76373.3611012406,-35.3611012406036
76339.0,76337.21504401375,1.784955986251589
76382.0,76337.0948165541,44.90518344589509
76382.0,76380.47031216929,1.5296878307126462
76358.0,76380.33459381256,-22.334593812556705
76359.0,76356.47041778654,2.5295822134648915
76327.0,76357.3595639744,-30.35956397440168
76352.0,76325.97914229298,26.02085770701524
76358.0,76350.46955262322,7.530447376775555
76358.0,76356.26460984338,1.7353901566239074
76371.0,76356.59253441656,14.40746558344108
76356.0,76369.39132330337,-13.391323303367244
76355.0,76355.16181517893,-0.1618151789298281
76387.0,76353.6048629742,33.39513702580007
76385.0,76385.61022078908,-0.6102207890799036
76353.0,76383.92558797688,-30.92558797687525
76357.0,76352.50007065869,4.4999293413129635
76360.0,76355.77395840934,4.226041590663954
76351.0,76358.63029106327,-7.630291063265759
76379.0,76350.00586398585,28.9941360141529
76393.0,76377.65203339193,15.347966608067509
76407.0,76391.49161415697,15.508385843029828
76409.0,76405.55465637612,3.445343623883673
76396.0,76409.30535764583,-13.305357645833283
76385.0,76394.8123429543,-9.812342954304768
76381.0,76383.97843543635,-2.978435436350992
76385.0,76379.88545831441,5.114541685587028
76384.0,76383.86306218535,0.13693781464826316
76409.0,76382.94335836117,26.056641638831934
76415.0,76407.75880125687,7.241198743126006
76419.0,76413.60027352115,5.399726478848606
76405.0,76417.68682818107,-12.686828181074816
76420.0,76403.9781993379,16.02180066209985
76424.0,76418.94813754644,5.051862453561625
76414.0,76422.72738083985,-8.727380839845864
76424.0,76412.99034828499,11.009651715008658
76434.0,76422.77186973944,11.22813026055519
76442.0,76432.61360569017,9.386394309825846
76450.0,76440.44611204047,9.553887959526037
76450.0,76448.624452637,1.3755473630008055
76448.0,76448.21502961444,-0.21502961443911772
76449.0,76446.69195251097,2.3080474890302867
76446.0,76447.6802094258,-1.680209425801877
76450.0,76444.99966695874,5.000333041258273
76454.0,76448.30153786174,5.698462138258037
76453.0,76452.6343718014,0.36562819860409945
76464.0,76451.71377309052,12.286226909476682
76461.0,76462.70854513471,-1.7085451347084017
76466.0,76459.73012092178,6.269879078216036
76466.0,76464.65696052744,1.3430394725583028
76467.0,76464.67044812988,2.329551870119758
76467.0,76465.65608457931,1.343915420686244
76465.0,76465.6853446692,-0.6853446691966383
76466.0,76463.720457514,2.2795424859941704
76466.0,76464.75376335201,1.2462366479885532
76462.0,76464.77724758837,-2.777247588368482
76432.0,76460.44622046327,-28.446220463272766
76426.0,76431.5956177048,-5.5956177048065
76411.0,76424.12072046484,-13.120720464838087
76393.0,76410.3075719761,-17.30757197609637
76393.0,76392.51820066247,0.48179933753272053
76351.0,76392.15802190032,-41.15802190032264
76356.0,76351.1102748275,4.889725172499311
76364.0,76355.16440219144,8.835597808560124
76358.0,76363.1620243381,-5.162024338103947
76366.0,76357.24504394608,8.754956053919159
76356.0,76365.28305423941,-9.283054239407647
76354.0,76355.14849973604,-1.1484997360385023
76349.0,76353.13654597332,-4.136545973320608
76353.0,76348.12809226054,4.871907739463495
76352.0,76351.38350480342,0.6164951965765795
76348.0,76351.02859536868,-3.0285953686834546
76347.0,76347.07264939648,-0.07264939647575375
76340.0,76346.07348126797,-6.073481267972966
76332.0,76339.34305762804,-7.343057628037059
76300.0,76331.44196615579,-31.441966155791306
76298.0,76299.66865226593,-1.6686522659292677
76295.0,76297.88214182618,-2.882141826179577
76293.0,76294.49246058737,-1.4924605873675318
76311.0,76292.4622851039,18.537714896097896
76311.0,76310.32312180952,0.6768781904829666
76313.0,76310.12167172934,2.878328270657221
76318.0,76312.12633214526,5.873667854742962
76353.0,76317.18068868644,35.81931131356396
76371.0,76352.00851069721,18.991489302788978
76385.0,76369.77613349639,15.223866503612953
76355.0,76384.85167871744,-29.851678717444884
76355.0,76354.51133558377,0.48866441623249557
76376.0,76353.94194140648,22.058058593524038
76373.0,76375.05175684676,-2.051756846762146
76357.0,76372.16811396468,-15.168113964682561
76321.0,76356.63162881626,-35.6316288162634
76314.0,76321.14246568082,-7.142465680823079
76306.0,76312.90508165899,-6.9050816589879105
76301.0,76305.72548550951,-4.7254855095088715
76305.0,76300.27185459026,4.728145409739227
76306.0,76304.36961567414,1.6303843258647248
76320.0,76305.24467501152,14.755324988480425
76320.0,76319.1910007313,0.8089992687018821
76319.0,76319.02059911548,-0.020599115479853936
76319.0,76317.50751048693,1.4924895130679943
76272.0,76317.95809279547,-45.958092795466655
76300.0,76272.35477195717,27.645228042834788
76375.0,76299.20777970133,75.7922202986665
76387.0,76374.04576104289,12.954238957114285
76377.0,76385.37633792123,-8.376337921232334
76365.0,76377.1669680817,-12.166968081699451
76348.0,76363.85398076146,-15.853980761457933
76353.0,76346.59913540931,6.400864590686979
76353.0,76354.0409392493,-1.0409392493020277
76346.0,76351.245238627,-5.245238627001527
76374.0,76345.29490195795,28.705098042046302
76388.0,76373.0730877014,14.926912298600655
76393.0,76387.11971442225,5.88028557774669
76415.0,76393.11463938576,21.88536061423656
76425.0,76413.66000955751,11.33999044248776
76416.0,76422.48470915417,-6.4847091541741975
76418.0,76415.70085620657,2.2991437934251735
76387.0,76416.83728221685,-29.83728221684578
76387.0,76386.49944356462,0.5005564353778027
76377.0,76386.00974030989,-9.00974030989164
76325.0,76376.2089867912,-51.208986791200005
76344.0,76325.47930474576,18.52069525423576
76344.0,76343.31804302416,0.6819569758372381
76332.0,76343.06891502732,-11.068915027324692
76332.0,76332.3814528843,-0.3814528843067819
76332.0,76331.12253818738,0.8774618126190035
76324.0,76330.85725721857,-6.857257218565792
76311.0,76323.14170675105,-12.141706751048332
76340.0,76310.33072555716,29.669274442843744
76324.0,76338.89891816293,-14.898918162929476
76319.0,76323.19486961859,-4.194869618586381
76325.0,76317.70726762064,7.292732379355584
76323.0,76323.93006252084,-0.9300625208416022
76325.0,76321.86635337528,3.133646624715766
76325.0,76323.84026908003,1.15973091997148
76318.0,76323.82154922895,-5.821549228945514
76315.0,76317.15530977161,-2.155309771609609
76324.0,76314.4292694464,9.570730553605244
76320.0,76323.86096173656,-3.860961736558238
76321.0,76318.78817575693,2.2118242430733517
76321.0,76320.0002379209,0.9997620790963992
76339.0,76319.54729320512,19.452706794880214
76341.0,76337.8806133749,3.1193866250978317
76350.0,76340.68976444202,9.31023555797583
76338.0,76348.67777271796,-10.67777271795785
76319.0,76337.14976418571,-18.14976418571314
76316.0,76318.44380591165,-2.4438059116509976
76302.0,76315.16313964693,-13.163139646931086
76305.0,76299.90246227793,5.097537722074776
76291.0,76304.21009081147,-13.210090811466216
76287.0,76290.5431910387,-3.5431910386978416
76283.0,76286.2796488267,-3.2796488267049426
76264.0,76281.39444503604,-17.39444503604318
76277.0,76263.68015784901,13.319842150987824
76266.0,76276.24746589939,-10.247465899388772
76270.0,76265.3741885063,4.625811493693618
76270.0,76268.27033463922,1.7296653607772896
76241.0,76269.03777275288,-28.03777275288303
76242.0,76240.84192702555,1.1580729744455311
76242.0,76241.23202137015,0.7679786298540421
76229.0,76241.18725534552,-12.18725534551777
76212.0,76228.07361379598,-16.07361379597569
76212.0,76211.80121103977,0.19878896023146808
76214.0,76211.34282943828,2.6571705617243424
76211.0,76213.18234782187,-2.1823478218720993
76220.0,76210.3931081863,9.606891813702532
76220.0,76219.25487243792,0.7451275620842353
76198.0,76219.13843119728,-21.138431197279715
76194.0,76197.08284632047,-3.0828463204670697
76190.0,76193.40360334457,-3.4036033445736393
76190.0,76188.95234738666,1.0476526133425068
76207.0,76189.34241535551,17.65758464449027
76213.0,76206.29861041108,6.70138958892494
76221.0,76212.1519161321,8.848083867895184
76268.0,76220.08382655239,47.916173447607434
76276.0,76266.9406208888,9.05937911120418
76275.0,76274.79519549222,0.20480450778268278
76292.0,76273.88875347673,18.111246523272712
76292.0,76291.12074823814,0.8792517618567217
76306.0,76290.70968622177,15.290313778226846
76324.0,76304.58296395115,19.417036048849695
76324.0,76322.80030520986,1.1996947901352542
76337.0,76322.65024818636,14.349751813642797
76341.0,76335.80073681472,5.199263185277232
76336.0,76339.69922146414,-3.699221464135917
76281.0,76334.90624481437,-53.9062448143668
76284.0,76281.41984666073,2.580153339265962
76285.0,76283.16531486248,1.8346851375245024
76284.0,76284.22552827669,-0.2255282766855089
76288.0,76283.2457794297,4.754220570306643
76289.0,76285.97742585695,3.0225741430476774
76293.0,76287.85558032473,5.14441967527091
76296.0,76291.85447033128,4.145529668719973
76255.0,76294.74552453117,-39.74552453117212
76255.0,76254.97213688587,0.027863114126375876
76264.0,76253.33326832693,10.666731673074537
76264.0,76262.98545602032,1.0145439796760911
76268.0,76262.95108574348,5.04891425652022
76277.0,76266.93304041622,10.066959583782591
76260.0,76275.72221526415,-15.722215264147962
76262.0,76259.43851574046,2.5614842595387017
76253.0,76261.70832182457,-8.708321824567975
76252.0,76251.49855291157,0.5014470884343609
76251.0,76251.07491696981,-0.07491696981014684
76245.0,76250.03689060367,-5.036890603674692
76255.0,76243.68820640189,11.311793598113582
76255.0,76253.79656436533,1.2034356346703134
76275.0,76253.5763361911,21.423663808905985
76268.0,76273.81080464211,-5.810804642111179
76274.0,76266.97641736161,7.02358263838687
76280.0,76272.80964232028,7.190357679719455
76272.0,76278.75331942503,-6.753319425028167
76306.0,76270.97789303698,35.02210696302063
76321.0,76304.68778076212,16.312219237879617
76321.0,76319.58428977171,1.415710228291573
76313.0,76319.57587645725,-6.575876457252889
76312.0,76311.73650336901,0.2634966309851734
76312.0,76310.49212801424,1.507871985755628
76306.0,76310.81249519302,-4.812495193022187
76312.0,76305.0334710375,6.96652896249725
76325.0,76310.90472830084,14.095271699159639
76349.0,76323.80812600604,25.191873993957415
76327.0,76347.23243802977,-20.232438029765035
76325.0,76326.14089528896,-1.1408952889614739
76327.0,76323.77723771291,3.222762287085061
76337.0,76325.72435279965,11.275647200352978
76323.0,76335.76765717407,-12.767657174073975
76293.0,76321.64478322398,-28.644783223979175
76335.0,76292.70846892193,42.29153107806633
76346.0,76333.92949836994,12.070501630063518
76336.0,76344.7661657843,-8.76616578429821
76336.0,76335.01346444736,0.9865355526417261
76335.0,76337.11271959555,-2.112719595548697
76336.0,76333.87201844997,2.127981550031109
76307.0,76334.85174183793,-27.85174183793424
76328.0,76306.64413128373,21.355868716273108
76327.0,76326.88577117598,0.11422882402257528
76308.0,76325.72345096807,-17.72345096807112
76305.0,76307.17302404353,-2.1730240435281303
76312.0,76304.08328435099,7.9167156490148045
76315.0,76310.87665446253,4.123345537474961
76314.0,76314.47689776852,-0.4768977685162099
76308.0,76312.46050725586,-4.460507255862467
76308.0,76307.06671621813,0.9332837818656117
76308.0,76306.95832253381,1.0416774661862291
76265.0,76306.84688528057,-41.84688528056722
76307.0,76264.95782387837,42.04217612162756
76315.0,76306.09214436311,8.907855636891327
76292.0,76313.77801995473,-21.778019954726915
76292.0,76291.18400988301,0.8159901169856312
76296.0,76291.009910951,4.990089048995287
76304.0,76294.84484736132,9.155152638675645
76308.0,76302.52668035614,5.473319643861032
76305.0,76306.96072408519,-1.960724085191032
76295.0,76303.9111643661,-8.91116436610173
76301.0,76294.12285057122,6.877149428779376
76301.0,76299.9827073629,1.017292637101491
76319.0,76299.45453270717,19.545467292831745
76342.0,76317.9348524138,24.065147586195963
76319.0,76340.79918036205,-21.79918036205345
76312.0,76318.32189751053,-6.321897510526469
76289.0,76311.11870151517,-22.11870151516632
76281.0,76288.52704607871,-7.527046078714193
76290.0,76280.31933844386,9.680661556136329
76290.0,76289.50404813787,0.4959518621326424
76295.0,76289.12412722154,5.87587277845887
76319.0,76294.08633529588,24.913664704115945
76362.0,76317.91960494994,44.08039505005581
76398.0,76360.64046955972,37.35953044028429
76365.0,76396.48517872512,-31.48517872512457
76357.0,76364.47291770675,-7.472917706749286
76374.0,76355.85167349096,18.14832650903554
76391.0,76372.80075539743,18.199244602568797
76389.0,76389.7355012173,-0.7355012173065916
76396.0,76387.8116309642,8.188369035793585
76420.0,76394.68715642652,25.312843573483406
76413.0,76418.77418896642,-5.774188966417569
76410.0,76411.77678070434,-1.7767807043419452
76432.0,76407.93306780787,24.06693219213048
76429.0,76430.6421261906,-1.6421261906070868
76422.0,76429.64061321826,-7.640613218260114
76517.0,76420.9028208014,96.09717919859395
76484.0,76515.58296262805,-31.582962628046516
76502.0,76484.1900164857,17.80998351429298
76485.0,76501.31383337497,-16.313833374966634
76507.0,76483.7172473575,23.282752642495325
76510.0,76505.32856862334,4.671431376656983
76483.0,76508.55403305333,-25.55403305332584
76490.0,76480.71343771489,9.28656228510954
76476.0,76488.3631839699,-12.363183969893726
76494.0,76474.93305604215,19.066943957848707
76511.0,76492.4721911316,18.527808868399006
76495.0,76508.27899151393,-13.278991513929213
76458.0,76494.78731484993,-36.78731484993477
76409.0,76456.87205701682,-47.87205701682251
76293.0,76409.24259868189,-116.24259868188528
76329.0,76295.47170693941,33.52829306058993
76393.0,76328.73135296692,64.26864703308092
76374.0,76392.32532158558,-18.32532158558024
76335.0,76373.37383626876,-38.37383626875817
76347.0,76334.70383837042,12.296161629579728
76344.0,76345.60303154096,-1.6030315409589093
76363.0,76342.81454003793,20.185459962071036
76357.0,76361.9975477712,-4.997547771199606
76298.0,76357.47258981646,-59.47258981646155
76259.0,76298.40712648407,-39.40712648407498
76271.0,76258.58185508955,12.418144910450792
76260.0,76271.00563664216,-11.005636642163154
76233.0,76259.68152816081,-26.681528160814196
76225.0,76233.31730704472,-8.317307044722838
76235.0,76223.39576022477,11.60423977523169
76235.0,76234.54658280995,0.4534171900450019
76235.0,76234.39800714688,0.6019928531168262
76240.0,76234.67919376407,5.32080623593356
76248.0,76239.21314325863,8.786856741367956
76238.0,76247.09093165913,-9.090931659127818
76212.0,76237.28852267476,-25.288522674760316
76175.0,76212.09637482783,-37.096374827830005
76192.0,76175.26765876802,16.73234123198199
76215.0,76192.379622916,22.620377083992935
76241.0,76213.93903233712,27.060967662881012
76248.0,76240.46786531579,7.5321346842101775
76281.0,76247.20630974116,33.7936902588408
76292.0,76279.9941759284,12.005824071602547
76292.0,76291.12085552781,0.8791444721864536
76308.0,76290.98878013881,17.011219861189602
76293.0,76307.31990914093,-14.319909140933305
76319.0,76292.34212594901,26.65787405098672
76335.0,76318.19419749573,16.805802504270105
76372.0,76333.91614284487,38.0838571551285
76379.0,76370.79312933533,8.206870664667804
76391.0,76377.35845489622,13.64154510377557
76378.0,76389.74334343348,-11.743343433481641
76428.0,76377.23052136287,50.769478637128486
76450.0,76426.93327162016,23.066728379839333
76530.0,76448.65933037571,81.34066962428915
76589.0,76533.14096031475,55.859039685252355
76597.0,76587.42423987902,9.575760120977066
76609.0,76597.23594391995,11.764056080050068
76563.0,76607.39257008342,-44.39257008342247
76562.0,76562.08620709475,-0.08620709474780597
76551.0,76559.33833118594,-8.338331185936113
76547.0,76550.86458305301,-3.8645830530149397
76569.0,76545.92847330218,23.071526697822264
76553.0,76567.84683154458,-14.84683154457889
76529.0,76551.79663938048,-22.796639380481793
76543.0,76528.18318800245,14.816811997545301
76581.0,76541.62583527445,39.374164725551964
76604.0,76580.06395836425,23.93604163575219
76524.0,76605.10655079714,-81.10655079713615
76507.0,76524.2290049084,-17.229004908396746
76529.0,76505.55838406051,23.441615939489566
76533.0,76527.57302172955,5.4269782704504905
76568.0,76531.15986578747,36.84013421252894
76591.0,76566.46860404221,24.531395957790664
76598.0,76589.19590183473,8.8040981652739
76588.0,76595.739524927,-7.7395249270048225
76578.0,76585.63846989385,-7.638469893849106
76558.0,76575.8458623925,-17.8458623924962
76544.0,76556.72134400847,-12.721344008474261
76540.0,76542.94519742722,-2.94519742722332
76534.0,76538.75245779837,-4.752457798371324
76532.0,76532.81344214274,-0.813442142738495
76524.0,76530.63157006816,-6.631570068158908
76528.0,76522.68665198838,5.31334801162302
76528.0,76526.85000027364,1.1499997263599653
76535.0,76526.62455812449,8.375441875512479
76514.0,76533.74934677027,-19.749346770273405
76515.0,76513.20121070847,1.798789291526191
76511.0,76513.6127231194,-2.6127231193968328
76480.0,76509.93391843092,-29.93391843092104
76475.0,76479.47893056029,-4.478930560289882
76489.0,76474.02781263256,14.97218736744253
76467.0,76487.82127462757,-20.821274627567618
76465.0,76466.98528545488,-1.9852854548807954
76462.0,76464.06379793955,-2.063797939554206
76459.0,76460.96956181494,-1.9695618149416987
76406.0,76457.9864211517,-51.98642115169787
76409.0,76406.51627595014,2.4837240498600295
76414.0,76408.57319468688,5.426805313123623
76424.0,76413.42960598753,10.57039401246584
76426.0,76423.02740312846,2.972596871535643
76424.0,76425.1622434284,-1.162243428407237
76428.0,76423.02449464377,4.975505356225767
76429.0,76426.93260175649,2.0673982435109792
76425.0,76428.01457532545,-3.0145753254473675
76425.0,76424.22262484857,0.7773751514323521
76424.0,76424.1739981038,-0.17399810379720293
76434.0,76423.20750770027,10.792492299733567
76434.0,76433.1213378702,0.878662129805889
76435.0,76433.17019486592,1.8298051340825623
76428.0,76434.15532100575,-6.155321005746373
76440.0,76427.41837482918,12.581625170816551
76446.0,76439.431264357,6.568735642998945
76451.0,76445.13819385917,5.861806140834233
76450.0,76450.28733449985,-0.28733449985156767
76470.0,76449.17728825189,20.82271174811467
76480.0,76469.07238465005,10.927615349952248
76500.0,76479.01946786903,20.98053213096864
76495.0,76498.74222718179,-3.742227181792259
76490.0,76494.01984875994,-4.019848759940942
76479.0,76489.0129220177,-10.012922017704113
76480.0,76478.3261434118,1.6738565881969407
76480.0,76479.10530302243,0.8946969775715843
76484.0,76479.17373328056,4.826266719435807
76484.0,76483.43093616275,0.5690638372470858
76509.0,76483.099192215,25.900807785001234
76515.0,76507.90666526541,7.093334734585369
76546.0,76513.75140817951,32.24859182049113
76559.0,76544.77931456771,14.2206854322867
76553.0,76559.28255483652,-6.28255483652174
76525.0,76551.69282991362,-26.69282991361979
76508.0,76524.33853274323,-16.338532743233372
76525.0,76507.28722437409,17.71277562591422
76545.0,76523.91194426139,21.08805573861173
76543.0,76543.69788850604,-0.697888506037998
76544.0,76541.81682508849,2.183174911508104
76574.0,76542.77203844978,31.227961550219334
76598.0,76573.16810945331,24.831890546687646
76599.0,76596.50745316333,2.492546836670954
76599.0,76597.75510705846,1.2448929415404564
76605.0,76597.49262003934,7.507379960661638
76633.0,76603.29351248745,29.706487512550666
76683.0,76631.75460044455,51.24539955545333
76715.0,76681.39277856205,33.60722143795283
76838.0,76714.2396323095,123.76036769049824
76787.0,76835.97932822636,-48.9793282263563
76850.0,76787.05812655526,62.94187344473903
76860.0,76850.02600397084,9.973996029162663
76853.0,76857.27411079356,-4.274110793558066
76836.0,76851.24227079391,-15.242270793911302
76844.0,76834.84107657407,9.15892342592997
76844.0,76843.24056684341,0.7594331565924222
76824.0,76842.25055091812,-18.250550918121007
76805.0,76822.79151763527,-17.791517635268974
76826.0,76803.05562393948,22.94437606052088
76855.0,76824.06887310375,30.931126896248315
76854.0,76853.16260179473,0.8373982052726205
76827.0,76852.89431514071,-25.894315140714752
76830.0,76825.68622274172,4.313777258284972
76798.0,76828.09320579526,-30.093205795259564
76805.0,76796.59539341442,8.40460658558004
76841.0,76804.28503206054,36.71496793946426
76973.0,76839.16952037955,133.83047962044657
77013.0,76972.6465560912,40.35344390879618
76994.0,77008.9936021708,-14.993602170798113
77025.0,76991.54723802547,33.45276197453495
76966.0,77022.65356988416,-56.6535698841617
76972.0,76964.72285050694,7.2771494930639165
76999.0,76969.98992632836,29.010073671641294
77107.0,77002.52795547892,104.47204452108417
77068.0,77104.21012725927,-36.21012725926994
77035.0,77066.45722004655,-31.457220046548173
77007.0,77033.4762047562,-26.47620475619624
77016.0,77005.6259871542,10.37401284580119
76988.0,77014.1410226473,-26.14102264729445
77000.0,76987.4330312736,12.566968726401683
76983.0,76999.01533788933,-16.015337889330112
76962.0,76981.86654473998,-19.86654473998351
76954.0,76960.64748961736,-6.6474896173604066
76948.0,76952.51202041027,-4.5120204102713615
76980.0,76946.51213910134,33.48786089866189
76971.0,76978.0477932894,-7.047793289399124
76942.0,76969.45000270414,-27.45000270413584
76961.0,76941.02888856574,19.971111434264458
76960.0,76959.4699629171,0.5300370829063468
76980.0,76958.1960550403,21.80394495969813
76989.0,76978.11282259032,10.887177409676951
76966.0,76988.01761773907,-22.017617739067646
76942.0,76964.72159775585,-22.72159775585169
76937.0,76941.03543537958,-4.035435379584669
76944.0,76936.2532235465,7.7467764534958405
76937.0,76942.72536956902,-5.725369569016038
76937.0,76935.87084736898,1.1291526310233166
76936.0,76935.80227888233,0.19772111767088063
76935.0,76934.76574133811,0.23425866189063527
76928.0,76933.78867359912,-5.788673599119647
76927.0,76926.93874967078,0.06125032922136597
76927.0,76925.84939068815,1.15060931185144
76881.0,76925.90709366222,-44.90709366221563
76916.0,76881.21625344329,34.783746556713595
76916.0,76915.13813497491,0.8618650250864448
76935.0,76914.92417557804,20.075824421961443
76974.0,76933.7719418302,40.228058169799624
76974.0,76972.80772798306,1.1922720169386594
76954.0,76972.48831107246,-18.48831107246224
76965.0,76953.07827078088,11.921729219116969
76958.0,76963.77042371615,-5.770423716152436
76961.0,76957.031130507,3.96886949299369
77001.0,76960.06149573097,40.93850426902645
77034.0,76999.73895572944,34.26104427056271
77018.0,77032.23231175574,-14.23231175573892
77000.0,77016.88792768141,-16.887927681411384
77007.0,76999.01869860746,7.981301392544992
77028.0,77005.64457573397,22.35542426603206
77016.0,77027.01064219739,-11.010642197390553
77033.0,77015.19453254752,17.80546745247557
77034.0,77032.13450788724,1.8654921127599664
77036.0,77033.97786419201,2.0221358079870697
77139.0,77034.69908457258,104.30091542741866
77177.0,77137.59665630838,39.40334369162156
77150.0,77174.4860216952,-24.486021695192903
77175.0,77152.11359567894,22.88640432106331
77268.0,77173.86042334797,94.13957665202906
77253.0,77266.70295636074,-13.702956360735698
77226.0,77251.09964819583,-25.099648195828195
77268.0,77224.67284800473,43.32715199526865
77377.0,77266.07594607792,110.92405392207729
77412.0,77374.56921228518,37.430787714823964
77397.0,77411.65446104408,-14.654461044076015
77359.0,77394.84962279521,-35.84962279521278
77314.0,77357.94806715763,-43.94806715763116
77321.0,77313.19494049413,7.805059505873942
77338.0,77321.5054960681,16.49450393189909
77289.0,77336.06135649086,-47.06135649085627
77296.0,77288.0521337221,7.947866277900175
77286.0,77294.57548030572,-8.575480305720703
77355.0,77287.84854612082,67.15145387918164
77324.0,77352.91398987231,-28.913989872307866
77296.0,77322.85768653605,-26.857686536051915
77277.0,77295.71648013253,-18.716480132527067
77280.0,77275.00620735477,4.993792645225767
77280.0,77280.61879980643,-0.6187998064269777
77297.0,77278.38829345685,18.611706543146283
77262.0,77296.47415949948,-34.47415949948481
77262.0,77259.32316229318,2.6768377068219706
77275.0,77261.5664622618,13.43353773819399
77247.0,77273.4551523172,-26.455152317197644
77204.0,77246.21813414691,-42.218134146911325
77214.0,77203.3969214092,10.603078590793302
77230.0,77212.68058927207,17.31941072792688
77235.0,77227.8708049054,7.129195094603347
77245.0,77233.74780072327,11.252199276728788
77246.0,77245.07527596361,0.924724036391126
77248.0,77244.35690189045,3.6430981095472816
77269.0,77246.74835005749,22.251649942510994
77273.0,77267.46865684276,5.5313431572431
77260.0,77272.72328740606,-12.723287406057352
77263.0,77258.50054935318,4.49945064682106
77234.0,77262.90874547625,-28.90874547624844
77248.0,77233.52071891139,14.479281088613789
77220.0,77246.6985243954,-26.698524395396817
77216.0,77219.59420728519,-3.5942072851903504
77200.0,77215.16928799135,-15.16928799134621
77242.0,77199.77690995966,42.22309004033741
77224.0,77241.29803204833,-17.29803204833297
77231.0,77223.4196796971,7.58032030290633
77248.0,77229.90985462157,18.09014537843177
77237.0,77247.65348884175,-10.653488841751823
77236.0,77235.96648030571,0.03351969429058954
77243.0,77235.17030317883,7.829696821165271
77248.0,77241.75912405997,6.240875940027763
77248.0,77246.87284531354,1.1271546864591073
77215.0,77246.97517965503,-31.975179655026295
77210.0,77214.73438969371,-4.73438969370909
77239.0,77209.40671172473,29.593288275267696
77262.0,77237.99733980926,24.00266019074479
77249.0,77260.69722213845,-11.697222138449433
77257.0,77248.29593087417,8.704069125829847
77273.0,77255.87995351166,17.120046488344087
77292.0,77271.9805115813,20.019488418693072
77232.0,77290.65672953155,-58.65672953154717
77227.0,77232.55439992964,-5.55439992963511
77227.0,77226.13919818848,0.8608018115191953
77222.0,77226.31559544509,-4.315595445092185
77214.0,77221.50371239203,-7.503712392033776
77249.0,77213.64236107733,35.3576389226655
77241.0,77248.17437325274,-7.174373252739315
77241.0,77241.02336406992,-0.02336406991526019
77241.0,77240.18781293895,0.8121870610484621
77237.0,77240.20853857305,-3.2085385730460985
77228.0,77236.06471286551,-8.064712865510955
77266.0,77227.29350862817,38.706491371835
77263.0,77265.0858465704,-2.085846570393187
77290.0,77261.95495387736,28.045046122642816
77266.0,77289.28643280751,-23.28643280750839
77269.0,77265.87568052392,3.1243194760754704
77274.0,77267.86309059795,6.136909402048332
77267.0,77273.33138594286,-6.331385942859924
77305.0,77266.04218945405,38.95781054595136
77263.0,77304.03932838877,-41.0393283887679
77259.0,77263.03354894345,-4.033548943451024
77270.0,77257.32503553249,12.674964467514656
77265.0,77268.90544927251,-3.9054492725117598
77269.0,77264.09378386979,4.906216130213579
77262.0,77268.0848464033,-6.084846403304255
77279.0,77261.1218752228,17.878124777198536
77282.0,77277.99155004973,4.0084499502700055
77292.0,77280.90103540939,11.098964590608375
77260.0,77290.65520644785,-30.655206447845558
77260.0,77259.4220386989,0.5779613010963658
77266.0,77258.99312363603,7.006876363971969
77318.0,77264.93226384083,53.06773615916609
77274.0,77316.75007538528,-42.75007538528007
77282.0,77274.29555276388,7.704447236115811
77261.0,77281.60132940383,-20.60132940382755
77272.0,77261.7796979953,10.220302004701807
77265.0,77271.1969294687,-6.196929468700546
77265.0,77264.2838611538,0.716138846197282
77225.0,77264.01982118883,-39.01982118883461
77207.0,77225.06595812291,-18.06595812291198
77209.0,77206.63687170435,2.363128295648494
77211.0,77208.0991832388,2.9008167612046236
77183.0,77210.29665165076,-27.296651650758577
77177.0,77183.09155145122,-6.091551451216219
77202.0,77176.59200625656,25.407993743443512
77188.0,77201.2596171457,-13.25961714569712
77197.0,77187.04883765643,9.951162343568285
77189.0,77195.9882822504,-6.988282250400516
77177.0,77188.22624864698,-11.226248646984459
77168.0,77175.97425335112,-7.974253351116204
77134.0,77167.46386264887,-33.463862648874056
77126.0,77133.201083724,-7.201083723994088
77086.0,77125.66648345199,-39.66648345199064
77092.0,77086.53254351797,5.467456482030684
77083.0,77092.61140855584,-9.611408555836533
77086.0,77082.89001888859,3.109981111410889
77091.0,77085.6985813079,5.301418692106381
77094.0,77090.56933033874,3.4306696612620726
77094.0,77093.33927763524,0.6607223647588398
77039.0,77093.38774101637,-54.387741016369546
77024.0,77039.69050706078,-15.690507060775417
77005.0,77024.00625273751,-19.006252737512114
77023.0,77005.30811962548,17.691880374521133
77026.0,77022.81582791549,3.184172084511374
77039.0,77025.75946854013,13.240531459872727
77035.0,77038.25968400214,-3.259684002143331
77048.0,77035.6010637263,12.398936273704749
77059.0,77047.34976994352,11.650230056475266
77070.0,77058.19404690656,11.805953093440621
77079.0,77069.42551639867,9.574483601332759
76995.0,77077.91963983052,-82.91963983052119
77013.0,76996.76889670557,16.231103294427157
77021.0,77012.70901431833,8.290985681669554
77031.0,77020.5361694241,10.46383057589992
77032.0,77030.66719181435,1.3328081856452627
77021.0,77031.7681623747,-10.768162374704843
77007.0,77020.69355003833,-13.693550038326066
76977.0,77006.96226634762,-29.962266347618424
76973.0,76977.31922912603,-4.31922912603477
76942.0,76973.36155230449,-31.361552304486395
76953.0,76943.18022399592,9.819776004078449
76958.0,76953.0364168797,4.963583120304975
76955.0,76957.70610449131,-2.7061044913134538
76955.0,76954.65423434082,0.3457656591781415
76986.0,76955.34068369202,30.6593163079815
77006.0,76985.06483899272,20.935161007277202
77018.0,77006.08256914697,11.917430853034602
77018.0,77018.7117197708,-0.711719770799391
77019.0,77017.02350297662,1.9764970233809436
77032.0,77018.04838958227,13.95161041773099
77033.0,77031.13036033191,1.8696396680898033
77036.0,77031.53553236574,4.464467634257744
77027.0,77035.19582090422,-8.195820904220454
77029.0,77026.47702581645,2.5229741835501045
77048.0,77028.30614390646,19.69385609353776
77048.0,77047.23691969378,0.7630803062202176
77019.0,77047.19198007883,-28.191980078830966
77048.0,77018.9505105817,29.04948941830662
77042.0,77047.34710835041,-5.347108350411872
77060.0,77041.24667998316,18.753320016840007
77082.0,77059.15389330886,22.84610669114045
77073.0,77080.8692910708,-7.869291070805048
77051.0,77073.1386595279,-22.138659527903656
77047.0,77050.46614813979,-3.4661481397924945
77041.0,77046.15518624635,-5.155186246352969
77036.0,77040.19888262078,-4.19888262078166
77033.0,77035.25349629247,-2.253496292469208
77032.0,77032.1359517269,-0.13595172690111212
77030.0,77031.12538945102,-1.1253894510155078
77037.0,77029.12943589328,7.870564106720849
77031.0,77035.99610117094,-4.996101170938346
77042.0,77030.01802601125,11.981973988746176
77037.0,77041.06576725356,-4.065767253559898
77076.0,77036.00854539314,39.991454606861225
77061.0,77074.94350295662,-13.943502956622979
77053.0,77060.13453194212,-7.134531942123431
77091.0,77051.88421394839,39.115786051610485
77144.0,77089.75814037895,54.24185962104821
77127.0,77141.82118778363,-14.821187783629284
77085.0,77125.92314460473,-40.92314460473426
77099.0,77084.71902249401,14.280977505986812
77117.0,77097.86665486418,19.13334513582231
77143.0,77115.80072070395,27.199279296051827
77122.0,77141.59301959502,-19.59301959502045
77143.0,77121.14039719013,21.859602809869102
77152.0,77141.45708077708,10.542919222920318
77109.0,77150.41513430075,-41.41513430075429
77141.0,77108.56109116203,32.438908837968484
77141.0,77139.67708632404,1.3229136759618996
77113.0,77139.6438695748,-26.643869574792916
77116.0,77112.34644990077,3.653550099232234
77109.0,77115.06304409454,-6.063044094538782
77043.0,77107.9018543541,-64.9018543541024
77026.0,77043.67398671561,-17.673986715613864
77043.0,77025.12105135819,17.878948641809984
77091.0,77042.17115638072,48.82884361928154
77086.0,77089.76615680638,-3.766156806377694
77075.0,77084.98288013843,-9.9828801384283
77069.0,77073.76858745757,-4.768587457569083
77048.0,77067.76630237064,-19.766302370640915
77048.0,77047.23436274337,0.7656372566270875
77025.0,77047.03921813337,-22.03921813337365
77020.0,77024.64832744231,-4.648327442308073
77012.0,77019.4771295086,-7.477129508595681
77013.0,77011.39136177901,1.6086382209905423
77045.0,77012.25069947756,32.749300522438716
77047.0,77044.1154532063,2.8845467937062494
77058.0,77046.03528586011,11.96471413988911
77065.0,77057.32456198196,7.675438018035493
77039.0,77063.77747200409,-24.77747200409067
77039.0,77038.3671382853,0.6328617146937177
76977.0,77038.03677886377,-61.03677886376681
76984.0,76977.88643297658,6.113567023421638
76997.0,76982.72579777733,14.274202222673921
77008.0,76995.7179974995,12.282002500505769
76984.0,77008.91815558006,-24.918155580060557
77015.0,76983.5555456789,31.44445432109933
77019.0,77013.79042939152,5.209570608480135
77034.0,77018.90132465158,15.0986753484176
77028.0,77033.28712430647,-5.287124306472833
77028.0,77027.1447090205,0.8552909794962034
77024.0,77026.91164318811,-2.911643188112066
77039.0,77022.41986453484,16.58013546516304
77043.0,77038.01042239064,4.9895776093617314
77065.0,77041.93608861031,23.063911389690475
77094.0,77063.85010588384,30.149894116155338
77119.0,77092.45480250611,26.545197493891465
77137.0,77117.86287919777,19.137120802231948
77110.0,77135.54151259369,-25.541512593685184
77068.0,77109.32669311386,-41.32669311386417
77086.0,77067.70241958182,18.29758041817695
77108.0,77085.3261152952,22.673884704796365
77106.0,77107.12908187057,-1.129081870574737
77102.0,77105.2300417494,-3.23004174939706
77097.0,77101.07275292075,-4.072752920750645
77098.0,77096.04431652772,1.9556834722752683
77070.0,77096.87992440446,-26.879924404463964
77050.0,77069.63207364432,-19.632073644315824
77001.0,77049.37398784529,-48.373987845290685
76992.0,77001.57715877293,-9.577158772925031
76978.0,76991.749430148,-13.74943014800374
76978.0,76977.57908102756,0.4209189724351745
76997.0,76976.64054437223,20.359455627767602
76998.0,76996.12606643354,1.8739335664577084
77023.0,76997.19636687808,25.80363312191912
77018.0,77022.06269482778,-4.062694827778614
77013.0,77016.90910103278,-3.909101032782928
77013.0,77011.7680972336,1.2319027664052555
77019.0,77011.90321145112,7.096788548878976
77016.0,77017.80769856673,-1.8076985667285044
77048.0,77015.3246006468,32.67539935320383
77050.0,77046.9265678224,3.07343217759626
77058.0,77049.45110477578,8.548895224215812
77058.0,77056.89270326534,1.1072967346553924
77058.0,77056.8656343482,1.1343656518001808
77028.0,77056.87445078779,-28.874450787785463
77021.0,77027.66501238165,-6.66501238165074
77028.0,77020.40192074399,7.598079256014898
77041.0,77027.42037089093,13.579629109066445
77029.0,77040.19695684804,-11.196956848041737
77033.0,77028.46778894926,4.532211050740443
77035.0,77032.04249027114,2.9575097288616234
77036.0,77033.89846948901,2.1015305109904148
77034.0,77035.01672492822,-1.0167249282239936
77029.0,77033.0375210405,-4.037521040503634
77029.0,77028.13043982914,0.8695601708604954
77022.0,77027.95861094886,-5.958610948859132
77026.0,77021.23148841776,4.768511582238716
77034.0,77025.0486945916,8.951305408394546
76997.0,77033.04810974307,-36.04810974307475
76993.0,76996.75891631287,-3.7589163128723158
76973.0,76992.35667242674,-19.3566724267439
76979.0,76972.66862351848,6.331376481524785
76972.0,76978.94625244127,-6.946252441266552
76963.0,76971.48097662312,-8.480976623119204
76969.0,76962.52097406397,6.479025936030666
76980.0,76967.50800730982,12.49199269017845
76976.0,76979.7261827451,-3.726182745100232
76991.0,76975.26111291372,15.738887086277828
77021.0,76990.46324345963,30.536756540372153
77060.0,77019.57824217784,40.421757822157815
77056.0,77058.49808974974,-2.498089749744395
77073.0,77054.9972337201,18.002766279896605
77060.0,77071.4269403422,-11.42694034219312
77063.0,77058.83901082333,4.160989176671137
77079.0,77061.77890319146,17.221096808541915
77122.0,77078.22832644467,43.77167355532583
77095.0,77121.2004232546,-26.200423254602356
77095.0,77094.01262532907,0.9873746709345141
77124.0,77093.8176479549,30.182352045099833
77124.0,77122.76190505261,1.2380949473881628
77126.0,77122.62042965129,3.37957034871215
77122.0,77125.38156580603,-3.3815658060339047
77119.0,77120.85007699548,-1.8500769954844145
77118.0,77117.87768597911,0.12231402088946197
77119.0,77116.88413824385,2.115861756145023
77124.0,77117.77350776263,6.22649223737244
77122.0,77122.88526699592,-0.8852669959160266
77188.0,77120.61090253363,67.38909746636637
77185.0,77186.66174941103,-1.6617494110250846
77216.0,77186.16812276794,29.83187723206356
77258.0,77213.95651499623,44.04348500377091
77254.0,77256.0840923156,-2.08409231560654
77237.0,77252.16881847657,-15.16881847656623
77240.0,77235.55218147874,4.447818521264708
77231.0,77238.26902575015,-7.26902575015265
77225.0,77228.19087677078,-3.1908767707791412
77238.0,77223.82801004298,14.171989957016194
77242.0,77236.52907903359,5.470920966414269
77235.0,77240.91196104433,-5.911961044330383
77248.0,77233.76013946363,14.239860536370543
77276.0,77246.45978039954,29.54021960045793
77321.0,77274.02672182182,46.97327817817859
77352.0,77322.05126265416,29.948737345839618
77402.0,77350.24561003357,51.75438996643061
77646.0,77400.3580878087,245.6419121913059
77671.0,77647.73134780752,23.26865219247702
77673.0,77663.2812303309,9.718769669096218
77715.0,77678.24741282928,36.75258717071847
77700.0,77712.77048374854,-12.770483748536208
77707.0,77696.0151791527,10.98482084729767
77779.0,77703.34045550825,75.65954449174751
77642.0,77776.32173415222,-134.32173415222496
77619.0,77642.91158850069,-23.911588500690414
77646.0,77619.01297114341,26.98702885658713
77645.0,77643.87315657137,1.126843428632128
77652.0,77644.50646642642,7.493533573579043
77643.0,77653.99851505511,-10.998515055107418
77641.0,77641.18135803258,-0.18135803258337546
77696.0,77639.45860135295,56.54139864705212
77704.0,77699.01701696725,4.982983032750781
77684.0,77701.05216169999,-17.052161699990393
77706.0,77682.2297273373,23.770272662703064
77758.0,77703.30886864441,54.69113135559019
77749.0,77751.78021744954,-2.7802174495445797
77797.0,77743.81360092247,53.18639907753095
77764.0,77794.49166135954,-30.491661359541467
77747.0,77763.60708677648,-16.607086776479264
77717.0,77744.91163375866,-27.911633758660173
77731.0,77713.80302102875,17.1969789712457
77716.0,77730.30612969678,-14.306129696778953
77705.0,77714.41487379587,-9.414873795874882
77712.0,77703.98657879695,8.01342120305344
77740.0,77710.74059863579,29.259401364208315
77744.0,77740.8661249658,3.133875034196535
77732.0,77744.43147519176,-12.431475191755453
77750.0,77730.79788122697,19.202118773027905
77702.0,77749.31528602404,-47.31528602403705
77746.0,77701.26822300129,44.73177699871303
77750.0,77745.55737516371,4.442624836286996
77761.0,77748.18058964545,12.819410354553838
77752.0,77760.54456481856,-8.544564818555955
77751.0,77749.82298805594,1.1770119440625422
77855.0,77748.6985988836,106.30140111640503
77831.0,77853.11310252476,-22.113102524759597
77882.0,77829.2081573632,52.79184263679781
77827.0,77880.22609799857,-53.226097998573096
77832.0,77826.19887409409,5.801125905913068
77839.0,77831.44637609678,7.553623903222615
77825.0,77840.04158471087,-15.041584710867028
77831.0,77823.87330601634,7.126693983664154
77811.0,77829.7313000131,-18.731300013096188
77735.0,77810.05638313871,-75.05638313871168
77709.0,77735.86154205182,-26.861542051818105
77718.0,77709.90731892592,8.092681074078428
77702.0,77721.57918039741,-19.579180397413438
77655.0,77702.92201930101,-47.92201930101146
77596.0,77655.66882276177,-59.66882276177057
77626.0,77596.98136260615,29.01863739384862
77592.0,77624.37020720754,-32.37020720753935
77563.0,77590.050882314,-27.050882313997135
77601.0,77563.22904744622,37.77095255377935
77626.0,77600.52751001509,25.47248998490977
77625.0,77624.79635781179,0.2036421882075956
77658.0,77624.23101052675,33.76898947324662
77655.0,77656.86669276454,-1.8666927645390388
77645.0,77653.42173947155,-8.421739471552428
77642.0,77644.84697495376,-2.8469749537616735
77625.0,77641.18685722504,-16.186857225038693
77627.0,77624.58967610591,2.4103238940879237
77638.0,77626.40080873229,11.59919126771274
77617.0,77638.46203188546,-21.46203188545769
77612.0,77616.86800321884,-4.868003218842205
77610.0,77611.70580097317,-1.7058009731699713
77610.0,77609.66493667383,0.33506332617253065
77616.0,77609.53701864545,6.4629813545470824
77625.0,77615.66045238328,9.339547616720665
77573.0,77624.30306548752,-51.303065487518325
77552.0,77573.82055040335,-21.82055040335399
77600.0,77552.0165140244,47.983485975593794
77665.0,77599.37715400172,65.62284599828126
77644.0,77664.30820023242,-20.308200232422678
77619.0,77643.3760326702,-24.37603267020313
77579.0,77618.89810366537,-39.89810366537131
77579.0,77578.598261734,0.40173826599493623
77525.0,77578.45634630701,-53.45634630700806
77538.0,77524.84893605798,13.151063942015753
77536.0,77539.12984216919,-3.129842169189942
77567.0,77535.45160179821,31.548398201790405
77574.0,77566.2289401409,7.771059859092929
77577.0,77574.2152586833,2.7847413167037303
77593.0,77576.11742423315,16.882575766852824
77585.0,77590.68353398032,-5.683533980321954
77579.0,77584.41382234958,-5.413822349582915
77569.0,77578.5253096479,-9.525309647899121
77533.0,77568.6440872377,-35.64408723769884
77521.0,77533.66513094585,-12.665130945853889
77529.0,77520.31808885357,8.68191114642832
77519.0,77528.65189915847,-9.651899158474407
77514.0,77518.8671586349,-4.867158634893713
77513.0,77513.55415134157,-0.5541513415664667
77505.0,77512.64085055148,-7.640850551484618
77490.0,77504.83971138379,-14.83971138378547
77483.0,77490.00720210274,-7.007202102744486
77514.0,77482.94917653686,31.05082346314157
77507.0,77513.98164556696,-6.981645566964289
77513.0,77506.52011102189,6.479888978108647
77525.0,77512.02955188231,12.970448117688647
77525.0,77523.97438296833,1.0256170316715725
77582.0,77524.09174310188,57.90825689812482
77582.0,77581.10635054071,0.8936494592926465
77625.0,77580.92099107083,44.079008929169504
77652.0,77623.9567017418,28.043298258198774
77663.0,77650.58781405058,12.412185949418927
77634.0,77662.1373095457,-28.137309545694734
77610.0,77633.53473703942,-23.53473703941563
77627.0,77609.59064481052,17.409355189476628
77627.0,77625.90453696976,1.095463030243991
77612.0,77625.75136600084,-13.75136600084079
77579.0,77611.57841125848,-32.57841125848063
77568.0,77579.12313354958,-11.123133549583144
77601.0,77567.54236118936,33.457638810636126
77608.0,77599.4174957641,8.582504235906526
77623.0,77607.04252026502,15.957479734977824
77596.0,77626.34700659508,-30.347006595082348
77583.0,77595.43872401582,-12.438724015824846
77556.0,77582.3460214345,-26.346021434495924
77547.0,77555.4960297549,-8.496029754896881
77566.0,77546.42793910994,19.57206089005922
77622.0,77565.08023711125,56.919762888748664
77605.0,77620.9850848819,-15.985084881904186
77583.0,77604.62255298029,-21.622552980290493
77588.0,77582.16284876897,5.837151231025928
77587.0,77586.87785424244,0.12214575755933765
77592.0,77585.86812031223,6.131879687774926
77588.0,77591.05084030856,-3.0508403085550526
77574.0,77587.02458660852,-13.024586608516984
77585.0,77573.85040123288,11.14959876712237
77526.0,77583.99364289585,-57.99364289584628
77530.0,77526.54248091881,3.457519081188366
77476.0,77530.02136802813,-54.02136802813038
77492.0,77476.861407774,15.138592225994216
77509.0,77491.9210182193,17.07898178069445
77482.0,77508.58274807686,-26.582748076863936
77494.0,77481.58790660069,12.412093399310834
77471.0,77493.10751393883,-22.10751393882674
77473.0,77470.68284110114,2.3171588988625444
77463.0,77472.40931700161,-9.40931700161309
77479.0,77462.55088290747,16.449117092532106
77482.0,77478.08532292469,3.9146770753141027
77321.0,77481.53599178653,-160.53599178652803
77404.0,77323.03848847233,80.96151152766834
77360.0,77404.1280121559,-44.1280121558957
77361.0,77360.62792802541,0.37207197459065355
77354.0,77360.4358855852,-6.4358855852042325
77311.0,77354.26753250034,-43.26753250033653
77110.0,77312.03842257758,-202.03842257757788
77200.0,77115.63926309705,84.3607369029487
77037.0,77201.20112412059,-164.20112412059098
77101.0,77038.87400715494,62.125992845059955
77126.0,77105.264963218,20.73503678200359
77092.0,77125.53630292852,-33.53630292852176
77144.0,77094.78257212724,49.21742787276162
77109.0,77143.44528310608,-34.44528310607711
77124.0,77112.03721282659,11.962787173411925
77138.0,77123.48392411724,14.516075882755104
77090.0,77137.73030062922,-47.73030062922044
77123.0,77091.82492306143,31.175076938568964
77052.0,77123.49706198943,-71.49706198943022
77000.0,77053.92032963439,-53.92032963439124
77025.0,77002.45615335318,22.543846646818565
77062.0,77023.63960083316,38.36039916683512
77039.0,77062.48982884662,-23.489828846621094
77063.0,77040.0993073404,22.90069265960483
77062.0,77063.73057330049,-1.730573300490505
77092.0,77061.9957284805,30.004271519501344
77142.0,77090.82224451713,51.17775548287318
77142.0,77142.13808966939,-0.13808966938813683
77161.0,77141.44343506737,19.556564932630863
77146.0,77160.5239852373,-14.523985237305169
77161.0,77145.84576880597,15.154231194028398
77179.0,77161.02961295751,17.970387042485527
77175.0,77178.53417343956,-3.534173439562437
77193.0,77174.27468599693,18.72531400306616
77182.0,77192.29243205137,-10.29243205137027
77139.0,77181.9002322512,-42.90023225119512
77153.0,77139.82026473299,13.179735267010983
77190.0,77152.92085392188,37.079146078118356
77191.0,77189.42124613952,1.578753860478173
77191.0,77190.65696103561,0.3430389643908711
77139.0,77191.49355275239,-52.493552752392134
77124.0,77139.22469571538,-15.22469571538386
77138.0,77123.71280877794,14.287191222058027
77150.0,77137.56925679524,12.43074320476444
77134.0,77149.5722953288,-15.572295328805922
77133.0,77133.3197742753,-0.3197742752963677
77161.0,77132.38343812061,28.616561879389337
77184.0,77160.00775053218,23.9922494678176
77202.0,77184.04865375264,17.951346247355104
77170.0,77200.36905977102,-30.369059771022876
77140.0,77169.64273953447,-29.642739534465363
77087.0,77139.84628523469,-52.84628523468564
77110.0,77087.19426989288,22.805730107123964
77085.0,77108.72092176919,-23.720921769185225
77081.0,77085.21224155002,-4.212241550019826
77103.0,77080.34619596036,22.653804039640818
77102.0,77102.54242008654,-0.5424200865381863
77121.0,77101.11865962844,19.881340371561237
77157.0,77120.0692573617,36.930742638302036
77158.0,77155.61958119496,2.3804188050416997
77172.0,77157.78322690721,14.21677309279039
77189.0,77170.71320643899,18.28679356101202
77179.0,77188.55437032925,-9.55437032924965
77198.0,77178.40598473123,19.594015268769
77211.0,77196.84392266857,14.156077331426786
77108.0,77210.78252585362,-102.7825258536177
77066.0,77109.58874090652,-43.58874090651807
77095.0,77065.88248428256,29.117515717443894
77072.0,77094.5199034276,-22.519903427601093
77023.0,77072.12113723358,-49.121137233581976
76922.0,77023.43527157608,-101.43527157607605
76958.0,76922.6134200751,35.386579924903344
76843.0,76957.7233472165,-114.72334721649531
76882.0,76846.79210514153,35.207894858467625
76914.0,76882.8838664049,31.116133595103747
76914.0,76913.02160838689,0.9783916131127626
76830.0,76913.32238150586,-83.32238150585908
76830.0,76831.24118212248,-1.2411821224814048
76863.0,76832.39917725412,30.600822745880578
76829.0,76860.79465077151,-31.794650771509623
76652.0,76827.07694056389,-175.07694056388573
76705.0,76656.93782076798,48.062179232016206
76773.0,76700.92336780964,72.07663219036476
76732.0,76771.86981959209,-39.86981959208788
76721.0,76733.22196112051,-12.22196112050733
76673.0,76718.99104080474,-45.991040804743534
76683.0,76670.61498725558,12.3850127444166
76698.0,76683.95923735974,14.040762640259345
76679.0,76699.54395810555,-20.54395810555434
76611.0,76675.11681194566,-64.11681194565608
76550.0,76612.76239495454,-62.76239495453774
76481.0,76552.0514157106,-71.05141571059357
76606.0,76485.92261600192,120.07738399808295
76573.0,76600.83985617863,-27.839856178630725
76552.0,76574.9261595826,-22.926159582595574
76602.0,76552.1801455975,49.81985440250719
76775.0,76604.68970324945,170.3102967505547
76778.0,76775.34216565981,2.657834340192494
76757.0,76773.41945994983,-16.419459949829616
76801.0,76754.04548644664,46.954513553355355
76776.0,76799.4395101249,-23.439510124895605
76807.0,76775.6984478301,31.30155216989806
76860.0,76806.5622595663,53.43774043369922
76812.0,76858.91941081754,-46.919410817543394
76784.0,76812.13684001767,-28.13684001767251
76766.0,76783.39509300164,-17.395093001643545
76691.0,76767.61882112404,-76.61882112403691
76693.0,76693.07691183792,-0.0769118379248539
76681.0,76692.3441772587,-11.344177258695709
76657.0,76680.74489798892,-23.74489798891591
76691.0,76659.13710992588,31.862890074116876
76630.0,76691.35834097689,-61.35834097689076
76649.0,76629.85584966656,19.14415033343539
76628.0,76645.81202786921,-17.812027869207668
76542.0,76628.17637567995,-86.17637567994825
76569.0,76542.52675180172,26.47324819827918
76635.0,76570.34475854292,64.65524145707604
76563.0,76635.12265838223,-72.12265838222811
76565.0,76564.52676675186,0.4732332481362391
76538.0,76564.70152903869,-26.70152903869166
76571.0,76538.72329831995,32.27670168004988
76527.0,76570.93980863597,-43.93980863597244
76586.0,76525.52154108086,60.478458919140394
76643.0,76585.64327474919,57.35672525080736
76654.0,76645.46285099538,8.537149004623643
76628.0,76654.46582019668,-26.465820196681307
76608.0,76627.3069488176,-19.306948817597004
76579.0,76610.0151516364,-31.015151636398514
76594.0,76576.95890573226,17.041094267740846
76604.0,76593.47909351405,10.520906485951855
76654.0,76603.20343528976,50.79656471023918
76668.0,76653.12226107491,14.877738925089943
76740.0,76667.44691676954,72.55308323046484
76742.0,76738.70320053134,3.296799468662357
76716.0,76739.59173582129,-23.591735821290058
76694.0,76715.1604106699,-21.16041066989419
76665.0,76691.3569833003,-26.356983300298452
76645.0,76665.09013101216,-20.090131012155325
76638.0,76642.65745397452,-4.65745397451974
76660.0,76638.14318799437,21.856812005629763
76673.0,76659.50719101372,13.49280898628058
76768.0,76671.77428042163,96.22571957837499
76799.0,76768.1455257785,30.854474221501732
76817.0,76801.61861743423,15.381382565770764
76786.0,76817.46445579287,-31.464455792869558
76728.0,76783.48943095224,-55.489430952235125
76712.0,76727.62196046642,-15.621960466422024
76613.0,76708.82049094758,-95.82049094757531
76607.0,76614.75726514222,-7.757265142223332
76571.0,76609.72446151497,-38.724461514968425
76579.0,76572.52329412993,6.476705870067235
76531.0,76578.85675009403,-47.85675009402621
76542.0,76533.54538129615,8.454618703850429
76500.0,76541.32771716753,-41.327717167529045
76584.0,76498.85051666225,85.14948333775101
76565.0,76582.96817478203,-17.968174782028655
76547.0,76564.58132884039,-17.58132884038787
76559.0,76544.55405458924,14.445945410756394
76617.0,76557.84466880845,59.15533119154861
76613.0,76615.5376217026,-2.537621702605975
76624.0,76611.98821945935,12.011780540648033
76603.0,76622.59124128649,-19.591241286485456
76595.0,76602.17906036027,-7.179060360271251
76580.0,76595.52208193451,-15.522081934512244
76544.0,76579.49622701191,-35.496227011914016
76563.0,76544.25211999303,18.747880006965715
76597.0,76562.56159686978,34.43840313021792
76574.0,76595.63096746046,-21.630967460456304
76498.0,76572.6725655606,-74.67256556059874
76465.0,76498.46259384564,-33.46259384564473
76434.0,76464.4323017728,-30.43230177280202
76367.0,76436.20294811463,-69.202948114631
76363.0,76366.79890470658,-3.798904706578469
76357.0,76361.868417211,-4.868417210993357
76339.0,76354.36460387646,-15.364603876456385
76330.0,76342.75498557441,-12.754985574414604
76282.0,76327.9976660985,-45.997666098497575
76241.0,76280.37210388362,-39.37210388362291
76201.0,76244.69231215495,-43.69231215494801
76227.0,76198.0890714306,28.910928569399402
76224.0,76227.11807315216,-3.1180731521599228
76268.0,76226.12444793862,41.875552061377675
76287.0,76265.65281977941,21.347180220589507
76323.0,76286.20401651469,36.79598348530999
76266.0,76322.65855351624,-56.658553516244865
76222.0,76266.8263213,-44.826321300002746
76239.0,76224.81502358781,14.184976412187098
76179.0,76239.01430304488,-60.01430304488167
76215.0,76180.51163426362,34.48836573638255
76190.0,76216.0747915449,-26.074791544902837
76249.0,76190.95119204688,58.04880795312056
76208.0,76249.057182251,-41.05718225099554
76242.0,76208.66347724422,33.33652275578061
76243.0,76241.7905174856,1.2094825144013157
76248.0,76244.0494702274,3.9505297725991113
76210.0,76246.1500693583,-36.15006935829297
76278.0,76213.05915264126,64.94084735873912
76270.0,76277.58681205621,-7.586812056208146
76213.0,76272.07842138057,-59.07842138057458
76187.0,76212.9388699696,-25.938869969599182
76214.0,76188.50866178889,25.491338211111724
76240.0,76210.55230596797,29.447694032030995
76149.0,76242.81801268067,-93.8180126806692
76047.0,76151.31198375286,-104.31198375286476
75975.0,76050.01440342897,-75.01440342896967
76017.0,75977.54600156668,39.45399843332416
76019.0,76016.19893202769,2.801067972308374
75977.0,76020.28845479268,-43.28845479268057
75987.0,75977.41335265318,9.586647346819518
76004.0,75987.63036346389,16.369636536110193
75955.0,76003.516230047,-48.5162300469965
76000.0,75956.23523840084,43.7647615991591
75977.0,75999.24028820639,-22.240288206390687
75981.0,75976.56399384432,4.436006155679934
75956.0,75980.87341238448,-24.87341238447698
75980.0,75956.2660080265,23.733991973494994
75986.0,75978.06032193794,7.939678062059102
75864.0,75986.08677978806,-122.08677978806372
75847.0,75862.52589776162,-15.52589776161767
75714.0,75845.7800245286,-131.78002452860528
75753.0,75720.25269152739,32.74730847260798
75778.0,75753.57044228798,24.42955771202105
75755.0,75777.62688870996,-22.62688870995771
75815.0,75756.24626463701,58.753735362988664
75871.0,75815.40143097748,55.59856902252068
75883.0,75870.4591364014,12.540863598595024
75836.0,75881.26777406504,-45.2677740650397
75903.0,75836.26855362648,66.7314463735238
75941.0,75902.13129902247,38.86870097753126
75981.0,75939.50653068641,41.49346931358741
76022.0,75980.58399851949,41.416001480509294
76008.0,76021.067673685,-13.067673685000045
76003.0,76004.88970634698,-1.8897063469776185
75950.0,76004.18651772148,-54.186517721478594
76005.0,75950.63103621258,54.36896378741949
76035.0,76006.39461851149,28.60538148850901
76096.0,76032.51934455881,63.48065544119163
76067.0,76095.6592090564,-28.659209056393593
76044.0,76066.63876008363,-22.638760083631496
76035.0,76042.9463325894,-7.946332589403028
76021.0,76034.42848022169,-13.428480221686186
76047.0,76020.5959028289,26.40409717109287
76002.0,76050.01212248964,-48.012122489642934
76013.0,76001.97377849676,11.026221503241686
75971.0,76012.23704220695,-41.23704220695072
75862.0,75970.88949457472,-108.88949457471608
75793.0,75862.1105795363,-69.11057953629643
75820.0,75796.32424927042,23.67575072958425
75820.0,75820.19582752306,-0.1958275230572326
75774.0,75819.04350367346,-45.043503673456144
75720.0,75775.94839433748,-55.94839433747984
75751.0,75719.19986641224,31.800133587763412
75789.0,75750.99430818456,38.00569181544415
75808.0,75787.2866491736,20.713350826394162
75776.0,75807.64312601966,-31.64312601965503
75809.0,75775.68431977181,33.315680228188285
75834.0,75810.82548602484,23.174513975158334
75814.0,75832.52452744343,-18.52452744342736
75850.0,75815.57326531851,34.4267346814886
75809.0,75847.92578669648,-38.92578669647628
75811.0,75808.98856151287,2.011438487126725
75796.0,75809.47058613184,-13.470586131836171
75715.0,75795.54138756024,-80.54138756023895
75748.0,75716.71969822187,31.28030177812616
75782.0,75746.58460243458,35.41539756541897
75837.0,75781.75932587904,55.2406741209561
75878.0,75836.2482797099,41.75172029010719
75808.0,75877.17752464078,-69.17752464077785
75803.0,75808.3900580793,-5.390058079297887
75835.0,75802.50011726192,32.49988273807685
75852.0,75834.10344081846,17.89655918153585
75820.0,75850.29567010858,-30.295670108578634
75855.0,75819.76726176367,35.23273823632917
75824.0,75853.95709622628,-29.957096226280555
75797.0,75825.68780796183,-28.687807961832732
75769.0,75796.12726455515,-27.12726455515076
75732.0,75769.7525784455,-37.752578445506515
75726.0,75732.38691308245,-6.386913082445972
75698.0,75727.4818276164,-29.48182761640055
75750.0,75697.15630026389,52.843699736113194
75764.0,75750.64286220881,13.357137791186688
75752.0,75762.75862242932,-10.758622429319075
75760.0,75751.30305008871,8.696949911289266
75764.0,75759.17480069312,4.825199306884315
75773.0,75763.77110600857,9.228893991428777
75760.0,75771.07419772807,-11.07419772807043
75818.0,75757.62525597317,60.37474402683438
75799.0,75816.91283864783,-17.912838647825993
75968.0,75798.97882045193,169.0211795480718
75951.0,75965.83708818692,-14.837088186919573
75978.0,75950.81355752981,27.18644247019256
75907.0,75976.42915186309,-69.42915186309256
75889.0,75907.1581430467,-18.158143046704936
75915.0,75889.12461355657,25.87538644342567
75910.0,75914.29173307732,-4.291733077319805
75891.0,75909.07027594751,-18.0702759475098
75920.0,75890.35146522912,29.64853477088036
75914.0,75918.85539246173,-4.855392461729934
75901.0,75913.54851826454,-12.548518264535232
75898.0,75901.20696531916,-3.2069653191574616
75896.0,75896.83028757927,-0.830287579272408
75863.0,75895.53831903185,-32.53831903185346
75883.0,75862.69434909006,20.305650909940596
75918.0,75882.94968011604,35.050319883957854
75936.0,75918.6124773664,17.387522633594926
75952.0,75935.10134142895,16.898658571051783
76067.0,75951.20208727082,115.79791272917646
76038.0,76065.65796509094,-27.657965090940706
76022.0,76035.47374105087,-13.47374105086783
76048.0,76019.91554557266,28.08445442734228
76048.0,76045.98988515008,2.0101148499234114
76015.0,76046.25546655165,-31.255466551650898
75865.0,76014.2284430393,-149.2284430393047
75801.0,75868.39898162235,-67.39898162234749
75837.0,75802.69558179431,34.304418205691036
75851.0,75834.94165019027,16.05834980972577
75871.0,75850.63554121433,20.36445878566883
75923.0,75871.0750898541,51.92491014589905
75950.0,75921.65277894384,28.34722105615947
75943.0,75947.36731838633,-4.367318386328407
75933.0,75941.0346783426,-8.03467834260664
75919.0,75932.05682936292,-13.056829362918506
75913.0,75917.38954046012,-4.38954046012077
75898.0,75910.06711366748,-12.067113667479134
75914.0,75896.42501399289,17.574986007108237
75941.0,75912.65433052255,28.34566947745043
75913.0,75939.58659307068,-26.586593070678646
75917.0,75913.2238286277,3.776171372301178
75961.0,75915.82243874366,45.17756125633605
75940.0,75959.74997286143,-19.7499728614348
75985.0,75938.98286125746,46.01713874253619
75959.0,75983.58142073367,-24.581420733666164
75936.0,75958.10509245328,-22.105092453275574
75935.0,75935.0985103433,-0.09851034330495168
75998.0,75934.93530782795,63.064692172047216
75992.0,75998.25910148675,-6.259101486750296
75958.0,75992.72020215765,-34.72020215765224
75966.0,75957.49337641435,8.506623585650232
75964.0,75966.96824205405,-2.96824205404846
75935.0,75963.20817703547,-28.208177035470726
75941.0,75934.0876224468,6.91237755320617
75908.0,75939.83756273666,-31.83756273666222
75930.0,75907.87946459149,22.120535408510477
75957.0,75928.63438400603,28.365615993971005
76031.0,75955.86541020943,75.13458979057032
76143.0,76028.7454004381,114.25459956190025
76084.0,76140.9731558597,-56.97315585969773
76080.0,76088.79240687226,-8.79240687226411
75966.0,76079.8869870802,-113.88698708020092
75927.0,75967.37078748649,-40.37078748649219
75898.0,75927.10305023233,-29.103050232326495
75833.0,75899.67415879639,-66.67415879639157
75827.0,75835.29454593435,-8.294545934346388
75773.0,75828.22442621125,-55.22442621125083
75486.0,75775.05462351227,-289.0546235122747
75006.0,75491.59361334878,-485.59361334878486
75132.0,75016.75214924554,115.24785075445834
75073.0,75130.66241219196,-57.66241219195945
75104.0,75076.83422543899,27.165774561013677
75194.0,75101.15383100856,92.84616899144021
75168.0,75195.22766464276,-27.227664642763557
75148.0,75165.65249075023,-17.652490750231664
75223.0,75143.53076588683,79.46923411317402
75228.0,75222.70157071529,5.298429284710437
75228.0,75226.48131682095,1.5186831790488213
75135.0,75227.47610479964,-92.47610479964351
75204.0,75136.95487369927,67.04512630072713
75268.0,75201.18485394923,66.81514605076518
75258.0,75273.26408876386,-15.264088763855398
75308.0,75259.71495326748,48.28504673251882
75331.0,75311.78816785956,19.211832140441402
75284.0,75333.23216427326,-49.232164273256785
75273.0,75285.4045691375,-12.404569137506769
75239.0,75275.44606893866,-36.44606893866148
75103.0,75240.719812821,-137.71981282100023
75135.0,75107.2754287533,27.72457124669745
75003.0,75135.8573964226,-132.85739642259432
75021.0,75008.1486197843,12.851380215695826
75041.0,75022.30711975924,18.69288024076377
75130.0,75042.36952472907,87.63047527092567
75120.0,75132.86223749403,-12.862237494031433
75226.0,75120.3857202105,105.61427978950087
75294.0,75230.01980697409,63.98019302591274
75238.0,75296.70508670778,-58.70508670777781
75237.0,75234.1691228587,2.8308771412994247
75296.0,75236.53270315366,59.467296846341924
75303.0,75296.16406890469,6.835931095309206
75296.0,75302.3610820379,-6.361082037896267
75291.0,75295.85096887166,-4.8509688716585515
75301.0,75290.66052278632,10.339477213681675
75256.0,75300.12882823494,-44.128828234941466
75290.0,75255.03742077366,34.962579226339585
75261.0,75290.74451281263,-29.744512812627363
75321.0,75261.13851719417,59.861482805834385
75295.0,75324.11150560074,-29.1115056007402
75293.0,75296.2942254793,-3.294225479301531
75382.0,75294.23764288411,87.76235711589106
75369.0,75380.97414333992,-11.974143339917646
75395.0,75366.97059606915,28.029403930850094
75398.0,75393.24255673951,4.757443260488799
75404.0,75398.53199124399,5.468008756011841
75476.0,75403.08193803375,72.91806196625112
75436.0,75474.63932260052,-38.63932260051661
75422.0,75435.06799271774,-13.067992717740708
75454.0,75422.38897642981,31.61102357019263
75484.0,75452.55864144335,31.441358556650812
75514.0,75482.72485960652,31.275140393481706
75521.0,75512.41186712815,8.588132871853304
75451.0,75519.43841030277,-68.43841030276963
75471.0,75450.22270825157,20.77729174842534
75506.0,75468.77622380474,37.223776195256505
75388.0,75502.53676530211,-114.53676530210942
75445.0,75389.60656928325,55.39343071675103
75397.0,75443.8766942001,-46.87669420009479
75399.0,75396.52135550509,2.478644494913169
75373.0,75397.60078819345,-24.60078819344926
75412.0,75372.52180818956,39.478191810441785
75393.0,75409.03238564641,-16.03238564640924
75444.0,75392.20475872548,51.795241274521686
75475.0,75442.124077592,32.87592240799859
75526.0,75473.15016566061,52.8498343393876
75554.0,75523.62066345842,30.379336541576777
75517.0,75552.38154638492,-35.381546384916874
75501.0,75515.6024476641,-14.602447664103238
75531.0,75497.99521256343,33.00478743657004
75510.0,75528.88793728666,-18.887937286664965
75489.0,75508.84860311564,-19.848603115635342
75473.0,75488.2354809503,-15.23548095030128
75502.0,75471.3379461867,30.66205381329928
75446.0,75501.48189156012,-55.48189156012086
75527.0,75445.94156489921,81.05843510078557
75512.0,75525.86247883894,-13.86247883894248
75496.0,75510.8519907297,-14.851990729701356
75513.0,75494.48255187407,18.51744812593097
75520.0,75511.74060892535,8.259391074650921
75503.0,75518.8847600101,-15.884760010099853
75390.0,75501.78206343374,-111.7820634337404
75308.0,75391.0856306874,-83.08563068740477
75328.0,75309.46554069525,18.534459304748452
75321.0,75329.72336075456,-8.723360754564055
75331.0,75319.54713685281,11.452863147191238
75359.0,75330.9707090221,28.02929097789456
75397.0,75358.04277330945,38.95722669054521
75427.0,75397.9226075917,29.07739240830415
75417.0,75425.08250558998,-8.08250558997679
75415.0,75416.10685092672,-1.1068509267206537
75435.0,75413.42658387045,21.57341612955497
75413.0,75433.55830145518,-20.55830145518121
75421.0,75411.55901789517,9.440982104832074
75422.0,75420.15420688226,1.8457931177399587
75421.0,75420.16501733761,0.8349826623889385
75436.0,75419.1027920462,16.897207953807083
75455.0,75434.97840579563,20.021594204372377
75441.0,75454.03276720554,-13.032767205542768
75461.0,75440.48947105529,20.510528944709222
75454.0,75459.85832865033,-5.8583286503271665
75433.0,75456.46844998865,-23.46844998864981
75466.0,75431.6913762737,34.308623726305086
75512.0,75465.09957570022,46.900424299776205
75467.0,75510.86161119057,-43.86161119057215
75490.0,75466.54870209277,23.451297907231492
75464.0,75488.33511394958,-24.335113949578954
75506.0,75464.44766064524,41.55233935476281
75490.0,75504.9479525213,-14.94795252129552
75469.0,75490.44162880119,-21.44162880118529
75531.0,75468.42196082247,62.578039177533356
75558.0,75529.76295554372,28.23704445628391
75557.0,75559.33206110152,-2.332061101522413
75603.0,75554.78765119155,48.21234880844713
75686.0,75602.23480697458,83.76519302542147
75603.0,75682.89594190342,-79.89594190342177
75585.0,75602.71209944526,-17.71209944525617
75625.0,75581.28207926787,43.71792073213146
75599.0,75623.36709336184,-24.3670933618414
75627.0,75599.64544737487,27.354552625125507
75612.0,75625.80828127336,-13.808281273362809
75614.0,75610.79772324252,3.202276757481741
75552.0,75617.47282683924,-65.4728268392355
75576.0,75550.67488101705,25.32511898294615
75535.0,75573.8124008174,-38.81240081740543
75498.0,75535.02095438869,-37.02095438868855
75551.0,75496.43934469679,54.560655303212116
75536.0,75550.59497885252,-14.59497885251767
75519.0,75534.56112301676,-15.561123016756028
75554.0,75520.17615186343,33.82384813656972
75619.0,75552.58334420533,66.41665579467372
75614.0,75617.00255064937,-3.0025506493693683
75633.0,75612.23050192204,20.769498077963362
75607.0,75631.22393812657,-24.2239381265681
75612.0,75605.23268983027,6.767310169729171
75595.0,75610.15188735457,-15.151887354571954
75613.0,75594.12825418175,18.87174581825093
75619.0,75610.77649937771,8.223500622290885
75624.0,75617.5144427514,6.485557248597615
75635.0,75622.53177115014,12.46822884985886
75639.0,75635.9546836074,3.0453163925994886
75658.0,75637.36149611522,20.63850388478022
75643.0,75656.56920330354,-13.569203303544782
75597.0,75644.47838009648,-47.47838009647967
75659.0,75595.44942857871,63.55057142129226
75661.0,75657.40610780302,3.593892196979141
75641.0,75659.40740260931,-18.407402609314886
75742.0,75639.04638002411,102.9536199758877
75758.0,75743.41219908062,14.58780091938388
75749.0,75760.8918367662,-11.89183676619723
75727.0,75747.24541526896,-20.24541526896064
75712.0,75725.54367586649,-13.54367586648732
75708.0,75710.43609482641,-2.4360948264074977
75717.0,75705.89880276822,11.101197231779224
75755.0,75715.82928503492,39.170714965075604
75756.0,75752.56685951987,3.4331404801341705
75774.0,75754.24978947086,19.750210529135074
75800.0,75772.25418526446,27.745814735535532
75765.0,75798.85878975125,-33.85878975124797
75757.0,75766.07421409647,-9.074214096472133
75747.0,75754.85203422181,-7.852034221810754
75754.0,75745.66663469249,8.333365307509666
75738.0,75754.26411542154,-16.26411542153801
75763.0,75737.1543556356,25.84564436439541
75772.0,75761.70941704728,10.29058295271534
75758.0,75770.44648571801,-12.446485718013719
75754.0,75756.6958276187,-2.6958276187069714
75765.0,75752.15116399083,12.848836009172373
75715.0,75763.33988324578,-48.33988324577513
75697.0,75714.8518338008,-17.851833800799795
75647.0,75696.2624963495,-49.262496349503635
75596.0,75647.38642808732,-51.38642808732402
75660.0,75596.31942982275,63.680570177253685
75661.0,75659.33090671734,1.6690932826604694
75651.0,75659.85190890435,-8.851908904354787
75647.0,75650.37998945855,-3.3799894585536094
75651.0,75646.32705685787,4.672943142126314
75605.0,75649.44218381726,-44.44218381725659
75622.0,75605.067143192,16.93285680799454
75625.0,75620.60324963664,4.396750363361207
75663.0,75624.29652335805,38.703476641952875
75668.0,75661.57793678378,6.4220632162177935
75704.0,75666.78400865175,37.21599134824646
75728.0,75702.35667373361,25.64332626639225
75797.0,75725.96191671303,71.0380832869705
75764.0,75796.37213459433,-32.37213459433406
75796.0,75763.14214676926,32.857853230743785
75841.0,75794.36118612166,46.638813878336805
75825.0,75839.19235060348,-14.192350603480008
75841.0,75823.5850974338,17.414902566204546
75847.0,75838.9363776492,8.063622350804508
75842.0,75845.17029138551,-3.1702913855115185
75847.0,75840.63990699756,6.360093002440408
75845.0,75845.64283224593,-0.6428322459250921
75863.0,75843.61499334672,19.385006653275923
75859.0,75861.98758651315,-2.9875865131471073
75859.0,75857.95070647907,1.0492935209331335
75835.0,75857.58554341302,-22.585543413020787
75826.0,75834.15542194303,-8.15542194302543
75795.0,75826.0190871084,-31.019087108405074
75797.0,75794.59310582525,2.4068941747536883
75788.0,75796.11983021967,-8.119830219671712
75815.0,75787.0850242467,27.914975753301405
75854.0,75813.33600065343,40.663999346565106
75876.0,75852.54041378935,23.45958621065074
75867.0,75874.26787883604,-7.267878836035379
75890.0,75865.44606691593,24.553933084069286
75887.0,75888.05871583465,-1.0587158346461365
75888.0,75885.46739109354,2.5326089064619737
75892.0,75886.28810079978,5.711899200221524
75881.0,75890.37356954021,-9.373569540213794
75892.0,75879.55403703779,12.445962962214253
75928.0,75890.48123293949,37.51876706050825
75922.0,75926.10330099186,-4.103300991861033
75905.0,75920.86222443977,-15.862224439770216
75925.0,75903.30856578423,21.691434215768822
75927.0,75923.36274570618,3.6372542938188417
75955.0,75925.07770633373,29.92229366626998
76002.0,75954.85696297165,47.14303702834877
75998.0,76005.07044174938,-7.070441749383463
75980.0,75996.40502886036,-16.4050288603612
75980.0,75977.56753313719,2.432466862810543
75988.0,75978.13105368185,9.868946318150847
75977.0,75986.51216384063,-9.512163840627181
75951.0,75975.71331739987,-24.71331739987363
75981.0,75948.82949640926,32.17050359073619
75964.0,75979.12928876562,-15.129288765616366
75959.0,75962.87303055133,-3.873030551330885
75951.0,75957.62992243891,-6.62992243890767
75915.0,75949.64975389131,-34.649753891309956
75906.0,75914.52030741039,-8.520307410391979
75838.0,75905.41231277886,-67.41231277886254
75890.0,75837.67894449359,52.32105550641427
75866.0,75889.09846838746,-23.098468387455796
75867.0,75866.24203565548,0.7579643445205875
75909.0,75865.45972881463,43.5402711853676
75935.0,75907.71772356816,27.282276431840728
75919.0,75932.38862303567,-13.388623035672936
75936.0,75917.9627683285,18.03723167149292
75929.0,75934.34942114442,-5.349421144419466
75907.0,75927.53123057107,-20.53123057106859
75889.0,75905.75725228779,-16.757252287789015
75906.0,75887.6018704824,18.398129517605412
75889.0,75905.11255825142,-16.112558251421433
75900.0,75888.3140555423,11.685944457698497
75938.0,75899.05081592423,38.94918407576915
75918.0,75936.8063114684,-18.8063114684046
75957.0,75917.25396406955,39.74603593045322
75940.0,75955.65366952198,-15.65366952198383
75928.0,75938.21373249979,-10.21373249978933
75967.0,75928.32872551489,38.67127448511019
75916.0,75965.78992615767,-49.78992615766765
75936.0,75916.59513674029,19.40486325971142
75950.0,75935.68696408195,14.313035918050446
75922.0,75949.10495759182,-27.104957591815037
75892.0,75921.47335777832,-29.47335777831904
75879.0,75891.92958741527,-12.929587415274
75871.0,75878.4184665014,-7.4184665014036
75867.0,75870.42679704752,-3.426797047519358
75822.0,75866.41601937199,-44.416019371987204
75810.0,75822.53192062351,-12.531920623514452
75838.0,75808.97262417115,29.02737582885311
75850.0,75837.51179007695,12.48820992304536
75874.0,75849.07857502467,24.92142497532768
75915.0,75873.00263818524,41.99736181476328
75917.0,75913.70797131513,3.292028684867546
75916.0,75915.45366486393,0.546335136066773
75909.0,75914.12157638908,-5.121576389079564
75926.0,75907.72222864744,18.277771352557465
75944.0,75924.67181374128,19.328186258717324
75941.0,75942.77179561724,-1.771795617241878
75922.0,75939.83883790867,-17.83883790866821
75924.0,75921.35127092169,2.6487290783115895
75921.0,75922.30998864525,-1.3099886452546343
75920.0,75920.05276614508,-0.05276614507602062
75938.0,75919.32156243492,18.678437565075
75920.0,75937.09944025369,-17.099440253688954
75942.0,75919.42774554102,22.57225445898075
75926.0,75940.91517114501,-14.91517114501039
75914.0,75925.18923501519,-11.189235015190206
75890.0,75913.18917136418,-23.189171364181675
75870.0,75889.67728962903,-19.67728962903493
75907.0,75869.33725756634,37.66274243366206
75907.0,75906.09898855962,0.9010114403790794
75914.0,75905.68547223283,8.314527767171967
75916.0,75912.18385556448,3.8161444355209824
75928.0,75914.58812281571,13.41187718429137
75934.0,75926.7160664039,7.283933596103452
75923.0,75932.40559185948,-9.405591859482229
75915.0,75922.00262632895,-7.002626328947372
75909.0,75913.93573476504,-4.935734765036614
75906.0,75907.50894904694,-1.5089490469399607
75906.0,75905.44218250074,0.5578174992551794
75927.0,75904.96268156792,22.037318432077882
75876.0,75925.89255421564,-49.892554215635755
75848.0,75875.71916161347,-27.719161613465985
75850.0,75847.97114941281,2.028850587186753
75856.0,75849.00496249775,6.9950375022453954
75858.0,75855.30569562265,2.6943043773499085
75880.0,75858.13883326156,21.86116673843935
75935.0,75878.94129328032,56.05870671967568
75918.0,75933.6825522158,-15.682552215803298
75927.0,75916.49567765818,10.504322341817897
75928.0,75926.41103479512,1.5889652048790595
75949.0,75926.51501012743,22.484989872566075
75953.0,75947.58428249978,5.415717500218307
75952.0,75951.90161894975,0.09838105025119148
75935.0,75950.67928882505,-15.679288825049298
75903.0,75934.0482496299,-31.04824962989369
75888.0,75902.67974548668,-14.679745486675529
75876.0,75887.56885089837,-11.568850898373057
75864.0,75875.61145754639,-11.6114575463871
75836.0,75863.53245437038,-27.53245437037549
75745.0,75836.10865015235,-91.10865015235322
75774.0,75746.9599430315,27.04005696850072
75734.0,75773.68294347866,-39.68294347866322
75749.0,75734.56270544081,14.437294559189468
75735.0,75749.07885098635,-14.078850986348698
75767.0,75734.87927818122,32.12072181877738
75702.0,75765.50685422547,-63.506854225473944
75734.0,75702.61259056457,31.38740943542507
75759.0,75733.18317714075,25.8168228592549
75764.0,75757.94353140934,6.05646859065746
75770.0,75762.90569075037,7.094309249630896
75799.0,75769.39353672176,29.606463278236333
75796.0,75797.48772082377,-1.4877208237739978
75758.0,75794.52699090866,-36.52699090866372
75764.0,75757.83422660515,6.165773394852295
75768.0,75763.10069059076,4.89930940924387
75774.0,75767.35136405322,6.648635946781724
75813.0,75773.29850023887,39.70149976112589
75790.0,75811.78792937871,-21.78792937871185
75791.0,75791.08896216632,-0.08896216632274445
75767.0,75790.42291070955,-23.42291070954525
75774.0,75766.61701126938,7.382988730620127
75813.0,75773.4368119813,39.56318801869929
75842.0,75814.16436272646,27.835637273543398
75793.0,75841.42055070063,-48.420550700626336
75808.0,75793.23325561514,14.76674438486225
75809.0,75807.02161209857,1.9783879014285048
75789.0,75807.81924720794,-18.819247207939043
75786.0,75788.72124936267,-2.721249362672097
75779.0,75785.58292911937,-6.582929119365872
75799.0,75778.98523890745,20.014761092548724
75812.0,75797.97279318699,14.027206813014345
75818.0,75810.70843341887,7.29156658113061
75788.0,75816.72671315254,-28.726713152544107
75787.0,75787.62431190314,-0.6243119031423703
75779.0,75786.29355816655,-7.29355816655152
75779.0,75778.27034922915,0.7296507708524587
75745.0,75778.71772566572,-33.71772566571599
75834.0,75745.1182702923,88.88172970770393
75784.0,75833.05019775557,-49.05019775556866
75823.0,75784.01568892099,38.984311079009785
75825.0,75822.09754057096,2.902459429038572
75798.0,75823.6573864828,-25.65738648279512
75773.0,75798.19097799073,-25.190977990729152
75735.0,75772.84787684877,-37.847876848769374
75781.0,75735.1402504173,45.85974958269799
75807.0,75780.1861210136,26.813878986402415
75744.0,75806.51372310407,-62.51372310407169
75739.0,75744.40355875634,-5.403558756341226
75704.0,75738.36561956587,-34.365619565869565
75739.0,75704.04415628905,34.95584371095174
75737.0,75738.53388848434,-1.533888484336785
75688.0,75736.35776424025,-48.357764240252436
75669.0,75688.28091024041,-19.280910240413505
75709.0,75668.27379653104,40.72620346896292
75663.0,75708.17967841079,-45.17967841078644
75676.0,75663.38160921914,12.618390780859045
75704.0,75675.95298682494,28.047013175062602
75680.0,75703.10718758582,-23.107187585817883
75676.0,75680.13761660611,-4.137616606109077
75658.0,75675.34049477552,-17.34049477551889
75659.0,75656.00347301693,2.996526983071817
75705.0,75658.11632444906,46.8836755509401
75751.0,75704.26871243645,46.73128756355436
75761.0,75749.85344890118,11.146551098820055
75765.0,75759.66981492701,5.3301850729912985
75755.0,75763.31754828167,-8.317548281673226
75767.0,75754.14836781763,12.85163218236994
75830.0,75765.87189054317,64.12810945682577
75910.0,75828.63822906165,81.36177093835431
75902.0,75908.33207827904,-6.332078279039706
75900.0,75904.16914207269,-4.169142072685645
75925.0,75897.64141432854,27.358585671463516
76067.0,75924.05989493048,142.940105069516
75981.0,76065.14486975026,-84.14486975026375
76041.0,75981.07696769347,59.9230323065276
76103.0,76039.11683657793,63.88316342206963
76152.0,76101.54969912044,50.4503008795582
76123.0,76149.67196488127,-26.671964881272288
76128.0,76121.96656035479,6.0334396452090004
76022.0,76126.23689606522,-104.23689606522385
76039.0,76022.94267896384,16.05732103616174
76053.0,76037.72102273942,15.27897726057563
76131.0,76051.9050332209,79.0949667790992
76141.0,76129.25235704496,11.747642955044284
76185.0,76139.30139929763,45.69860070236609
76247.0,76182.49981928708,64.50018071291561
76192.0,76248.50335214371,-56.50335214371444
76212.0,76190.3134005162,21.68659948380082
76237.0,76208.95279119599,28.04720880401146
76239.0,76234.63263187803,4.3673681219661376
76296.0,76236.05755183556,59.94244816443825
76287.0,76293.94735080018,-6.947350800182903
76285.0,76283.3071347526,1.6928652474016417
76274.0,76282.48388819511,-8.48388819511456
76250.0,76270.8811656989,-20.881165698898258
76267.0,76249.35675128181,17.64324871818826
76230.0,76265.30464200546,-35.304642005459755
76236.0,76228.95777729199,7.0422227080125595
76331.0,76234.61136766497,96.3886323350307
76230.0,76328.6719812785,-98.67198127850133
76219.0,76231.32328487495,-12.323284874946694
76243.0,76216.71563576386,26.28436423614039
76167.0,76241.23066196754,-74.23066196753643
76190.0,76167.82888015462,22.171119845384965
76164.0,76188.50425894011,-24.504258940112777
76197.0,76162.81805118914,34.18194881085947
76230.0,76195.20411485189,34.79588514810894
76230.0,76228.09006174843,1.9099382515705656
76201.0,76228.00085394416,-27.000853944162372
76234.0,76199.01996286486,34.98003713514481
76219.0,76232.13197920696,-13.131979206955293
76204.0,76217.54257272679,-13.542572726786602
76167.0,76202.97775876833,-35.97775876833475
76185.0,76166.26072687963,18.739273120372673
76195.0,76182.95640474588,12.043595254115644
76191.0,76193.59363224202,-2.5936322420166107
76219.0,76189.8183723478,29.181627652200405
76242.0,76217.459774368,24.540225631993962
76220.0,76240.14247823793,-20.142478237932664
76198.0,76218.85683268192,-20.856832681922242
76184.0,76196.18117097675,-12.181170976749854
76241.0,76182.94410561913,58.055894380871905
76261.0,76239.35333032063,21.646669679365004
76268.0,76259.39958369476,8.600416305242106
76358.0,76266.2961567221,91.70384327789361
76343.0,76355.91885479329,-12.9188547932863
76326.0,76343.22994177142,-17.22994177142391
76359.0,76325.90081857733,33.0991814226727
76373.0,76357.8919243915,15.108075608499348
76368.0,76369.39990889483,-1.399908894833061
76324.0,76366.76799131736,-42.76799131736334
76331.0,76322.94551171294,8.05448828705994
76239.0,76330.63295611132,-91.63295611132344
76214.0,76240.26120073233,-26.261200732333236
76262.0,76214.29687927125,47.703120728750946
76288.0,76261.42253548803,26.577464511967264
76249.0,76286.80837048353,-37.80837048352987
76245.0,76249.08558437902,-4.085584379019565
76282.0,76244.09171944794,37.908280552059296
76286.0,76280.53955467364,5.460445326360059
76313.0,76283.82095348056,29.17904651943536
76323.0,76311.80714764661,11.192852353386115
76341.0,76323.27092151543,17.729078484568163
76343.0,76339.2623737394,3.737626260597608
76329.0,76341.31302294543,-12.313022945425473
76340.0,76327.5935850274,12.40641497260367
76357.0,76338.65493565788,18.345064342123806
76362.0,76355.21098052808,6.7890194719220744
76324.0,76360.6773395264,-36.67733952640265
76329.0,76323.70581137024,5.2941886297630845
76381.0,76327.86132436298,53.13867563701933
76348.0,76379.49047360517,-31.490473605168518
76335.0,76350.5848005762,-15.584800576194539
76262.0,76335.54549540124,-73.54549540123844
76234.0,76262.83786435392,-28.83786435391812
76207.0,76234.21421488504,-27.214214885039837
76190.0,76207.54311650286,-17.54311650285672
76245.0,76190.0651006225,54.934899377505644
76272.0,76244.20811463527,27.791885364727932
76293.0,76270.83235088413,22.167649115872337
76269.0,76291.61136297423,-22.61136297423218
76242.0,76268.18067494636,-26.180674946357612
76238.0,76241.20088523347,-3.2008852334693074
76257.0,76236.20525233888,20.794747661115252
76261.0,76256.03440277363,4.965597226371756
76265.0,76259.99973483518,5.000265164824668
76270.0,76263.72984996272,6.270150037278654
76295.0,76269.31120997599,25.688790024010814
76323.0,76293.61204963461,29.38795036538795
76298.0,76323.5554265216,-25.555426521605114
76261.0,76297.2475694247,-36.24756942469685
76287.0,76260.96038330112,26.0396166988794
76266.0,76286.1685347785,-20.168534778495086
76287.0,76265.14230514763,21.857694852369605
76263.0,76285.9603164993,-22.96031649930228
76245.0,76262.82708355621,-17.827083556214347
76227.0,76244.40553690803,-17.405536908030626
76152.0,76226.32664110398,-74.32664110398036
76137.0,76153.14805310509,-16.148053105091094
76145.0,76137.83995212802,7.16004787197744
76167.0,76144.77711796584,22.22288203415519
76232.0,76166.478132613,65.52186738699675
76205.0,76231.35372892178,-26.353728921778384
76175.0,76204.24374899008,-29.24374899007671
76132.0,76173.89303335133,-41.893033351327176
76146.0,76132.25603720736,13.743962792636012
76088.0,76145.48959280869,-57.48959280869167
75790.0,76089.22152036309,-299.22152036309126
75692.0,75798.36460847124,-106.36460847123817
75798.0,75702.56266497992,95.43733502007672
75695.0,75798.44146138441,-103.44146138441283
75733.0,75700.23390758519,32.766092414807645
75712.0,75732.32947576694,-20.329475766935502
75704.0,75717.49184560875,-13.491845608747099
75710.0,75704.65777321887,5.342226781125646
75522.0,75713.64426548682,-191.64426548681513
75523.0,75524.15318165383,-1.1531816538335988
75574.0,75527.96869391076,46.03130608923675
75574.0,75575.95468091089,-1.9546809108869638
75646.0,75575.64761416285,70.35238583714818
75613.0,75647.72335097758,-34.72335097758332
75596.0,75614.8937597736,-18.893759773593047
75588.0,75595.303691834,-7.303691833993071
75586.0,75586.73765059572,-0.7376505957217887
75614.0,75585.5992892905,28.400710709494888
75589.0,75616.33218585678,-27.332185856779688
75564.0,75588.62613493556,-24.62613493556273
75611.0,75566.42540221139,44.574597788610845
75631.0,75610.37205925783,20.627940742167993
75660.0,75630.94317004152,29.05682995848474
75698.0,75661.02323234563,36.97676765437063
75681.0,75698.32800126313,-17.32800126312941
75699.0,75682.44627500557,16.553724994431832
75693.0,75699.43958452961,-6.439584529609419
75698.0,75694.20294308975,3.7970569102471927
75691.0,75697.32626742125,-6.326267421245575
75681.0,75691.40085564481,-10.40085564480978
75673.0,75685.42206419613,-12.422064196129213
75722.0,75671.73607922114,50.263920778859756
75711.0,75722.48569417922,-11.485694179224083
75743.0,75711.16389878203,31.836101217966643
75735.0,75743.25133531078,-8.251335310778813
75754.0,75734.66821090496,19.33178909504204
75771.0,75753.51270981462,17.487290185381426
75730.0,75771.41426520079,-41.41426520078676
75763.0,75730.41754992721,32.58245007279038
75766.0,75762.44402610925,3.5559738907468272
75812.0,75765.21109561392,46.788904386077775
75812.0,75810.89894410243,1.1010558975685854
75793.0,75811.14006430077,-18.140064300765516
75780.0,75792.30869104715,-12.308691047146567
75797.0,75779.32719999738,17.672800002619624
75761.0,75794.88429563591,-33.884295635914896
75770.0,75760.20946776756,9.790532232436817
75790.0,75769.23301604645,20.76698395355197
75829.0,75789.46725353182,39.5327464681759
75775.0,75827.55045640556,-52.55045640555909
75752.0,75775.78269537742,-23.78269537742017
75783.0,75751.50709361346,31.492906386542018
75758.0,75781.98750158733,-23.987501587325823
75775.0,75758.2173612669,16.78263873310061
75783.0,75773.88880336886,9.111196631143684
75785.0,75782.47355548895,2.5264445110515226
75786.0,75783.47960101071,2.5203989892906975
75779.0,75784.5702148637,-5.5702148637064965
75838.0,75777.59712500683,60.40287499317492
75868.0,75836.50668962831,31.493310371690313
75860.0,75866.15032854599,-6.150328545991215
75825.0,75856.95719201429,-31.95719201429165
75849.0,75824.177296299,24.82270370099286
75851.0,75847.27537141804,3.7246285819564946
75836.0,75848.29481600795,-12.294816007954068
75865.0,75835.19990288148,29.800097118524718
75888.0,75863.49896526364,24.501034736356814
75890.0,75886.245231587,3.754768412996782
75913.0,75887.9795274376,25.020472562406212
75939.0,75911.08246682065,27.917533179352176
75889.0,75938.04529884685,-49.04529884684598
75892.0,75887.69000878262,4.3099912173784105
75909.0,75890.54834263693,18.45165736306808
75906.0,75907.38769040465,-1.3876904046483105
75919.0,75904.54492418525,14.45507581475249
75916.0,75917.51898992802,-1.5189899280230748
75916.0,75914.17897183042,1.8210281695792219
75880.0,75914.40673113805,-34.40673113804951
75880.0,75879.20177575253,0.7982242474681698
75887.0,75878.68382789475,8.316172105245641
75887.0,75885.73177679584,1.2682232041552197
75887.0,75885.59380730009,1.4061926999129355
75921.0,75885.6752529061,35.324747093894985
75921.0,75919.31435123747,1.685648762533674
75949.0,75919.35384751688,29.64615248312475
75908.0,75947.59211125103,-39.592111251025926
75908.0,75907.23965218403,0.7603478159726365
75929.0,75906.5140507082,22.48594929180399
75929.0,75928.68668040141,0.31331959858653136
75918.0,75927.59609560067,-9.596095600674744
75887.0,75916.85730450519,-29.85730450518895
75919.0,75885.8643532908,33.13564670919732
75902.0,75919.05603610486,-17.056036104855593
75853.0,75900.85817830075,-47.858178300753934
75812.0,75853.48276784993,-41.48276784992777
75763.0,75812.83215379709,-49.83215379709145
75712.0,75763.68473849846,-51.68473849845759
75717.0,75711.51987377647,5.480126223526895
75735.0,75716.75613493065,18.24386506935116
75768.0,75734.31324783407,33.68675216592965
75782.0,75766.12016055016,15.87983944984444
75781.0,75780.89507307293,0.10492692707339302
75757.0,75781.00519562529,-24.005195625286433
75757.0,75756.24397869267,0.7560213073302293
75761.0,75756.60836693522,4.391633064777125
75759.0,75760.97871912812,-1.9787191281211562
75740.0,75758.13152115162,-18.13152115161938
75713.0,75739.59021403732,-26.590214037321857
75697.0,75712.75118910731,-15.751189107308164
75690.0,75696.76491112587,-6.764911125865183
75672.0,75688.85051200577,-16.850512005767087
75678.0,75671.37575983813,6.6242401618656
75687.0,75677.34104863777,9.658951362231164
75658.0,75686.62569516526,-28.625695165261277
75657.0,75658.23407211325,-1.2340721132495673
75673.0,75658.61322021185,14.386779788153945
75665.0,75672.62186976656,-7.621869766560849
75663.0,75664.55128940154,-1.5512894015409984
75666.0,75662.50196621867,3.4980337813321967
75671.0,75664.87866776771,6.121332232287386
75593.0,75671.94743169725,-78.94743169724825
75542.0,75594.44141394542,-52.44141394541657
75520.0,75542.01261937217,-22.012619372166228
75501.0,75522.02408521665,-21.0240852166462
75491.0,75501.81107361027,-10.811073610268068
75490.0,75491.71806037074,-1.7180603707383852
75498.0,75489.40916093101,8.590839068987407
75414.0,75499.81294160118,-85.81294160117977
75452.0,75414.04082957664,37.959170423360774
75440.0,75452.09579159389,-12.0957915938925
75424.0,75440.7318937043,-16.73189370430191
75424.0,75424.56344653122,-0.5634465312177781
75402.0,75424.01908928134,-22.01908928134071
75414.0,75402.31730980343,11.682690196568728
75387.0,75414.4039742227,-27.403974222703255
75492.0,75390.35323085949,101.64676914051233
75460.0,75491.8687042575,-31.86870425750385
75454.0,75460.22754065503,-6.227540655032499
75459.0,75453.81010272398,5.189897276024567
75459.0,75458.60944871399,0.3905512860073941
75481.0,75458.10819836947,22.89180163052515
75473.0,75480.74540470772,-7.74540470771899
75473.0,75472.64987319586,0.35012680414365605
75491.0,75472.66876802685,18.331231973148533
75476.0,75490.20059155617,-14.200591556174913
75445.0,75475.68985175766,-30.689851757662836
75469.0,75445.26038426929,23.739615730708465
75472.0,75468.25417477064,3.745825229358161
75480.0,75471.97846398666,8.021536013344303
75469.0,75480.65649120625,-11.656491206245846
75469.0,75468.7675044587,0.2324955413059797
75532.0,75467.40076089978,64.5992391002219
75541.0,75531.59478388863,9.405216111365007
75553.0,75540.28229796862,12.717702031382942
75495.0,75551.63624698957,-56.63624698956846
75538.0,75495.51670284153,42.48329715846921
75572.0,75537.03918372968,34.96081627032254
75563.0,75570.98386478804,-7.9838647880387725
75582.0,75562.08254684087,19.917453159127035
75585.0,75580.6007622789,4.399237721096142
75558.0,75583.56818402499,-25.568184024989023
75582.0,75557.37435320547,24.625646794534987
75594.0,75580.94163099497,13.05836900502618
75589.0,75592.67369872327,-3.673698723272537
75595.0,75587.96930101007,7.03069898992544
75559.0,75593.75574481564,-34.75574481564399
75528.0,75559.2712486845,-31.27124868449755
75497.0,75527.04744823216,-30.047448232158786
75521.0,75497.00881404204,23.991185957958805
75528.0,75520.49596382584,7.504036174155772
75500.0,75527.23682866656,-27.236828666558722
75528.0,75499.68144986918,28.31855013081804
75532.0,75526.90892874182,5.091071258182637
75536.0,75530.90884190748,5.091158092516707
75503.0,75534.6106260486,-31.610626048597624
75416.0,75502.35988593755,-86.35988593754882
75402.0,75417.29887219451,-15.298872194514843
75350.0,75401.73885869537,-51.7388586953748
75381.0,75347.93607806387,33.06392193613283
75396.0,75380.51576228981,15.484237710188609
75464.0,75394.65924826279,69.34075173721067
75492.0,75462.8891341774,29.110865822600317
75522.0,75490.36326682233,31.636733177670976
75523.0,75520.17667004833,2.823329951672349
75597.0,75521.8404063414,75.15959365859453
75682.0,75595.02850742626,86.9714925737353
75629.0,75679.80479316977,-50.80479316976562
75644.0,75628.13870610784,15.861293892157846
75676.0,75641.99239056706,34.007609432941535
75686.0,75673.97290577578,12.027094224220491
75671.0,75684.70789676477,-13.70789676476852
75695.0,75670.07472593321,24.925274066787097
75688.0,75693.5099569845,-5.509956984504242
75683.0,75686.87271701258,-3.872717012578505
75678.0,75680.9001796125,-2.9001796124939574
75689.0,75676.88129789088,12.118702109117294
75665.0,75687.5127990682,-22.512799068194
75646.0,75664.19604763402,-18.196047634017305
75647.0,75645.29684637848,1.7031536215217784
75647.0,75645.9061385439,1.0938614561018767
75663.0,75646.02296297996,16.97703702004219
75662.0,75661.70287327071,0.2971267292887205
75700.0,75660.66289572234,39.33710427765618
75663.0,75698.29211485153,-35.29211485153064
75672.0,75662.11317753704,9.886822462955024
75627.0,75670.37811488911,-43.37811488911393
75626.0,75626.51256948589,-0.5125694858870702
75603.0,75624.64642594408,-21.646425944083603
75579.0,75602.33727540006,-23.337275400059298
75585.0,75578.46314240115,6.536857598854112
75564.0,75583.95682387157,-19.95682387157285
75567.0,75563.59188369843,3.4081163015653146
75573.0,75566.08698131877,6.913018681225367
75553.0,75571.80996788778,-18.80996788777702
75585.0,75552.32500760305,32.674992396947346
75606.0,75583.81386079537,22.18613920462667
75638.0,75603.91167710122,34.08832289878046
75636.0,75636.41657646968,-0.41657646968087647
75615.0,75634.30611711096,-19.30611711095844
75619.0,75613.84674509022,5.153254909775569
75589.0,75617.56217806005,-28.56217806004861
75560.0,75588.35603060464,-28.356030604642
75568.0,75560.07605191902,7.923948080977425
75568.0,75566.43192665254,1.5680733474582667
75570.0,75566.28049219282,3.719507807181799
75583.0,75569.29230529378,13.707694706215989
75584.0,75582.86380293648,1.136197063518921
75593.0,75582.85808019798,10.141919802015764
75624.0,75591.66598314751,32.334016852488276
75627.0,75623.02470523595,3.975294764051796
75641.0,75625.69797625447,15.302023745534825
75600.0,75639.58005307068,-39.58005307067651
75608.0,75599.55218905944,8.447810940560885
75612.0,75606.29509633781,5.7049036621901905
75607.0,75610.92258167107,-3.9225816710677464
75629.0,75606.04054991237,22.959450087626465
75656.0,75628.10419105981,27.895808940185816
75642.0,75654.49508434605,-12.495084346053773
75637.0,75640.96944409114,-3.9694440911407582
75644.0,75634.60891566651,9.391084333488834
75659.0,75642.66989807808,16.330101921921596
75693.0,75657.76771778951,35.232282210490666
75748.0,75691.73990869593,56.26009130406601
75737.0,75748.3008745119,-11.300874511900474
75815.0,75735.55311973856,79.44688026144286
75796.0,75812.87668205921,-16.876682059213636
75792.0,75794.32605830752,-2.326058307517087
75791.0,75790.32910236828,0.6708976317167981
75786.0,75789.76140293811,-3.7614029381074943
75786.0,75784.54781453224,1.4521854677586816
75761.0,75784.77247188984,-23.772471889838926
75773.0,75760.43010812197,12.569891878025373
75784.0,75771.54133808288,12.458661917116842
75732.0,75783.05989726324,-51.05989726324333
75725.0,75731.88916230634,-6.889162306339131
75734.0,75724.20036207829,9.799637921707472
75728.0,75732.89844571578,-4.898445715778507
75698.0,75726.98311852681,-28.983118526812177
75691.0,75697.56590076351,-6.5659007635113085
75723.0,75689.93657090024,33.06342909975501
75756.0,75720.79017850595,35.20982149404881
75755.0,75754.60187771781,0.39812228218943346
75756.0,75753.4316812923,2.568318707693834
75748.0,75754.46476020759,-6.464760207585641
75737.0,75746.37987501091,-9.379875010912656
75743.0,75735.66494423173,7.335055768271559
75725.0,75741.56693808871,-16.56693808871205
75729.0,75724.113213592,4.886786407994805
75716.0,75727.63203780497,-11.632037804971333
75727.0,75715.11898497309,11.881015026912792
75760.0,75725.79450513406,34.20549486593518
75759.0,75758.70034854257,0.29965145743335597
75706.0,75757.80888976148,-51.808889761479804
75725.0,75706.12932699328,18.870673006720608
75737.0,75723.81257596436,13.187424035641016
75696.0,75735.89953336489,-39.899533364892704
75723.0,75696.02833295042,26.97166704958363
75753.0,75721.87984897521,31.120151024791994
75784.0,75751.4125741268,32.58742587319284
75794.0,75782.51512982103,11.484870178974234
75802.0,75792.43038325127,9.569616748733097
75817.0,75800.3908341937,16.609165806294186
75806.0,75814.73297257586,-8.732972575860913
75801.0,75804.60906030281,-3.6090603028133046
75774.0,75799.74030276095,-25.740302760954364
75781.0,75773.24530677675,7.754693223250797
75809.0,75779.7557451505,29.244254849501885
75809.0,75807.7474752809,1.2525247190933442
75800.0,75807.74756130231,-7.747561302312533
75792.0,75800.12548447069,-8.125484470685478
75778.0,75791.64870843288,-13.648708432883723
75795.0,75776.39231706854,18.6076829314552
75793.0,75793.93291639224,-0.9329163922375301
75790.0,75791.87952545568,-1.8795254556753207
75801.0,75789.00585570827,11.994144291733392
75826.0,75799.5212333611,26.478766638902016
75852.0,75824.58497687672,27.415023123277933
75855.0,75850.39688830312,4.60311169688066
75845.0,75853.68261297946,-8.682612979464466
75854.0,75843.61025882802,10.389741171980859
75920.0,75852.53581957628,67.46418042371806
75902.0,75918.4446414897,-16.44464148969564
75894.0,75900.76908210879,-6.769082108789007
75941.0,75892.85047833959,48.149521660408936
75975.0,75939.34323583767,35.656764162326
75928.0,75973.20541160171,-45.205411601709784
75964.0,75927.62343718017,36.376562819830724
75961.0,75962.51834974244,-1.5183497424441157
75974.0,75958.91886318312,15.081136816879734
76046.0,75971.50929031632,74.49070968368324
76021.0,76044.08327762113,-23.083277621131856
76015.0,76019.47673992756,-4.4767399275588105
76026.0,76013.3169139585,12.683086041506613
76014.0,76023.97433361653,-9.974333616526565
76047.0,76012.43498996628,34.5650100337225
76061.0,76044.95182490147,16.048175098534557
76038.0,76059.07010362689,-21.07010362688743
76098.0,76036.59662364685,61.403376353147905
76085.0,76096.15642804104,-11.156428041038453
76132.0,76083.7274565623,48.27254343770619
76127.0,76129.79557198613,-2.795571986134746
76082.0,76125.29029872133,-43.290298721331055
76044.0,76080.93581057065,-36.935810570648755
76066.0,76043.46456346288,22.535436537116766
76087.0,76064.5348326997,22.465167300295434
76104.0,76085.42861537574,18.571384624257917
76104.0,76102.0450076185,1.9549923815065995
76088.0,76102.15191550815,-14.151915508147795
76083.0,76087.41652912169,-4.416529121692292
76103.0,76081.34494509386,21.655054906135774
76077.0,76100.94725800757,-23.947258007567143
76050.0,76077.98600571882,-27.986005718819797
76052.0,76051.03126736211,0.9687326378916623
76080.0,76051.28734760435,28.712652395654004
76129.0,76078.481223483,50.518776516997605
76154.0,76127.05611667916,26.94388332084054
76108.0,76153.81879844108,-45.81879844107607
76081.0,76107.00091473771,-26.000914737713174
76064.0,76080.0350799432,-16.035079943205346
76080.0,76062.904478178,17.09552182200423
76082.0,76078.54006182482,3.459938175175921
76077.0,76080.73113301264,-3.731133012639475
76069.0,76075.80012118937,-6.800121189371566
76059.0,76067.7277672924,-8.727767292395583
76063.0,76057.81317185488,5.186828145117033
76048.0,76061.68338533012,-13.683385330121382
76047.0,76047.05186847609,-0.05186847609002143
76056.0,76045.71828242844,10.281717571560876
76054.0,76054.83054966785,-0.8305496678513009
76052.0,76052.77396136701,-0.7739613670128165
76049.0,76050.623709449,-1.6237094490061281
76037.0,76047.68814745473,-10.688147454726277
76024.0,76037.1595502168,-13.159550216805656
76010.0,76023.2082388624,-13.208238862396684
76008.0,76009.10740042744,-1.107400427441462
76126.0,76007.1261030884,118.87389691159478
76076.0,76125.57591824155,-49.575918241549516
76058.0,76075.56286935248,-17.56286935247772
76057.0,76057.00123636931,-0.0012363693094812334
76053.0,76055.76583525223,-2.7658352522266796
76037.0,76051.8513660473,-14.851366047296324
76027.0,76036.68580851534,-9.685808515336248
76038.0,76026.44467399399,11.555326006011455
76068.0,76037.138787891,30.86121210899728
76070.0,76067.02344799376,2.976552006235579
76064.0,76070.33862894196,-6.338628941957722
76063.0,76063.00454788265,-0.004547882650513202
76063.0,76061.88664775378,1.1133522462187102
76083.0,76061.9238475445,21.07615245549823
76104.0,76081.96717247949,22.032827520510182
76085.0,76102.51078781717,-17.51078781716933
76112.0,76084.26157995078,27.73842004922335
76111.0,76110.40231039125,0.5976896087522618
76111.0,76109.70470461862,1.2952953813801287
76096.0,76109.8695005306,-13.869500530607183
76102.0,76095.25575344801,6.74424655198527
76122.0,76100.80335148137,21.196648518627626
76095.0,76120.74652863889,-25.746528638890595
76090.0,76094.54897004143,-4.548970041432767
76091.0,76089.10021352657,1.8997864734265022
76081.0,76089.25085613172,-8.250856131722685
76097.0,76080.37545669245,16.624543307552813
76071.0,76096.04872170182,-25.048721701823524
76066.0,76070.60975277539,-4.609752775388188
76082.0,76063.86210655594,18.137893444058136
76071.0,76081.00213158337,-10.00213158337283
76057.0,76070.30835663594,-13.308356635941891
76036.0,76056.23602044428,-20.236020444281166
76037.0,76035.6788999274,1.3211000726005295
76033.0,76036.07794778042,-3.077947780417162
76042.0,76032.2781612715,9.72183872849564
76047.0,76041.19944026298,5.8005597370211035
76023.0,76045.88010438932,-22.88010438931815
76025.0,76022.70055945237,2.299440547634731
76045.0,76024.0822471168,20.917752883193316
76075.0,76043.98687045244,31.013129547558492
76067.0,76073.77099877855,-6.770998778549256
76071.0,76066.34460950604,4.65539049396466
76020.0,76069.75728374447,-49.75728374447499
76060.0,76020.1872130531,39.812786946902634
76029.0,76059.0727485716,-30.07274857160519
76004.0,76028.92592989124,-24.925929891236592
76031.0,76003.7638208736,27.236179126397474
76032.0,76030.19969421595,1.800305784054217
76048.0,76031.02052229184,16.979477708155173
76066.0,76047.09441258131,18.90558741868881
76086.0,76064.90118507872,21.098814921278972
76078.0,76084.68592578072,-6.685925780722755
76070.0,76078.72155286843,-8.7215528684319
76051.0,76068.30447201432,-17.304472014322528
76002.0,76050.28925530933,-48.28925530932611
76019.0,76002.40279044409,16.59720955591183
76025.0,76018.69052355159,6.30947644841217
76037.0,76024.24725491741,12.752745082587353
76046.0,76036.03572611962,9.96427388038137
76047.0,76045.05398029713,1.9460197028674884
76048.0,76045.83828627603,2.161713723966386
76051.0,76047.19976312702,3.80023687297944
76107.0,76049.88604492244,57.11395507755515
76166.0,76105.39589609604,60.60410390395555
76270.0,76164.50185680758,105.49814319242432
76288.0,76268.07637470811,19.923625291892677
76204.0,76285.49992901801,-81.49992901801306
76196.0,76203.777186052,-7.777186052000616
76191.0,76194.6161523716,-3.6161523716000374
76251.0,76189.22516726943,61.77483273057442
76247.0,76250.0445212126,-3.0445212126069237
76228.0,76245.94319728414,-17.943197284141206
76219.0,76227.89420260483,-8.894202604831662
76211.0,76217.8430501845,-6.843050184499589
76177.0,76209.52976579391,-32.529765793908155
76175.0,76176.98563374997,-1.9856337499659276
76148.0,76174.11155710185,-26.111557101845392
76115.0,76147.87957576738,-32.87957576737972
76070.0,76114.44166583399,-44.441665833990555
76057.0,76070.43462082077,-13.43462082077167
76065.0,76058.46423457161,6.535765428387094
76090.0,76064.4534025293,25.546597470704
76156.0,76089.11576936097,66.88423063902883
76145.0,76154.85678862766,-9.856788627657807
76163.0,76143.58338227087,19.416617729133577
76158.0,76161.11441131588,-3.114411315880716
76147.0,76155.83471836669,-8.834718366691959
76115.0,76145.50738204064,-30.50738204063964
76112.0,76114.61853120897,-2.618531208965578
76103.0,76110.92479617526,-7.924796175255324
76107.0,76102.21444353857,4.785556461429223
76100.0,76105.96359977097,-5.963599770970177
76104.0,76099.17214281906,4.827857180935098
76092.0,76102.99510977545,-10.995109775452875
76076.0,76091.39261813702,-15.392618137018871
76080.0,76075.24649813758,4.753501862418489
76086.0,76079.23839245959,6.761607540407567
76121.0,76085.09178087355,35.908219126446056
76117.0,76119.93295366234,-2.9329536623408785
76120.0,76115.92231572299,4.077684277013759
76081.0,76117.99775822819,-36.997758228186285
76107.0,76080.50642998551,26.493570014485158
76136.0,76105.6483905814,30.35160941860522
76122.0,76135.05416134051,-13.054161340507562
76116.0,76121.11893843682,-5.118938436819008
76101.0,76115.08516149595,-14.085161495953798
76107.0,76100.26696845616,6.733031543844845
76100.0,76106.04385617567,-6.043856175674591
76022.0,76099.32710687214,-77.32710687213694
76041.0,76023.1531118779,17.846888122105156
76031.0,76040.72627481133,-9.72627481132804
76026.0,76030.65012102242,-4.650121022423264
76025.0,76025.69858211289,-0.6985821128910175
75996.0,76024.62697510129,-28.626975101287826
75999.0,75995.99000624567,3.009993754327297
76005.0,75998.5250640109,6.474935989099322
76029.0,76004.54477729427,24.455222705728374
76023.0,76028.34539601095,-5.345396010947297
75998.0,76022.52178752808,-24.521787528079585
75975.0,75997.59075201531,-22.59075201531232
75975.0,75974.78923151133,0.2107684886723291
75994.0,75974.40500480635,19.594995193649083
75972.0,75993.45200176019,-21.452001760189887
75951.0,75971.91484065069,-20.91484065068653
76011.0,75951.04052437219,59.9594756278093
76015.0,76011.17980871064,3.820191289356444
76042.0,76014.60387258281,27.396127417188836
76063.0,76039.85502533996,23.144974660041044
76030.0,76061.91651333016,-31.916513330157613
76067.0,76029.66287165262,37.33712834738253
76071.0,76066.83017331659,4.169826683413703
76053.0,76070.5650463936,-17.565046393603552
76072.0,76052.3365834492,19.66341655080032
76037.0,76070.49419433414,-33.49419433414005
76030.0,76036.84625716407,-6.846257164070266
76007.0,76029.5932230818,-22.593223081799806
76028.0,76007.03753092625,20.96246907375462
76000.0,76027.19143911557,-27.191439115573303
76014.0,75999.60931852322,14.390681476783357
76026.0,76013.70675265075,12.29324734925467
76030.0,76025.14200568302,4.857994316975237
76038.0,76029.14495893606,8.855041063943645
76028.0,76037.5966810318,-9.596681031805929
76005.0,76026.98775510042,-21.987755100417417
75994.0,76004.71515465027,-10.71515465027187
76018.0,75993.67078019294,24.32921980705578
76004.0,76016.99524842689,-12.995248426886974
76004.0,76003.56316764763,0.4368323523667641
76018.0,76003.12097700722,14.879022992783575
76018.0,76016.79286944622,1.2071305537829176
75989.0,76016.9375660753,-27.9375660752994
76001.0,75988.81840453691,12.181595463087433
75993.0,75999.8663433713,-6.866343371293624
76009.0,75992.34688931987,16.6531106801267
76024.0,76008.18785567096,15.812144329043804
76029.0,76025.47840908155,3.521590918448055
76051.0,76028.3539553868,22.646044613196864
76032.0,76049.49001848118,-17.49001848118496
76064.0,76031.1230160923,32.87698390769947
76066.0,76062.56654116382,3.4334588361816714
76086.0,76064.73144032231,21.268559677686426
76078.0,76085.28077022223,-7.280770222234423
76094.0,76077.73397692271,16.26602307728899
76135.0,76092.39742478087,42.60257521913445
76171.0,76137.13290224483,33.86709775516647
76169.0,76169.13787654399,-0.1378765439876588
76181.0,76167.40232460595,13.597675394048565
76140.0,76181.36969138267,-41.36969138267159
76134.0,76139.51815493993,-5.518154939927626
76148.0,76133.65942306868,14.340576931324904
76144.0,76146.30405414871,-2.304054148713476
76149.0,76142.79779173862,6.20220826138393
76129.0,76150.02284526086,-21.02284526085714
76115.0,76128.26696533641,-13.266965336413705
76120.0,76114.01907168193,5.980928318065708
76089.0,76119.40091589207,-30.400915892067133
76101.0,76088.72787533312,12.2721246668807
76098.0,76100.05496488514,-2.0549648851447273
76071.0,76096.96734057208,-25.96734057208232
76073.0,76070.53392684489,2.466073155112099
76084.0,76071.80292984413,12.197070155874826
76080.0,76082.85802828465,-2.8580282846523914
76082.0,76078.87503216314,3.124967836862197
76084.0,76080.80559679757,3.1944032024330227
76066.0,76082.7200657194,-16.720065719404374
76073.0,76065.24888353149,7.751116468512919
76029.0,76071.70797427355,-42.70797427355137
76049.0,76029.0868728117,19.91312718829431
76057.0,76047.95334996015,9.046650039847009
76059.0,76056.04861891431,2.951381085687899
76070.0,76057.82674473687,12.17325526312925
76098.0,76068.90213820554,29.097861794463824
76081.0,76096.66457609275,-15.664576092749485
76048.0,76080.05182915374,-32.05182915374462
76009.0,76047.77447513434,-38.77447513434163
75923.0,76009.12791351008,-86.12791351007763
75920.0,75924.54931033912,-4.549310339119984
75929.0,75921.0124748151,7.987525184900733
75910.0,75929.62454224592,-19.624542245917837
75908.0,75910.17908338923,-2.1790833892300725
75908.0,75904.66031761888,3.3396823811199283
75951.0,75905.1814024031,45.818597596895415
75969.0,75950.10948627109,18.890513728911174
76047.0,75967.90408927211,79.09591072789044
76031.0,76045.66641593886,-14.666415938860155
76017.0,76031.31769667285,-14.317696672849706
75981.0,76015.8904792204,-34.89047922039754
75983.0,75980.59432586626,2.405674133740831
76000.0,75981.992892678,18.007107322002412
76003.0,75999.35057212754,3.6494278724567266
76001.0,76002.26104565697,-1.261045656967326
76003.0,76000.40149164906,2.59850835094403
76006.0,76002.26279104954,3.7372089504642645
76040.0,76005.17350650119,34.82649349881103
76021.0,76039.16498930233,-18.16498930232774
76107.0,76020.5801634694,86.41983653059287
76080.0,76106.31695391714,-26.316953917135834
76069.0,76079.78399389748,-10.783993897479377
76078.0,76068.05137321279,9.94862678721256
76098.0,76077.30604363937,20.693956360628363
76135.0,76095.71053956152,39.28946043847827
76119.0,76133.70147824525,-14.701478245246108
76075.0,76118.02291800767,-43.02291800767125
76085.0,76074.86064342747,10.139356572530232
76090.0,76084.01832785366,5.981672146343044
76103.0,76088.9811645088,14.018835491195205
76110.0,76102.5534428389,7.446557161107194
76094.0,76108.86367038373,-14.863670383725548
76110.0,76092.14015347285,17.859846527149784
76132.0,76108.59338931486,23.40661068513873
76172.0,76131.21394566438,40.786054335621884
76186.0,76170.22814226139,15.771857738611288
76191.0,76184.29522368264,6.704776317361393
76205.0,76188.83480327387,16.16519672612776
76210.0,76203.68386214916,6.316137850837549
76217.0,76211.95994895653,5.040051043470157
76244.0,76215.10690457122,28.893095428778906
76238.0,76242.33572078375,-4.335720783754368
76343.0,76236.47264543817,106.52735456182563
76328.0,76345.34234810981,-17.34234810981434
76311.0,76325.44257155173,-14.442571551728179
76313.0,76308.93588903152,4.064110968480236
76311.0,76311.57825628457,-0.5782562845706707
76318.0,76309.18295835322,8.817041646776488
76379.0,76317.00217945261,61.99782054738898
76371.0,76378.52712102646,-7.527121026461828
76356.0,76369.971932989,-13.971932989006746
76337.0,76354.29122756251,-17.291227562513086
76326.0,76335.3190038366,-9.319003836601041
76318.0,76323.59854506682,-5.598545066823135
76322.0,76316.24319992718,5.756800072820624
76312.0,76320.43812123887,-8.438121238868916
76309.0,76310.15978738513,-1.1597873851278564
76318.0,76307.53049384299,10.469506157009164
76316.0,76316.10032595809,-0.10032595809025224
76285.0,76313.93366162859,-28.933661628587288
76265.0,76284.09000364778,-19.090003647783305
76269.0,76264.02653997854,4.973460021457868
76229.0,76268.50635770644,-39.50635770644294
76266.0,76229.31577150975,36.68422849025228
76263.0,76264.86607649049,-1.86607649049256
76282.0,76261.54350601156,20.45649398844398
76299.0,76280.40040707392,18.59959292608255
76288.0,76297.40247783005,-9.402477830051794
76316.0,76286.54054858057,29.4594514194323
76386.0,76314.10755164166,71.8924483583396
76293.0,76383.74225921811,-90.74225921811012
76285.0,76292.89411248802,-7.894112488022074
76293.0,76283.79951937456,9.200480625440832
76293.0,76291.63791684981,1.3620831501903012
76287.0,76291.1947043264,-4.194704326393548
76281.0,76285.33624968972,-4.336249689717079
76290.0,76279.97948104676,10.020518953242572
76288.0,76288.85013035464,-0.8501303546363488
76305.0,76286.93984012853,18.060159871471114
76284.0,76303.78698697855,-19.786986978549976
76311.0,76282.80453769425,28.19546230575361
76329.0,76309.7941235088,19.205876491207164
76307.0,76327.29134279535,-20.29134279534628
76278.0,76305.61393016792,-27.613930167921353
76306.0,76277.60771267755,28.39228732245101
76299.0,76304.63061365276,-5.630613652756438
76290.0,76298.15381227544,-8.15381227544276
76306.0,76289.28419464394,16.71580535605608
76249.0,76305.26182929623,-56.261829296228825
76243.0,76249.2362840658,-6.236284065802465
76270.0,76243.28510220988,26.71489779012336
76272.0,76268.41272505569,3.5872749443078646
76285.0,76270.93791374237,14.062086257632473
76293.0,76284.65297118192,8.347028818083345
76286.0,76292.41322650255,-6.413226502554608
76301.0,76285.23281935487,15.767180645125336
76312.0,76299.97116981076,12.028830189243308
76290.0,76310.75236252778,-20.75236252778268
76291.0,76289.44903336745,1.550966632552445
76279.0,76290.05490438653,-11.054904386532144
76296.0,76278.1387710466,17.86122895340668
76253.0,76294.86902846684,-41.86902846684097
76249.0,76253.28228448221,-4.282284482207615
76213.0,76248.47596699753,-35.47596699753194
76177.0,76212.64564473805,-35.64564473804785
76181.0,76177.52763339409,3.4723666059144307
76150.0,76179.55029448813,-29.55029448813002
76150.0,76150.23392914863,-0.23392914862779435
76118.0,76148.80320432674,-30.80320432674489
76105.0,76116.33726057403,-11.337260574029642
76216.0,76103.93616744006,112.06383255994297
76260.0,76216.78924135503,43.210758644971065
76248.0,76261.05279815463,-13.05279815463291
76243.0,76246.65992977483,-3.6599297748325625
76308.0,76242.8951085955,65.10489140449499
76290.0,76303.87903613657,-13.879036136568175
76288.0,76293.38429802908,-5.384298029079218
76355.0,76285.44379105081,69.55620894918684
76519.0,76353.60100172315,165.3989982768544
76495.0,76518.7262591083,-23.72625910829811
76469.0,76491.95789825071,-22.95789825070824
76558.0,76467.57125568627,90.42874431372911
76605.0,76556.75654648908,48.24345351092052
76612.0,76601.50034989176,10.499650108235073
76506.0,76607.54089060676,-101.54089060676051
76449.0,76508.31191825557,-59.311918255567434
76425.0,76448.118981578,-23.11898157799442
76442.0,76428.91967669822,13.080323301779572
76453.0,76442.38188633867,10.618113661330426
76452.0,76452.61945665898,-0.619456658983836
76386.0,76454.39948885753,-68.39948885752528
76448.0,76386.81112304739,61.18887695261219
76420.0,76448.02396833256,-28.023968332563527
76480.0,76420.36622648832,59.6337735116831
76524.0,76478.12316408487,45.87683591512905
76398.0,76523.86033922028,-125.86033922027855
76404.0,76399.4350795477,4.564920452306978
76396.0,76401.85212802162,-5.852128021622775
76423.0,76394.59573085072,28.40426914927957
76455.0,76421.89022066754,33.10977933245886
76535.0,76453.94230985182,81.05769014818361
76529.0,76533.59378614655,-4.593786146549974
76487.0,76525.38267428041,-38.38267428040854
76511.0,76485.41876277601,25.581237223988865
76511.0,76508.9383475242,2.0616524757933803
76524.0,76512.77311387254,11.22688612746424
76439.0,76523.28072097087,-84.28072097086988
76445.0,76439.93528655439,5.064713445608504
76392.0,76442.75185247621,-50.75185247621266
76257.0,76392.85093247765,-135.85093247765326
76316.0,76260.07803190415,55.92196809584857
76352.0,76317.37949148296,34.6205085170368
76322.0,76351.41544031048,-29.415440310476697
76286.0,76322.96373779276,-36.963737792757456
76132.0,76285.55861310073,-153.55861310072942
76109.0,76135.05597903633,-26.055979036333156
76143.0,76108.09100370274,34.90899629726482
76239.0,76142.52844337125,96.47155662874866
76225.0,76238.67842391727,-13.678423917270266
76228.0,76226.04539040485,1.954609595151851
76262.0,76229.15303610511,32.84696389488818
76243.0,76257.55503975082,-14.55503975081956
76240.0,76243.71486918001,-3.7148691800102824
76211.0,76237.72151019907,-26.721510199073236
76130.0,76211.00429057109,-81.00429057108704
76163.0,76131.62108276808,31.37891723192297
76253.0,76162.56359885234,90.4364011476573
76315.0,76252.9628844527,62.03711554729671
76280.0,76314.19394875053,-34.19394875052967
76488.0,76279.36352596174,208.63647403825598
76468.0,76489.32751402991,-21.327514029908343
76396.0,76464.4670384378,-68.46703843779687
76286.0,76396.32235005309,-110.32235005308758
76346.0,76287.41297822718,58.58702177282248
76264.0,76344.37646526014,-80.3764652601385
76227.0,76266.2805834747,-39.28058347469778
76222.0,76225.52964636251,-3.5296463625127217
76207.0,76224.38666119073,-17.386661190728773
76242.0,76206.07283197647,35.927168023525155
76316.0,76245.01369066973,70.98630933027016
76297.0,76314.82732389502,-17.827323895020527
76316.0,76297.06569265145,18.934307348550647
76318.0,76316.25556595871,1.7444340412912425
76298.0,76316.9567058284,-18.956705828401027
76379.0,76298.10162078096,80.89837921904109
76375.0,76380.61645515713,-5.616455157127348
76334.0,76372.95248316381,-38.95248316381185
76348.0,76334.57435312474,13.425646875257371
76357.0,76347.69171374053,9.308286259474698
76394.0,76355.47303194561,38.52696805438609
76371.0,76392.97912049635,-21.97912049635488
76330.0,76373.0394017623,-43.039401762303896
76344.0,76329.48601702636,14.513982973643579
76343.0,76345.73035887496,-2.730358874963713
76286.0,76343.15086966616,-57.15086966616218
76251.0,76286.75123789073,-35.75123789072677
76287.0,76251.42756697169,35.572433028311934
76284.0,76286.25839654001,-2.258396540011745
76330.0,76283.50507392584,46.494926074155956
76344.0,76329.26754234494,14.732457655059989
76244.0,76343.37458698085,-99.37458698084811
76222.0,76245.19901197776,-23.199011977761984
76231.0,76222.72166108985,8.278338910153252
76206.0,76225.77656532926,-19.77656532925903
76247.0,76206.52335850826,40.47664149173943
76330.0,76247.94560553001,82.05439446998935
76300.0,76327.97197920979,-27.971979209789424
76358.0,76300.13199291883,57.86800708116789
76344.0,76356.35078506493,-12.350785064933007
76342.0,76342.93682399504,-0.9368239950417774
76314.0,76340.33480446652,-26.334804466518108
76330.0,76313.36427927208,16.63572072792158
76393.0,76328.62910817964,64.37089182036289
76374.0,76392.35838205605,-18.35838205604523
76359.0,76373.0687010534,-14.068701053402037
76367.0,76357.31934457725,9.680655422751443
76359.0,76365.23551809268,-6.235518092682469
76412.0,76357.57853521476,54.421464785235
76410.0,76411.03335369875,-1.0333536987454863
76379.0,76408.86961261154,-29.869612611539196
76368.0,76378.50091527056,-10.500915270560654
76383.0,76366.60478004243,16.395219957572408
76413.0,76381.71144073912,31.288559260879993
76436.0,76411.82891938472,24.171080615284154
76418.0,76433.98204914846,-15.982049148457008
76414.0,76416.63207645493,-2.632076454930939
76406.0,76412.82252061028,-6.822520610279753
76470.0,76405.08621546134,64.91378453865764
76501.0,76468.74477644014,32.25522355985595
76523.0,76499.16410296544,23.835897034558002
76471.0,76523.56166802485,-52.561668024849496
76446.0,76477.54345786007,-31.543457860068884
76414.0,76447.98355771072,-33.983557710715104
76374.0,76413.39161546507,-39.391615465065115
76396.0,76374.19984914879,21.800150851209764
76384.0,76394.4256631568,-10.425663156798691
76439.0,76383.59169899445,55.4083010055474
76439.0,76437.64532639911,1.3546736008865992
76397.0,76437.49999470892,-40.49999470892362
76417.0,76396.66115662453,20.338843375473516
76370.0,76415.73326706931,-45.733267069314024
76388.0,76370.0274135287,17.97258647129638
76449.0,76387.25026116791,61.74973883209168
76374.0,76445.99203747821,-71.99203747820866
76320.0,76374.02605909569,-54.02605909568956
76326.0,76320.40548330212,5.594516697878134
76383.0,76324.70400922991,58.295990770086064
76401.0,76382.1035913196,18.89640868040442
76399.0,76399.70221281594,-0.7022128159442218
76435.0,76397.99398022794,37.00601977205952
76441.0,76434.01405144269,6.985948557310621
76424.0,76439.5164050266,-15.516405026603024
76467.0,76422.60008620349,44.39991379651474
76478.0,76465.55643020803,12.443569791968912
76500.0,76478.16509064147,21.83490935852751
76483.0,76497.9216137738,-14.921613773796707
76460.0,76481.89344387203,-21.89344387203164
76452.0,76459.06838673736,-7.068386737359106
76428.0,76451.55957853359,-23.559578533589956
76343.0,76427.60176938657,-84.60176938657241
76353.0,76344.68619185616,8.313808143837377
76391.0,76352.22499708018,38.77500291982142
76440.0,76390.42452493869,49.57547506131232
76419.0,76439.57329708098,-20.573297080976772
76433.0,76418.36102321501,14.638976784990518
76429.0,76430.83195398605,-1.8319539860531222
76435.0,76427.83246356962,7.167536430381006
76392.0,76433.70199071192,-41.701990711924736
76396.0,76392.03281865413,3.9671813458699035
76398.0,76393.90242725852,4.097572741477052
76405.0,76397.37554950392,7.62445049607777
76431.0,76404.55005880352,26.449941196478903
76441.0,76430.53669236423,10.463307635771343
76400.0,76439.68296440617,-39.68296440616541
76380.0,76399.98321749447,-19.983217494474957
76382.0,76379.58201445967,2.4179855403344845
76382.0,76382.0620847398,-0.06208473979495466
76348.0,76380.8237915369,-32.82379153689544
76355.0,76348.1860778745,6.813922125496902
76342.0,76354.17166850122,-12.171668501221575
76355.0,76341.1470102314,13.852989768594853
76331.0,76353.76282857744,-22.762828577440814
76336.0,76330.92661561652,5.073384383475059
76339.0,76335.68633797225,3.313662027750979
76344.0,76338.26252580041,5.737474199588178
76284.0,76343.12166010434,-59.12166010434157
76272.0,76284.91093154352,-12.910931543519837
76319.0,76271.72496012982,47.27503987017553
76348.0,76318.20157073092,29.79842926908168
76322.0,76347.15195070564,-25.15195070563641
76317.0,76321.85409792318,-4.854097923176596
76317.0,76315.65774999237,1.342250007626717
76350.0,76315.80948374521,34.19051625479187
76369.0,76349.20563278934,19.79436721066304
76378.0,76368.04880834176,9.951191658241441
76353.0,76376.91666767605,-23.916667676050565
76334.0,76352.55143660231,-18.551436602312606
76340.0,76333.35538451468,6.644615485318354
76314.0,76339.43366425305,-25.433664253054303
76309.0,76313.24112683332,-4.241126833323506
76310.0,76308.78565544015,1.2143445598485414
76312.0,76309.53819920252,2.461800797478645
76301.0,76311.43211453091,-10.432114530907711
76311.0,76301.24914524503,9.750854754965985
76310.0,76309.7077605417,0.2922394583001733
76305.0,76309.23388267645,-4.233882676446228
76327.0,76304.51967802862,22.480321971379453
76335.0,76326.27169364535,8.728306354649249
76330.0,76333.9994307403,-3.999430740295793
76307.0,76329.65413781138,-22.65413781137613
76286.0,76306.64711608051,-20.647116080508567
76275.0,76285.74493682622,-10.744936826216872
76281.0,76273.56776226433,7.43223773567297
76243.0,76280.47152141393,-37.47152141392871
76238.0,76243.479592328,-5.479592328003491
76215.0,76238.2919707361,-23.291970736099756
76215.0,76214.02130240972,0.9786975902825361
76230.0,76214.82906112255,15.170938877447043
76248.0,76229.75495545792,18.245044542083633
76264.0,76246.63573815027,17.364261849725153
76235.0,76262.85337925858,-27.85337925858039
76209.0,76234.83730364675,-25.837303646752844
76206.0,76208.8143337395,-2.8143337395013077
76219.0,76205.4282429361,13.571757063895348
76213.0,76218.20111268229,-5.201112682290841
76251.0,76211.48157043189,39.51842956811015
76290.0,76250.12281406418,39.877185935823945
76292.0,76289.02081630098,2.979183699018904
76279.0,76290.75499416846,-11.754994168455596
76231.0,76277.90999459206,-46.909994592060684
76193.0,76231.26921423235,-38.26921423235035
76207.0,76193.43509639316,13.564903606835287
76192.0,76206.47263849303,-14.472638493025443
76164.0,76192.086602558,-28.086602558003506
76164.0,76164.28565876941,-0.28565876941138413
76076.0,76164.54440492242,-88.54440492241702
76104.0,76077.90903440629,26.090965593713918
76125.0,76102.66491577699,22.335084223013837
76134.0,76124.18309617753,9.81690382247325
76098.0,76133.07226365224,-35.07226365224051
76100.0,76098.53226345743,1.46773654257413
76119.0,76099.47907044993,19.520929550068104
76124.0,76118.20412670512,5.795873294875491
76121.0,76123.51514023931,-2.515140239309403
76095.0,76120.4332282122,-25.433228212204995
76103.0,76094.83932912104,8.160670878962264
76102.0,76102.27015044745,-0.2701504474534886
76114.0,76101.43296068745,12.567039312547422
76201.0,76113.39175866212,87.60824133787537
76169.0,76200.71847968988,-31.71847968988004
76150.0,76169.73327188852,-19.733271888515446
76121.0,76150.99703615079,-29.997036150787608
76149.0,76120.569162572,28.430837427993538
76160.0,76148.43157587448,11.568424125522142
76164.0,76161.0245816627,2.9754183373006526
76148.0,76163.38786480488,-15.387864804884885
76143.0,76147.63227777465,-4.63227777465363
76146.0,76142.91705264506,3.0829473549383692
76123.0,76146.93584659339,-23.935846593391034
76125.0,76122.8588259265,2.141174073505681
76127.0,76124.56889465616,2.431105343843228
76119.0,76126.45649154413,-7.456491544129676
76128.0,76118.62660057865,9.373399421354407
76138.0,76127.47434778312,10.52565221687837
76173.0,76137.04510661591,35.95489338408515
76199.0,76171.76251812869,27.23748187131423
76176.0,76197.73826729247,-21.7382672924723
76182.0,76175.25434303978,6.745656960221822
76156.0,76180.9733498659,-24.97334986590431
76169.0,76155.52731266677,13.472687333225622
76168.0,76167.79744105972,0.20255894027650356
76209.0,76167.3345023697,41.66549763029616
76214.0,76208.25869363463,5.741306365365745
76246.0,76212.78921804401,33.21078195598966
76238.0,76244.65772327052,-6.657723270516726
76242.0,76236.73192444388,5.268075556115946
76244.0,76241.64862790094,2.3513720990595175
76235.0,76243.33515022814,-8.335150228143902
76310.0,76235.76279038162,74.23720961838262
76313.0,76308.88362659581,4.116373404191108
76323.0,76311.32764741282,11.672352587178466
76335.0,76321.35595142064,13.644048579357332
76301.0,76333.31855592882,-32.318555928824935
76272.0,76299.38825314236,-27.388253142358735
76284.0,76270.93090805825,13.069091941753868
76276.0,76283.43909557608,-7.439095576075488
76249.0,76275.1420289628,-26.142028962800396
76276.0,76248.73545510042,27.264544899575412
76238.0,76274.67931137432,-36.679311374318786
76228.0,76237.70728106126,-9.707281061258982
76229.0,76227.23645820215,1.7635417978453916
76240.0,76227.48395990628,12.516040093716583
76240.0,76238.80903555526,1.1909644447441678
76315.0,76239.01154240742,75.98845759258256
76431.0,76313.50838261667,117.4916173833335
76437.0,76428.87258734052,8.127412659479887
76423.0,76432.84587689958,-9.845876899576979
76396.0,76420.73745418403,-24.73745418402541
76401.0,76394.29596703382,6.704032966183149
76364.0,76399.5128093385,-35.51280933849921
76391.0,76363.5746053617,27.425394638295984
76381.0,76389.7830995455,-8.78309954550059
76381.0,76379.56944619097,1.4305538090266054
76295.0,76379.6008966653,-84.60089666530257
76309.0,76296.10820047108,12.891799528923002
76299.0,76307.52056454969,-8.52056454968988
76298.0,76298.33383516267,-0.3338351626734948
76251.0,76297.07037436022,-46.07037436022074
76272.0,76250.89060381014,21.10939618985867
76248.0,76272.47259356819,-24.47259356819268
76219.0,76247.41805524635,-28.418055246351287
76204.0,76220.13234916398,-16.13234916397778
76230.0,76202.45812134579,27.541878654214088
76262.0,76228.86917731991,33.130822680090205
76263.0,76260.73420727153,2.26579272847448
76262.0,76262.11276832012,-0.11276832011935767
76258.0,76260.8217337125,-2.8217337124951882
76275.0,76256.84199261347,18.158007386533427
76276.0,76273.45877090616,2.5412290938402293
76285.0,76274.77952274676,10.22047725324228
76293.0,76283.77477784277,9.225222157227108
76367.0,76291.84833868349,75.15166131651495
76368.0,76365.39158782516,2.6084121748426696
76372.0,76366.32212756845,5.677872431551805
76354.0,76370.61748848812,-16.617488488118397
76345.0,76352.94368272838,-7.943682728378917
76354.0,76343.89983920715,10.100160792848328
76387.0,76352.27763746562,34.72236253437586
76399.0,76386.13496163598,12.86503836401971
76415.0,76399.21427783005,15.78572216995235
76417.0,76413.81974361395,3.1802563860546798
76384.0,76415.7006015947,-31.70060159469722
76372.0,76383.5032822051,-11.503282205099822
76355.0,76371.18981867083,-16.189818670827663
76344.0,76354.29694722209,-10.296947222086601
76346.0,76343.4756764605,2.5243235395028023
76327.0,76345.17567635127,-18.17567635126761
76317.0,76326.55969843201,-9.559698432014557
76312.0,76316.41291435865,-4.412914358646958
76336.0,76309.55157510706,26.4484248929366
76328.0,76334.78005282562,-6.78005282561935
76292.0,76327.16503419046,-35.165034190460574
76307.0,76291.93273624321,15.067263756791363
76307.0,76306.37970752198,0.6202924780227477
76368.0,76305.89569576428,62.10430423571961
76356.0,76368.22388064332,-12.223880643316079
76358.0,76355.69526181008,2.3047381899232278
76394.0,76356.85977653669,37.140223463313305
76419.0,76392.44692981553,26.553070184469107
76455.0,76417.62601059154,37.37398940845742
76438.0,76453.33782979591,-15.337829795913422
76444.0,76436.75878084682,7.241219153176644
76425.0,76442.31908905266,-17.319089052660274
76412.0,76424.12728416699,-12.127284166985191
76415.0,76411.15664030281,3.8433596971881343
76415.0,76414.34663657895,0.6533634210500168
76418.0,76413.9802539513,4.019746048696106
76404.0,76417.26236474265,-13.262364742651698
76398.0,76403.29553341561,-5.295533415614045
76403.0,76397.07243097918,5.927569020816009
76400.0,76401.99910184111,-1.9991018411092227
76413.0,76398.82769372046,14.172306279535405
76469.0,76412.23893534394,56.76106465606426
76469.0,76467.44522126619,1.5547787338146009
76452.0,76468.49324938911,-16.493249389110133
76461.0,76450.74402277259,10.255977227410767
76461.0,76459.48899289768,1.5110071023227647
76448.0,76458.99322932075,-10.993229320753017
76471.0,76447.91235783299,23.087642167010927
76479.0,76469.74592725157,9.25407274843019
76470.0,76477.24157068314,-7.241570683137979
76472.0,76468.41845983017,3.581540169834625
76463.0,76470.64957778103,-7.649577781034168
76476.0,76461.89220223624,14.107797763761482
76465.0,76474.76151992686,-9.761519926862093
76461.0,76464.06897165523,-3.0689716552296886
76412.0,76461.93257360403,-49.93257360403368
76466.0,76412.47162153259,53.52837846741022
76451.0,76464.6745794702,-13.674579470200115
76431.0,76450.74411669318,-19.74411669318215
76449.0,76430.3690689937,18.630931006293395
76403.0,76447.75660578575,-44.756605785747524
76415.0,76403.92460553191,11.075394468090963
76402.0,76414.29084710342,-12.290847103417036
76384.0,76401.78902421719,-17.789024217185215
76423.0,76383.44047474216,39.55952525783505
76427.0,76422.024766214,4.975233785997261
76441.0,76424.86037719397,16.139622806033003
76381.0,76439.49136985422,-58.491369854222285
76412.0,76380.56877316716,31.43122683283582
76394.0,76411.51777452632,-17.517774526320864
76424.0,76392.40014642925,31.599853570747655
76396.0,76422.85987354387,-26.8598735438718
76355.0,76396.19425436539,-41.19425436538586
76369.0,76354.88687402754,14.113125972464331
76404.0,76368.23358810786,35.76641189213842
76380.0,76403.02286457464,-23.022864574639243
76388.0,76379.59265698546,8.407343014536309
76389.0,76389.89700695526,-0.8970069552597124
76389.0,76386.1741326604,2.8258673396048835
76380.0,76387.16664690366,-7.166646903657238
76389.0,76378.74179690427,10.258203095727367
76374.0,76388.14673578303,-14.146735783026088
76390.0,76373.41915894386,16.58084105614398
76368.0,76389.14419833632,-21.144198336318368
76344.0,76367.17201435054,-23.17201435053721
76371.0,76343.35000645235,27.649993547645863
76376.0,76370.11068784852,5.8893121514847735
76376.0,76375.02469091288,0.9753090871236054
76374.0,76375.25232434586,-1.252324345856323
76434.0,76373.15961837035,60.84038162964862
76413.0,76432.66114508956,-19.661145089557976
76419.0,76412.38400824896,6.6159917510376545
76321.0,76417.86381491054,-96.86381491053908
76310.0,76322.98874022847,-12.988740228465758
76349.0,76312.74432585077,36.25567414922989
76349.0,76347.80295274103,1.197047258974635
76365.0,76348.70437690211,16.295623097888893
76390.0,76364.27436780633,25.725632193672936
76497.0,76388.82324489811,108.17675510188565
76483.0,76498.15407689415,-15.154076894148602
76467.0,76481.55626525565,-14.55626525565458
76437.0,76465.81063581482,-28.81063581482158
76413.0,76436.37970197388,-23.37970197388495
76427.0,76412.41457550792,14.585424492077436
76440.0,76426.22295154519,13.777048454809119
76439.0,76439.06347060404,-0.06347060404368676
76440.0,76438.03840755891,1.9615924410900334
76438.0,76438.86652345027,-0.8665234502695967
76445.0,76436.78651359372,8.213486406282755
76461.0,76443.94746416708,17.052535832917783
76467.0,76459.83662619525,7.163373804753064
76450.0,76465.77734046927,-15.777340469270712
76472.0,76449.24729443295,22.752705567050725
76472.0,76471.3699067624,0.6300932376034325
76477.0,76470.5662370802,6.433762919798028
76483.0,76477.25247840598,5.7475215940212365
76488.0,76481.93754517373,6.062454826271278
76487.0,76486.62315320694,0.3768467930640327
76485.0,76485.76230603988,-0.762306039876421
76485.0,76484.09767556265,0.9023244373529451
76496.0,76483.72780519584,12.272194804158062
76492.0,76495.44464335316,-3.4446433531556977
76491.0,76490.79843819604,0.20156180395861156
76487.0,76490.06008815498,-3.060088154976256
76482.0,76485.76404067467,-3.7640406746650115
76506.0,76480.881644996,25.118355004000477
76522.0,76504.77742516696,17.22257483303838
76501.0,76521.4159197434,-20.41591974340554
76510.0,76500.10668689602,9.8933131039812
76505.0,76508.64326724112,-3.643267241117428
76499.0,76503.7353907714,-4.73539077139867
76502.0,76498.29912996401,3.700870035987464
76502.0,76500.79435136671,1.2056486332876375
76502.0,76500.72531126549,1.2746887345128926
76501.0,76500.77496072964,0.22503927035722882
76479.0,76499.78161183541,-20.78161183540942
76459.0,76478.36946905027,-19.369469050274347
76463.0,76458.35101665792,4.648983342078282
76474.0,76462.03868428801,11.9613157119893
76484.0,76472.99200301783,11.007996982167242
76486.0,76482.93334563103,3.0666543689731043
76487.0,76484.76034096045,2.239659039551043
76499.0,76485.57228538596,13.42771461403754
76494.0,76497.77452160514,-3.7745216051407624
76489.0,76493.16726320519,-4.167263205192285
76465.0,76487.98085769366,-22.980857693662983
76437.0,76464.49889929764,-27.49889929764322
76427.0,76436.86666772973,-9.86666772972967
76427.0,76426.417321698,0.582678302002023
76420.0,76426.24514008114,-6.245140081140562
76448.0,76419.37163151422,28.628368485777173
76456.0,76446.70326341261,9.296736587391933
76426.0,76454.81437667363,-28.81437667363207
76417.0,76425.76079777902,-8.760797779017594
76418.0,76416.3159242484,1.6840757516038138
76412.0,76417.24723725342,-5.247237253424828
76412.0,76411.33192149043,0.6680785095668398
76423.0,76411.24214562277,11.757854377225158
76360.0,76422.06483357958,-62.064833579584956
76349.0,76360.81418160956,-11.814181609559455
76350.0,76348.72464754942,1.2753524505824316
76350.0,76349.01702715112,0.9829728488839464
76363.0,76349.51041013173,13.48958986827347
76363.0,76362.39196157009,0.6080384299129946
76363.0,76362.22420215284,0.7757978471636306
76313.0,76362.18910468901,-49.18910468900867
76302.0,76313.58823731984,-11.588237319840118
76321.0,76301.64728794478,19.352712055217125
76325.0,76320.43002368159,4.569976318409317
76337.0,76324.41178285159,12.588217148411786
76357.0,76336.42544845972,20.57455154028139
76379.0,76356.13216319332,22.86783680667577
76395.0,76377.93147897547,17.06852102452831
76406.0,76393.66147952572,12.338520474280813
76407.0,76404.82940842277,2.170591577232699
76418.0,76405.89689803123,12.103101968765259
76399.0,76416.97004697782,-17.97004697781813
76399.0,76398.39386791566,0.6061320843436988
76402.0,76398.15912829032,3.8408717096754117
76404.0,76401.19271710268,2.807282897323603
76393.0,76403.1345397914,-10.134539791397401
76370.0,76392.60706940465,-22.607069404650247
76345.0,76369.89660753784,-24.89660753784119
76315.0,76345.09183779692,-30.091837796921027
76293.0,76313.60458265661,-20.604582656611456
76271.0,76293.32767353459,-22.32767353458621
76288.0,76270.5349722625,17.465027737503988
76304.0,76287.88069214523,16.119307854765793
76308.0,76303.46186322304,4.538136776958709
76249.0,76307.57603386015,-58.576033860153984
76276.0,76249.78488450743,26.215115492566838
76213.0,76275.38675616418,-62.38675616418186
76244.0,76213.59272403171,30.40727596828947
76244.0,76243.54158957742,0.45841042257961817
76239.0,76243.49933752457,-4.499337524568546
76235.0,76238.35128359005,-3.3512835900473874
76234.0,76234.48210799365,-0.48210799365187995
76267.0,76234.82548273938,32.174517260616994
76271.0,76266.80841163067,4.191588369329111
76277.0,76270.40674626199,6.5932537380140275
76233.0,76276.25409856284,-43.254098562843865
76253.0,76233.38187409236,19.618125907640206
76277.0,76252.57956964638,24.420430353624397
76304.0,76276.39945973163,27.600540268365876
76309.0,76303.10226018945,5.897739810548956
76322.0,76308.16714560731,13.832854392690933
76303.0,76320.80832729801,-17.808327298014774
76297.0,76302.47654298853,-5.476542988530127
76307.0,76295.63481484566,11.365185154339997
76324.0,76306.14631821377,17.85368178623321
76324.0,76323.1512579197,0.8487420802994166
76335.0,76323.06111669434,11.938883305658237
76336.0,76334.02509487457,1.974905125432997
76357.0,76334.82161729598,22.178382704019896
76379.0,76355.79598146243,23.2040185375663
76388.0,76378.20711984108,9.792880158915068
76374.0,76386.68855617063,-12.688556170629454
76384.0,76373.12407558845,10.875924411549931
76374.0,76382.85259028521,-8.8525902852125
76375.0,76373.03061153307,1.969388466925011
76374.0,76373.8933986726,0.10660132739576511
76377.0,76372.92969619804,4.07030380195647
76376.0,76375.9074979768,0.09250202319526579
76383.0,76374.9756195541,8.024380445902352
76386.0,76381.83612434028,4.163875659723999
76386.0,76384.63268081697,1.3673191830312135
76415.0,76384.78064895267,30.219351047329837
76415.0,76413.73468227965,1.265317720346502
76416.0,76413.58994457839,2.410055421612924
76406.0,76414.70420715217,-8.704207152171875
76305.0,76404.85695377679,-99.85695377679076
76323.0,76306.49029428483,16.50970571517246
76314.0,76322.28315901603,-8.283159016034915
76285.0,76313.77315488661,-28.773154886614066
76277.0,76284.75026116591,-7.750261165914708
76298.0,76275.5524893215,22.447510678495746
76297.0,76296.8175560908,0.1824439092015382
76279.0,76296.03960574276,-17.039605742756976
76281.0,76277.85630043493,3.143699565072893
76280.0,76279.95838091799,0.04161908201058395
76284.0,76278.92701344824,5.072986551764188
76301.0,76282.83978106269,18.160218937307945
76291.0,76299.81058646533,-8.810586465333472
76290.0,76289.99910421553,0.0008957844693213701
76283.0,76288.8073435274,-5.807343527398189
76273.0,76281.94718743292,-8.947187432917417
76284.0,76272.07716340116,11.92283659883833
76321.0,76283.12073871151,37.879261288486305
76326.0,76320.06377760699,5.936222393007483
76326.0,76326.17261965039,-0.17261965038778726
76241.0,76324.81401539178,-83.8140153917775
76241.0,76242.08348155783,-1.0834815578273265
76241.0,76240.35164036081,0.6483596391917672
76230.0,76240.5009126916,-10.500912691597478
76225.0,76229.4767990952,-4.47679909519502
76178.0,76225.09363458201,-47.093634582008235
76205.0,76178.6131801881,26.38681981190166
76222.0,76204.49954208783,17.50045791217417
76218.0,76220.5342024001,-2.5342024001001846
76224.0,76218.39876669229,5.601233307708753
76212.0,76223.0069736453,-11.006973645300604
76223.0,76211.36518963924,11.63481036075973
76272.0,76222.49048441733,49.509515582671156
76289.0,76271.02406525894,17.975934741058154
76284.0,76287.63809830359,-3.6380983035924146
76284.0,76282.70960697632,1.2903930236789165
76217.0,76282.84401212528,-65.84401212527882
76200.0,76217.79885521434,-17.798855214336072
76209.0,76200.16697921381,8.833020786187262
76229.0,76208.48025548481,20.519744515186176
76258.0,76228.48022774674,29.51977225326118
76272.0,76257.4853924089,14.514607591103413
76268.0,76270.9045922875,-2.9045922874938697
76302.0,76266.34894672436,35.651053275636514
76296.0,76300.56533326462,-4.565333264617948
76291.0,76294.87730913705,-3.877309137053089
76283.0,76289.71449637385,-6.714496373853763
76280.0,76282.22641963711,-2.2264196371106664
76277.0,76279.03367663195,-2.033676631952403
76277.0,76276.31214894928,0.6878510507231113
76284.0,76276.04958754135,7.950412458652863
76290.0,76283.0339970306,6.966002969405963
76283.0,76289.04552905157,-6.045529051567428
76267.0,76282.2240906218,-15.224090621806681
76266.0,76266.38102316423,-0.38102316422737204
76269.0,76265.13046589952,3.8695341004786314
76298.0,76268.0136127734,29.986387226599618
76305.0,76296.92421972308,8.07578027692216
76303.0,76303.8167894554,-0.8167894554062514
76303.0,76301.74310142049,1.2568985795078333
76340.0,76301.67693643144,38.32306356856134
76309.0,76338.55926204064,-29.559262040638714
76309.0,76308.48303394522,0.516966054783552
76308.0,76307.91245082207,0.08754917792975903
76306.0,76306.84987071011,-0.8498707101098262
76309.0,76304.83749956096,4.162500439037103
76306.0,76307.95905440004,-1.9590544000384398
76292.0,76305.08873776451,-13.088737764512189
76293.0,76291.25914264821,1.7408573517896002
76309.0,76291.95603319418,17.04396680582431
76307.0,76307.93451577668,-0.9345157766802004
76306.0,76305.92398212747,0.07601787253224757
76272.0,76305.3728393616,-33.37283936160384
76281.0,76271.74474499823,9.25525500177173
76286.0,76279.97496546188,6.025034538120963
76295.0,76284.97440634042,10.02559365957859
76308.0,76293.86782427691,14.132175723090768
76310.0,76306.77674680224,3.2232531977642793
76330.0,76308.59123812284,21.408761877159122
76330.0,76328.64942219447,1.3505778055259725
76330.0,76328.57397719084,1.4260228091588942
76330.0,76328.61921054042,1.3807894595811376
76307.0,76328.68328197737,-21.683281977369916
76312.0,76305.78043989255,6.21956010744907
76327.0,76311.03704882081,15.962951179186348
76293.0,76326.05404964065,-33.054049640646554
76310.0,76294.11266620156,15.887333798440523
76342.0,76308.94624549527,33.053754504726385
76388.0,76340.27762358171,47.72237641828542
76388.0,76386.76153357298,1.2384664270211942
76434.0,76386.67937665488,47.32062334512011
76449.0,76432.45246113307,16.547538866929244
76426.0,76447.13520957559,-21.135209575586487
76443.0,76424.63215484508,18.36784515492036
76429.0,76442.45632150766,-13.456321507663233
76424.0,76427.82733655439,-3.82733655438642
76474.0,76422.85124292683,51.14875707316969
76456.0,76472.67170257504,-16.6717025750404
76462.0,76454.94240707027,7.057592929733801
76455.0,76460.64875948869,-5.648759488685755
76437.0,76453.7094668173,-16.709466817294015
76424.0,76436.21115364767,-12.2111536476732
76489.0,76423.21856250474,65.7814374952577
76515.0,76487.0149793216,27.98502067840309
76528.0,76513.4064808643,14.593519135698443
76530.0,76526.05088193064,3.9491180693585193
76479.0,76529.41655782066,-50.416557820659364
76483.0,76478.41101018841,4.588989811585634
76476.0,76481.1964203271,-5.196420327105443
76453.0,76475.00373990287,-22.003739902866073
76454.0,76452.4938180826,1.5061819174006814
76455.0,76453.0025779458,1.997422054206254
76470.0,76453.72533579476,16.27466420523706
76480.0,76468.44850598887,11.551494011131581
76481.0,76478.50011432484,2.499885675162659
76485.0,76479.93109646472,5.068903535284335
76485.0,76483.90927690297,1.090723097033333
76515.0,76483.57057562785,31.429424372152425
76512.0,76514.26888858817,-2.2688885881652823
76498.0,76510.42277563388,-12.42277563388052
76508.0,76496.73502394119,11.264976058810134
76455.0,76506.42170480681,-51.42170480680943
76472.0,76454.9930864322,17.006913567805896
76454.0,76470.75343649171,-16.75343649170827
76440.0,76453.37272522111,-13.372725221110159
76440.0,76439.22052497679,0.7794750232133083
76430.0,76439.1193098926,-9.11930989260145
76438.0,76429.26674899709,8.733251002908219
76463.0,76436.86723098242,26.132769017582177
76474.0,76461.49250895862,12.507491041382309
76483.0,76472.57667157419,10.423328425807995
76497.0,76481.09144476533,15.908555234665982
76506.0,76495.84709901232,10.152900987683097
76519.0,76504.26105406949,14.738945930512273
76503.0,76520.39822514214,-17.39822514214029
76487.0,76501.927999188,-14.927999188003014
76464.0,76485.64493188201,-21.644931882008677
76463.0,76463.6630584372,-0.6630584372032899
76454.0,76461.88203958102,-7.882039581018034
76438.0,76453.48348301208,-15.483483012081706
76443.0,76437.74251665898,5.257483341018087
76446.0,76442.13303475396,3.86696524603758
76436.0,76445.08689551303,-9.08689551302814
76416.0,76435.70927825055,-19.709278250549687
76399.0,76415.66769404536,-16.667694045361714
76394.0,76398.38999086087,-4.389990860872786
76407.0,76393.41855307501,13.581446924988995
76437.0,76406.05198509681,30.948014903187868
76450.0,76435.30737252664,14.69262747335597
76440.0,76448.66036440092,-8.660364400915569
76432.0,76439.15673002721,-7.156730027214508
76434.0,76431.05005717413,2.9499428258714033
76467.0,76433.02447941128,33.97552058871952
76482.0,76465.89036234759,16.1096376524074
76502.0,76480.90959215221,21.09040784779063
76531.0,76500.3663114166,30.633688583402545
76528.0,76530.41930858909,-2.41930858908745
76501.0,76526.83468380499,-25.834683804991073
76528.0,76501.77382076478,26.226179235221935
76552.0,76526.77912023902,25.220879760978278
76557.0,76550.84688251893,6.153117481066147
76543.0,76556.19005360959,-13.190053609592724
76587.0,76542.22439071584,44.775609284159145
76580.0,76585.58931683602,-5.5893168360198615
76573.0,76578.74888228245,-5.748882282452541
76581.0,76571.96708934494,9.03291065506346
76588.0,76579.6478389709,8.352161029106355
76589.0,76586.56973494927,2.430265050730668
76589.0,76587.71212913506,1.287870864936849
76595.0,76587.75893439422,7.2410656057763845
76559.0,76596.38495252073,-37.38495252073335
76554.0,76558.66578010998,-4.665780109979096
76523.0,76553.06394491508,-30.063944915076718
76508.0,76522.84417814085,-14.844178140847362
76505.0,76507.48896488425,-2.4889648842508905
76506.0,76504.25091871168,1.7490812883188482
76506.0,76505.06858663964,0.9314133603620576
76505.0,76505.08694212009,-0.08694212009140756
76521.0,76503.92517826188,17.07482173811877
76521.0,76519.8160708647,1.1839291352953296
76537.0,76519.73772926719,17.262270732811885
76539.0,76535.70900970013,3.2909902998653706
76553.0,76537.61968809649,15.380311903514666
76557.0,76551.45780315074,5.542196849259199
76561.0,76555.59031660829,5.40968339171377
76558.0,76559.42761542866,-1.4276154286635574
76553.0,76556.7849709428,-3.784970942797372
76554.0,76551.83136863634,2.168631363660097
76558.0,76552.85383038693,5.146169613071834
76576.0,76556.89080507022,19.10919492978428
76596.0,76574.81191197422,21.188088025781326
76582.0,76593.91313921438,-11.913139214375406
76590.0,76580.95717990497,9.0428200950264
76599.0,76589.1296127542,9.870387245799066
76605.0,76597.63055930377,7.369440696231322
76674.0,76603.63703030234,70.36296969765681
76665.0,76674.29700088766,-9.297000887658214
76675.0,76664.93949230792,10.060507692076499
76675.0,76673.16436760922,1.8356323907792103
76672.0,76673.03441038649,-1.0344103864917997
76699.0,76669.9670882771,29.032911722897552
76714.0,76698.3427541559,15.657245844093268
76723.0,76714.09481183952,8.905188160482794
76709.0,76721.58913950027,-12.589139500269084
76733.0,76707.82017611859,25.179823881408083
76689.0,76732.24552037174,-43.245520371739985
76651.0,76688.5189430024,-37.51894300240383
76660.0,76651.11198296749,8.888017032513744
76638.0,76659.76919757295,-21.769197572954
76595.0,76637.61639932569,-42.61639932569233
76615.0,76595.37263448013,19.62736551987473
76647.0,76613.98891215035,33.0110878496489
76626.0,76645.83676820173,-19.836768201726954
76634.0,76624.87486709039,9.125132909612148
76642.0,76632.80708873313,9.192911266873125
76657.0,76640.59820553286,16.401794467135915
76689.0,76656.14121049293,32.85878950706683
76648.0,76689.29734005028,-41.29734005028149
76664.0,76647.52272305073,16.477276949270163
76668.0,76662.61842459536,5.38157540463726
76675.0,76666.47756844039,8.522431559613324
76638.0,76673.6921286442,-35.69212864419387
76650.0,76637.91267659052,12.087323409476085
76686.0,76648.69982619381,37.30017380618665
76659.0,76684.27719919026,-25.277199190255487
76635.0,76658.63083880149,-23.630838801487698
76598.0,76634.6766272834,-36.67662728340656
76577.0,76597.9896387263,-20.989638726299745
76586.0,76576.80581358247,9.194186417531455
76585.0,76585.39174287843,-0.39174287843343336
76586.0,76584.42282048594,1.5771795140608447
76595.0,76585.18056690239,9.819433097611181
76596.0,76593.84378691186,2.1562130881357007
76602.0,76594.92343963687,7.076560363129829
76610.0,76600.92462480448,9.075375195519882
76610.0,76608.74373799973,1.2562620002718177
76606.0,76608.84158434156,-2.8415843415568816
76601.0,76605.05635487153,-4.056354871529038
76553.0,76600.11813847844,-47.11813847844314
76543.0,76553.28168851374,-10.281688513743575
76544.0,76542.68859833355,1.3114016664476367
76547.0,76543.43221249884,3.5677875011606375
76557.0,76546.44536305098,10.554636949018459
76562.0,76556.43013626883,5.569863731172518
76602.0,76561.20110302579,40.798896974214585
76603.0,76600.8272129386,2.1727870613976847
76595.0,76601.86727253326,-6.867272533258074
76586.0,76594.16078476462,-8.160784764622804
76586.0,76585.17009244973,0.8299075502727646
76575.0,76585.05063061268,-10.050630612677196
76575.0,76574.51027320937,0.48972679063444957
76575.0,76574.27478162112,0.7252183788805269
76575.0,76574.33217423728,0.667825762720895
76552.0,76574.21578025378,-22.215780253784033
76563.0,76551.84990448803,11.150095511969994
76565.0,76561.91251418258,3.0874858174211113
76565.0,76564.32475340772,0.6752465922763804
76569.0,76564.32209201647,4.677907983525074
76587.0,76568.21850898082,18.781491019180976
76586.0,76585.92672666327,0.07327333673310932
76571.0,76585.46810270581,-14.468102705810452
76539.0,76570.35564006573,-31.35564006572531
76534.0,76538.8728388531,-4.872838853101712
76517.0,76533.45650417589,-16.456504175890586
76514.0,76516.30361963838,-2.3036196383764036
76535.0,76513.59315931042,21.406840689582168
76564.0,76534.43776692332,29.56223307667824
76561.0,76562.95776668722,-1.9577666872210102
76537.0,76560.00439585591,-23.004395855910843
76537.0,76536.66358586976,0.3364141302445205
76541.0,76536.09929321289,4.9007067871134495
76536.0,76540.14176172497,-4.141761724968092
76541.0,76535.36740641888,5.632593581118272
76542.0,76540.19386439296,1.806135607039323
76604.0,76541.07182920331,62.92817079668748
76629.0,76602.79168523182,26.20831476818421
76638.0,76627.42759213739,10.572407862608088
76671.0,76636.47285249036,34.52714750963787
76658.0,76669.78681116481,-11.786811164813116
76667.0,76656.76287565946,10.237124340535956
76666.0,76665.61794321956,0.3820567804359598
76667.0,76664.77131146773,2.2286885322682792
76699.0,76665.74523578561,33.25476421439089
76716.0,76697.31205893651,18.687941063486505
76859.0,76715.69155981582,143.30844018417702
76848.0,76859.23380506257,-11.233805062569445
77191.0,76843.65786648224,347.3421335177554
77204.0,77188.17165587266,15.828344127337914
77230.0,77210.55390958585,19.446090414145146
77388.0,77234.61428122803,153.38571877196955
77344.0,77385.46090625568,-41.46090625568468
77306.0,77337.82481979359,-31.824819793589995
77220.0,77304.51191133655,-84.51191133655084
77242.0,77222.56038678327,19.43961321673123
77250.0,77240.16099316947,9.839006830530707
77263.0,77248.42640117258,14.573598827424576
77167.0,77264.09820579374,-97.09820579373627
77216.0,77167.99726359658,48.00273640341766
77165.0,77211.44728131677,-46.44728131676675
77177.0,77164.1874381089,12.812561891099904
77196.0,77178.46576364894,17.53423635105719
77203.0,77194.6578460369,8.34215396309446
77215.0,77201.6689593421,13.331040657896665
77230.0,77212.27000868479,17.72999131520919
77213.0,77226.82385733534,-13.823857335344655
77184.0,77211.48973676343,-27.489736763425753
77110.0,77182.56390439428,-72.56390439427923
77090.0,77109.47599388924,-19.475993889238453
77130.0,77086.33339729637,43.66660270362627
77123.0,77128.33904650327,-5.339046503271675
77148.0,77120.53511233753,27.464887662470574
77134.0,77145.85004911506,-11.850049115062575
77124.0,77132.10061420806,-8.100614208058687
77147.0,77123.12427181935,23.875728180646547
77145.0,77144.87267053181,0.12732946818869095
77161.0,77142.74249969416,18.257500305844587
77125.0,77158.92563331101,-33.92563331100973
77144.0,77123.84887389829,20.151126101714908
77159.0,77141.83234818304,17.167651816955185
77135.0,77156.85014128168,-21.850141281684046
77134.0,77133.74078272247,0.2592172775330255
77118.0,77132.43112972156,-14.431129721560865
77091.0,77116.77870420831,-25.778704208307317
77053.0,77090.38149741158,-37.38149741158122
77087.0,77052.54562903261,34.45437096738897
77092.0,77085.66656379448,6.333436205517501
77098.0,77090.66908509517,7.330914904829115
77114.0,77096.8719866465,17.128013353503775
77127.0,77113.21408797451,13.78591202548705
77101.0,77125.5413860217,-24.541386021694052
77062.0,77100.18803011473,-38.1880301147321
77085.0,77061.36494111159,23.63505888840882
77081.0,77083.77848027021,-2.7784802702080924
77098.0,77080.12639376953,17.873606230466976
77098.0,77096.69604542664,1.3039545733627165
77127.0,77096.91152713171,30.08847286828677
77104.0,77125.21300597233,-21.213005972327664
77101.0,77103.33477682769,-2.3347768276871648
77122.0,77099.16317381006,22.836826189944986
77111.0,77120.78726818567,-9.787268185667926
77129.0,77110.27064492006,18.729355079936795
77099.0,77128.24514291271,-29.245142912710435
77101.0,77098.93597904404,2.0640209559642244
77139.0,77100.34949183604,38.65050816396251
77139.0,77137.87143667607,1.1285633239313029
77174.0,77138.03527575462,35.96472424537933
77166.0,77172.8974321053,-6.897432105295593
77096.0,77165.00300147619,-69.00300147618691
77106.0,77096.90539257767,9.094607422332047
77124.0,77105.37337522795,18.62662477204867
77127.0,77123.32958862757,3.670411372426315
77129.0,77126.25694759068,2.7430524093215354
77143.0,77128.26800457579,14.731995424212073
77148.0,77141.72971596562,6.270284034384531
77089.0,77146.81092712194,-57.81092712194368
77003.0,77089.64397840027,-86.64397840027232
76997.0,77004.17684083922,-7.176840839223587
77001.0,76992.56606031927,8.433939680733602
77023.0,77000.53741574282,22.462584257184062
77026.0,77022.73233534169,3.2676646583131514
77023.0,77027.26307269277,-4.2630726927745854
77042.0,77021.69525406923,20.304745930770878
77049.0,77040.16808904316,8.831910956840147
77042.0,77048.13732832971,-6.137328329714364
77049.0,77041.36556852947,7.634431470534764
77025.0,77047.946866484,-22.94686648399511
77045.0,77023.88555302059,21.114446979408967
76997.0,77044.17399895107,-47.173998951067915
77000.0,76997.53623757313,2.463762426865287
77004.0,76999.38849147815,4.611508521848009
77026.0,77003.54081787409,22.459182125909138
77054.0,77025.32946024045,28.670539759550593
77038.0,77053.28324619673,-15.283246196733671
77037.0,77037.50299464873,-0.5029946487338748
77028.0,77036.14888181447,-8.148881814471679
77037.0,77027.3437878614,9.656212138594128
77023.0,77036.09912833438,-13.099128334375564
77036.0,77022.64806958874,13.351930411256035
77042.0,77035.05564204634,6.944357953660074
77069.0,77041.07807779808,27.92192220191646
77077.0,77067.70263030459,9.29736969541409
77020.0,77075.86547253838,-55.865472538382164
77008.0,77020.51470441298,-12.514704412984429
77022.0,77007.81909373651,14.180906263485667
77036.0,77021.39750599902,14.602494000981096
77021.0,77035.43291267399,-14.432912673990359
77012.0,77020.7840230621,-8.784023062093183
77012.0,77011.38823521021,0.6117647897917777
77011.0,77011.19909965743,-0.19909965743136127
77012.0,77010.80111671833,1.198883281671442
77038.0,77011.30035208145,26.69964791854727
77083.0,77036.71433190918,46.28566809081531
77118.0,77081.59220552805,36.407794471946545
77121.0,77116.60911245614,4.390887543864665
77148.0,77119.48612319071,28.513876809287467
77152.0,77146.4585908792,5.541409120793105
77136.0,77150.57515581472,-14.575155814716709
77117.0,77135.54899597044,-18.548995970442775
77124.0,77116.42416922317,7.5758307768264785
77127.0,77122.87519150229,4.124808497712365
77129.0,77126.00957422018,2.9904257798189064
77129.0,77128.10008602102,0.8999139789812034
77118.0,77128.01961338,-10.019613380005467
77094.0,77117.17353481046,-23.17353481045575
77077.0,77093.74535315913,-16.7453531591309
77064.0,77076.70885264796,-12.708852647963795
77040.0,77063.62913217205,-23.62913217204914
77064.0,77039.41970463186,24.58029536814138
77062.0,77063.27270319127,-1.2727031912654638
77067.0,77060.97866794633,6.021332053671358
77070.0,77065.83484925338,4.165150746615836
77070.0,77068.78159286409,1.2184071359079098
77072.0,77068.75087299019,3.2491270098107634
77073.0,77070.83397022185,2.1660297781490954
77089.0,77071.81676647898,17.183233521020156
77089.0,77087.76247459157,1.2375254084327025
77069.0,77087.7559667324,-18.75596673239488
77054.0,77068.28828481477,-14.288284814771032
77054.0,77053.3045384452,0.6954615548020229
77054.0,77053.06650201506,0.9334979849372758
77068.0,77053.15930265973,14.840697340274346
77070.0,77067.14204185743,2.8579581425728975
77068.0,77068.98976934138,-0.9897693413804518
77058.0,77067.35063660421,-9.350636604212923
77058.0,77057.25214274491,0.7478572550899116
77054.0,77057.01972256093,-3.0197225609299494
77077.0,77053.22674669186,23.773253308143467
77074.0,77076.27858490936,-2.278584909363417
77074.0,77073.0026208744,0.9973791256052209
77073.0,77072.93503784004,0.06496215995866805
77086.0,77072.67087741532,13.329122584676952
77093.0,77084.65626368635,8.343736313647241
77091.0,77091.80834769958,-0.8083476995816454
77099.0,77089.99363524649,9.00636475351348
77147.0,77097.71846024702,49.28153975297755
77144.0,77145.90493221399,-1.9049322139908327
77125.0,77142.61500590389,-17.61500590389187
77127.0,77124.25626686412,2.7437331358814845
77124.0,77125.8064020489,-1.806402048896416
77111.0,77122.90570844774,-11.905708447739016
77121.0,77110.41838316005,10.581616839946946
77122.0,77121.81157152088,0.18842847911582794
77135.0,77120.9452040956,14.054795904405182
77123.0,77133.71252767979,-10.712527679788764
77128.0,77122.14552949509,5.854470504913479
77133.0,77126.93731948808,6.062680511924555
77143.0,77132.550999951,10.449000049004098
77147.0,77141.9302840107,5.069715989302495
77138.0,77145.80260962126,-7.802609621256124
77138.0,77136.99877904134,1.0012209586566314
77125.0,77136.87223057836,-11.87223057835945
77124.0,77124.1740434299,-0.17404342989902943
77128.0,77123.0299315206,4.970068479393376
77149.0,77126.777438148,22.2225618520024
77148.0,77147.93253080227,0.06746919773286209
77123.0,77146.87149639954,-23.871496399544412
77112.0,77122.45264785757,-10.45264785757172
77066.0,77111.30994183155,-45.30994183155417
77069.0,77066.34273525534,2.6572647446591873
77103.0,77068.38699925278,34.61300074722385
77116.0,77101.97828649406,14.021713505935622
77122.0,77114.7585822593,7.241417740704492
77139.0,77120.79869272222,18.201307277777232
77155.0,77137.62534017311,17.37465982689173
77150.0,77153.53487758359,-3.5348775835882407
77147.0,77148.72541972077,-1.7254197207657853
77115.0,77145.80126754666,-30.8012675466598
77104.0,77114.7418719283,-10.741871928301407
77102.0,77103.30596724302,-1.3059672430244973
77094.0,77101.22304533116,-7.22304533116403
77104.0,77093.32796172495,10.67203827505
77111.0,77103.18084171206,7.819158287937171
77148.0,77110.19422683302,37.80577316698327
77127.0,77146.6782680631,-19.678268063100404
77131.0,77126.17062435366,4.829375646339031
77128.0,77129.86023240829,-1.8602324082894484
77128.0,77126.91617764886,1.083822351138224
77127.0,77126.96169280032,0.03830719967663754
77127.0,77126.05403844673,0.9459615532687167
77110.0,77125.92093392662,-15.920933926623547
77115.0,77109.45034298902,5.549657010982628
77132.0,77113.79166912352,18.20833087648498
77138.0,77131.14560046593,6.854399534073309
77136.0,77136.93240146682,-0.9324014668236487
77113.0,77135.03146907578,-22.03146907578048
77076.0,77112.51763297054,-36.51763297054276
77024.0,77076.01222079164,-52.0122207916429
77022.0,77024.58929660388,-2.589296603880939
76998.0,77021.75808573143,-23.758085731431493
76997.0,76998.37058406546,-1.370584065458388
76954.0,76994.48679520871,-40.48679520870792
77034.0,76954.4632922637,79.53670773630438
77052.0,77033.511052869,18.488947131001623
77036.0,77050.88874419335,-14.88874419334752
76981.0,77035.23333231533,-54.23333231532888
76964.0,76981.27825208685,-17.278252086849534
76964.0,76963.52428988098,0.47571011901891325
76892.0,76963.67061097408,-71.67061097407714
76885.0,76891.47390690926,-6.473906909261132
76918.0,76884.9149783536,33.08502164640231
76961.0,76917.55001565155,43.449984348451835
76964.0,76960.20160732977,3.7983926702290773
77019.0,76963.02011690517,55.97988309482753
77078.0,77017.7560640751,60.243935924896505
77071.0,77076.3586770654,-5.35867706539284
77025.0,77069.73795525033,-44.737955250326195
76988.0,77025.14109248713,-37.14109248713066
77001.0,76987.92230477119,13.077695228814264
76986.0,77000.64837790836,-14.648377908364637
76980.0,76986.02872847291,-6.028728472912917
76966.0,76979.82834860515,-13.828348605151405
76959.0,76965.85605717776,-6.856057177763432
76977.0,76958.93507728739,18.064922712612315
76971.0,76976.66697211415,-5.6669721141515765
77003.0,76970.64441812834,32.355581871655886
76996.0,77001.8069614738,-5.806961473805131
77045.0,76995.42270061352,49.57729938648117
77053.0,77044.23208059382,8.767919406178407
77050.0,77052.23838410854,-2.2383841085393215
77036.0,77048.84622270364,-12.846222703636158
77028.0,77035.0742799687,-7.074279968699557
77016.0,77027.14206375444,-11.142063754436094
77015.0,77015.47580406857,-0.4758040685701417
77005.0,77014.32166000296,-9.321660002955468
77028.0,77004.35551974761,23.644480252391077
77035.0,77027.27887822107,7.721121778929955
77014.0,77034.01987296928,-20.019872969278367
77055.0,77014.36209226564,40.63790773435903
77072.0,77053.7221473572,18.277852642801008
77024.0,77070.71204108749,-46.71204108749225
77037.0,77024.16482470706,12.835175292944768
77037.0,77036.28536346323,0.7146365367661929
76990.0,77035.70226148595,-45.7022614859452
76975.0,76989.35192838813,-14.351928388132364
76974.0,76974.83537305576,-0.8353730557573726
76982.0,76974.87273770891,7.127262291091029
76982.0,76981.2938093872,0.7061906127928523
76982.0,76981.32001660741,0.6799833925906569
76938.0,76981.1394384039,-43.139438403901295
76991.0,76938.3398436139,52.66015638610406
76989.0,76989.91111821523,-0.9111182152264519
76990.0,76989.321361598,0.6786384019942489
77001.0,76989.00683498124,11.993165018764557
76991.0,77000.59967271399,-9.599672713986365
76993.0,76989.83763445148,3.162365548516391
76990.0,76991.9434788338,-1.9434788337966893
76989.0,76989.01517001494,-0.01517001494357828
76990.0,76988.06585994936,1.9341400506382342
77004.0,76989.06524322351,14.934756776492577
77017.0,77003.02278500448,13.977214995524264
77016.0,77015.76994616874,0.2300538312556455
76976.0,77014.90762669612,-38.90762669612013
76988.0,76976.04357555095,11.956424449046608
77012.0,76988.06190247035,23.938097529651714
77023.0,77011.09039592108,11.909604078915436
77020.0,77021.7667876041,-1.7667876040941337
77077.0,77019.03768324362,57.9623167563841
77097.0,77075.41680486138,21.583195138620795
77108.0,77095.3566447272,12.643355272797635
77103.0,77106.87033994595,-3.870339945948217
77120.0,77101.4539021622,18.54609783779597
77116.0,77118.15206745605,-2.152067456045188
77114.0,77114.69918414463,-0.6991841446288163
77114.0,77112.80551358535,1.194486414649873
77115.0,77112.79050394065,2.209496059353114
77114.0,77113.32964047571,0.6703595242870506
77111.0,77112.8418078151,-1.8418078151007649
77083.0,77110.0654311333,-27.065431133305538
77094.0,77082.62711799885,11.372882001145626
77072.0,77093.12104815435,-21.121048154353048
77036.0,77071.57326309275,-35.57326309275231
77054.0,77036.03767205538,17.96232794462412
77081.0,77053.07719065686,27.922809343144763
77082.0,77079.71992566714,2.2800743328552926
77090.0,77080.79764759696,9.202352403037366
77126.0,77088.5849870829,37.41501291710301
77116.0,77124.46712832419,-8.467128324191435
77127.0,77114.60199068321,12.398009316792013
77166.0,77125.55210541391,40.447894586090115
77169.0,77164.3626976852,4.637302314804401
77169.0,77167.28419832079,1.7158016792091075
77232.0,77167.43859339107,64.56140660893288
77347.0,77230.61979149203,116.38020850796602
77343.0,77345.63744670607,-2.6374467060668394
77340.0,77343.62364892256,-3.6236489225557307
77335.0,77338.0076896597,-3.0076896597020095
77334.0,77332.99408610196,1.005913898043218
77372.0,77332.02726317896,39.972736821044236
77369.0,77372.37252094342,-3.3725209434196586
77395.0,77367.11236940736,27.887630592638743
77380.0,77392.90557529559,-12.905575295590097
77480.0,77378.51943338076,101.48056661924056
77437.0,77477.89079218483,-40.89079218482948
77436.0,77435.2394543822,0.7605456177989254
77440.0,77433.80584462016,6.194155379838776
77448.0,77438.6157363015,9.384263698506402
77424.0,77446.19026319629,-22.19026319628756
77429.0,77423.08580544191,5.914194558092277
77411.0,77427.40215455233,-16.402154552328284
77426.0,77409.5377906772,16.46220932279539
77421.0,77424.11009698205,-3.110096982054529
77407.0,77419.4250606252,-12.425060625202605
77395.0,77405.65228270776,-10.652282707756967
77357.0,77393.01568973025,-36.015689730251324
77412.0,77356.42721445946,55.5727855405421
77388.0,77410.78159948908,-22.78159948908433
77394.0,77386.97544268306,7.024557316937717
77405.0,77392.24710582249,12.752894177509006
77401.0,77403.3622084822,-2.3622084821981844
77371.0,77399.26141737588,-28.2614173758775
77352.0,77370.22519587108,-18.225195871083997
77345.0,77350.97679192075,-5.976791920751566
77348.0,77343.84961696285,4.150383037151187
77352.0,77346.7183014903,5.281698509701528
77349.0,77350.70687364881,-1.7068736488145078
77348.0,77347.7071386922,0.2928613077965565
77345.0,77346.63517254498,-1.635172544978559
77351.0,77343.71995920215,7.2800407978502335
77348.0,77350.72107272361,-2.7210727236088132
77348.0,77346.76722713186,1.2327728681411827
77348.0,77346.69188614597,1.3081138540292159
77348.0,77346.72364943758,1.2763505624170648
77347.0,77346.71728031905,0.28271968095214106
77347.0,77345.84684195825,1.1531580417504301
77347.0,77345.76339496607,1.2366050339333015
77360.0,77345.82252651942,14.177473480580375
77360.0,77358.84982575342,1.1501742465770803
77371.0,77358.8216670373,12.178332962706918
77353.0,77369.75143694537,-16.751436945371097
77345.0,77352.5490570328,-7.549057032796554
77279.0,77344.07850002128,-65.07850002127816
77296.0,77279.94105607293,16.058943927069777
77321.0,77295.68816253428,25.3118374657206
77317.0,77320.29510923119,-3.2951092311850516
77312.0,77316.30464708616,-4.304647086159093
77308.0,77311.36828461761,-3.3682846176088788
77343.0,77307.0863916903,35.91360830969643
77330.0,77342.15878933587,-12.158789335866459
77334.0,77329.26405760915,4.735942390849232
77333.0,77333.0188139815,-0.018813981499988586
77317.0,77332.05791241523,-15.057912415228202
77321.0,77316.46368968725,4.536310312745627
77321.0,77320.17878646305,0.8212135369540192
77308.0,77320.1588456878,-12.158845687794383
77293.0,77307.64592475492,-14.645924754920998
77314.0,77292.72618977894,21.27381022105692
77311.0,77313.36464008011,-2.3646400801080745
77322.0,77309.70715328719,12.292846712807659
77309.0,77321.24243559032,-12.242435590320383
77314.0,77308.50362102303,5.496378976968117
77323.0,77312.77549687531,10.224503124685725
77360.0,77322.03662412988,37.963375870123855
77340.0,77359.17618925545,-19.17618925544957
77335.0,77339.47529106807,-4.475291068069055
77335.0,77334.10528675883,0.8947132411703933
77333.0,77334.07396613859,-1.0739661385887302
77332.0,77332.12825529388,-0.12825529387919232
77302.0,77331.25073260593,-29.250732605927624
77305.0,77301.15028635573,3.8497136442747433
77305.0,77304.26463404628,0.7353659537184285
77299.0,77304.31963399787,-5.3196339978749165
77300.0,77298.40026052682,1.599739473182126
77284.0,77299.29743352314,-15.29743352314108
77283.0,77283.68698851389,-0.686988513887627
77306.0,77282.30075160695,23.699248393051676
77265.0,77305.22729769076,-40.22729769075522
77273.0,77265.31940871678,7.680591283220565
77264.0,77272.30001413138,-8.30001413138234
77261.0,77263.36603684265,-2.366036842649919
77267.0,77260.36327774494,6.636722255061613
77267.0,77266.15926569683,0.8407343031722121
77267.0,77266.12054742067,0.8794525793346111
77237.0,77266.15080137478,-29.150801374780713
77200.0,77236.99559591686,-36.99559591685829
77199.0,77200.36155582861,-1.3615558286110172
77210.0,77198.5992262798,11.400773720204597
77199.0,77209.55568608255,-10.555686082545435
77197.0,77198.79965156235,-1.7996515623526648
77205.0,77196.51055497257,8.48944502742961
77202.0,77204.27935570102,-2.2793557010154473
77209.0,77201.12614593332,7.873854066681815
77209.0,77208.32441586006,0.6755841399426572
77218.0,77208.21701650384,9.782983496159432
77219.0,77217.20310551542,1.7968944845779333
77224.0,77218.18498958062,5.815010419377359
77237.0,77223.1634062256,13.836593774394714
77253.0,77235.90699715422,17.093002845780575
77235.0,77252.02491056299,-17.024910562991863
77235.0,77234.53630659275,0.4636934072477743
77219.0,77234.20654739636,-15.206547396359383
77210.0,77218.6696712741,-8.66967127409589
77210.0,77209.53718362248,0.4628163775196299
77216.0,77209.47908742163,6.5209125783731
77219.0,77215.27736616423,3.7226338357722852
77232.0,77218.35818233187,13.641817668132717
77223.0,77231.12175538413,-8.121755384127027
77211.0,77222.38181695336,-11.381816953362431
77159.0,77210.6100212021,-51.610021202097414
77142.0,77159.74915999235,-17.74915999235236
77151.0,77142.20644876623,8.793551233771723
77150.0,77150.69752477185,-0.6975247718510218
77150.0,77149.6180848515,0.38191514849313535
77162.0,77149.49953235398,12.500467646023026
77209.0,77161.28875764585,47.71124235415482
77241.0,77208.07480102763,32.92519897237071
77240.0,77240.82163677149,-0.8216367714921944
77257.0,77238.61187247912,18.388127520884154
77296.0,77255.63690900189,40.363090998114785
77324.0,77294.21198617705,29.788013822952053
77331.0,77322.51726505511,8.482734944889671
77405.0,77329.42951554089,75.57048445910914
77397.0,77403.26273345185,-6.262733451847453
77361.0,77395.37455400014,-34.37455400014005
77357.0,77360.44910285393,-3.449102853934164
77350.0,77356.09855223258,-6.098552232579095
77350.0,77348.98236694025,1.0176330597460037
77337.0,77349.18239300698,-12.18239300698042
77331.0,77336.42075844713,-5.420758447129629
77346.0,77330.17336107935,15.82663892065466
77317.0,77344.70097620263,-27.700976202628226
77311.0,77316.67551469716,-5.6755146971554495
77298.0,77310.15508725525,-12.155087255247054
77297.0,77297.06641658548,-0.06641658548323903
77297.0,77295.95293845364,1.0470615463564172
77279.0,77295.98860214106,-16.988602141063893
77271.0,77278.37804946135,-7.378049461345654
77254.0,77269.96518748136,-15.965187481357134
77235.0,77253.31559491414,-18.315594914136454
77242.0,77234.50784635825,7.492153641753248
77242.0,77241.03396725636,0.9660327436431544
77242.0,77241.00890080283,0.9910991971701151
77233.0,77241.08209608194,-8.082096081940108
77238.0,77232.19535639804,5.804643601964926
77241.0,77236.9117272079,4.088272792097996
77241.0,77239.89164094035,1.1083590596535942
77263.0,77239.92661041765,23.0733895823505
77263.0,77261.84357154084,1.156428459158633
77256.0,77261.80078069374,-5.8007806937384885
77247.0,77255.01709920014,-8.017099200136727
77247.0,77246.1370833943,0.8629166057071416
77257.0,77245.96720624134,11.032793758655316
77257.0,77255.95766699435,1.0423330056510167
77256.0,77256.03728522123,-0.037285221231286414
77256.0,77255.07462378628,0.9253762137232115
77256.0,77255.00617294207,0.9938270579295931
77256.0,77255.01606910615,0.9839308938535396
77290.0,77255.05820720969,34.94179279031232
77300.0,77289.36205822752,10.637941772482009
77298.0,77298.81807694549,-0.8180769454920664
77289.0,77296.72218055729,-7.722180557291722
77280.0,77288.42527713884,-8.42527713884192
77280.0,77279.03601598219,0.9639840178133454
77276.0,77279.1078263527,-3.1078263527015224
77264.0,77275.2001833068,-11.200183306806139
77253.0,77263.46129156489,-10.461291564890416
77253.0,77252.42369432449,0.5763056755095022
77254.0,77252.1741900408,1.8258099592057988
77266.0,77253.17189638704,12.828103612962877
77280.0,77265.42270284612,14.577297153882682
77289.0,77279.01753012209,9.98246987791208
77308.0,77287.8828704594,20.11712954059476
77316.0,77306.78348369905,9.21651630094857
77311.0,77314.78099173475,-3.7809917347476585
77350.0,77309.85267626772,40.14732373227889
77376.0,77348.82921466786,27.17078533214226
77393.0,77374.54373771891,18.456262281091767
77415.0,77391.6081007912,23.39189920880017
77447.0,77413.28593026711,33.714069732886855
77513.0,77445.46273945147,67.53726054853178
77485.0,77518.18278278694,-33.18278278694197
77431.0,77484.64865667773,-53.648656677731196
77402.0,77430.80577464488,-28.805774644875783
77392.0,77401.67151448103,-9.67151448102959
77363.0,77391.24495484328,-28.24495484327781
77367.0,77363.44578863334,3.554211366659729
77339.0,77366.76259465238,-27.76259465237672
77365.0,77338.83555245689,26.164447543109418
77399.0,77364.1232441334,34.87675586660043
77393.0,77398.26649463593,-5.266494635929121
77400.0,77391.76670507161,8.233294928388204
77390.0,77398.17921742839,-8.179217428390984
77364.0,77388.5513413936,-24.551341393598705
77358.0,77363.10755515099,-5.107555150985718
77342.0,77356.98414548414,-14.984145484137116
77349.0,77341.08973266075,7.910267339248094
77360.0,77347.86930977284,12.130690227160812
77360.0,77358.83280952707,1.1671904729300877
77370.0,77358.77015715398,11.229842846019892
77379.0,77368.75879299878,10.241207001221483
77365.0,77377.54755267489,-12.547552674892358
77391.0,77363.9583106161,27.04168938389921
77384.0,77389.83140933473,-5.83140933472896
77410.0,77382.94669663993,27.05330336006591
77384.0,77407.78854198089,-23.788541980888112
77384.0,77382.85464505876,1.1453549412399298
77368.0,77382.79704112647,-14.797041126468685
77348.0,77367.18297054648,-19.18297054647701
77356.0,77346.69532954367,9.304670456331223
77386.0,77355.4215710839,30.57842891609471
77401.0,77385.03969973903,15.960300260965596
77389.0,77399.80425248365,-10.80425248364918
77389.0,77388.03041407312,0.9695859268831555
77389.0,77387.73386286527,1.2661371347348904
77399.0,77387.75510276186,11.244897238138947
77441.0,77397.77803421147,43.221965788528905
77452.0,77440.32778335799,11.672216642007697
77452.0,77450.44898762058,1.5510123794229003
77445.0,77450.45112246789,-5.451122467886307
77442.0,77444.98115574977,-2.9811557497741887
77487.0,77440.64331677649,46.3566832235083
77507.0,77486.98676053768,20.013239462321508
77475.0,77505.55241940677,-30.55241940676933
77433.0,77474.28509119713,-41.285091197132715
77419.0,77432.67080931758,-13.670809317583917
77426.0,77418.36238267116,7.637617328844499
77444.0,77425.94996383555,18.05003616445174
77430.0,77444.99685351895,-14.996853518954595
77417.0,77429.41662192685,-12.416621926851803
77396.0,77416.32301012188,-20.323010121879634
77452.0,77395.5949221356,56.40507786440139
77519.0,77450.70080852353,68.2991914764716
77548.0,77517.66881497965,30.33118502034631
77579.0,77555.48515468826,23.514845311743557
77581.0,77576.40143145632,4.598568543675356
77655.0,77579.52093244533,75.47906755466829
77681.0,77654.48085634215,26.519143657846143
77683.0,77676.39321603652,6.6067839634779375
77674.0,77680.2848877778,-6.284887777801487
77728.0,77672.31170565676,55.68829434324289
77732.0,77727.20804877041,4.791951229592087
77745.0,77729.22750424888,15.772495751123643
77759.0,77742.72119886271,16.27880113729043
77746.0,77757.89470498222,-11.894704982216354
77782.0,77746.95074768898,35.04925231101515
77757.0,77780.24443861243,-23.244438612426165
77772.0,77756.02912693405,15.970873065947671
77753.0,77769.4738110109,-16.473811010902864
77803.0,77750.76967183902,52.23032816097839
77807.0,77802.72589983039,4.274100169612211
77872.0,77805.3719599613,66.62804003870406
77985.0,77869.75934891269,115.24065108731156
77941.0,77982.3324396448,-41.332439644800615
77983.0,77949.88542085903,33.11457914096536
78109.0,77981.1605807834,127.83941921660153
78075.0,78105.7346037598,-30.734603759803576
78058.0,78076.39628731087,-18.3962873108685
78028.0,78057.22402501098,-29.22402501097531
78087.0,78025.32447978389,61.67552021611482
77994.0,78088.38369527238,-94.38369527237955
77974.0,77994.6955414242,-20.695541424196563
77936.0,77973.71913340522,-37.7191334052186
77944.0,77935.85553173936,8.14446826063795
77948.0,77943.63516409858,4.364835901418701
78027.0,77945.89115793526,81.10884206474293
78010.0,78025.16412684642,-15.164126846415456
78019.0,78008.7190719923,10.28092800770537
77984.0,78016.60691877642,-32.60691877642239
77992.0,77982.54819096338,9.451809036618215
77989.0,77990.47644821089,-1.476448210887611
77986.0,77986.50429671038,-0.5042967103800038
77966.0,77983.92265153724,-17.922651537242928
77930.0,77964.5993116603,-34.59931166030583
77961.0,77929.14143669071,31.858563309288
77964.0,77960.29785320433,3.7021467956656124
77984.0,77962.37453138118,21.62546861881856
77982.0,77982.28036634736,-0.2803663473605411
77886.0,77980.0738478336,-94.07384783359885
78035.0,77886.88552034035,148.11447965964908
78112.0,78033.724564901,78.27543509899988
78131.0,78109.6411365248,21.358863475194084
78122.0,78127.29401236263,-5.294012362632202
78191.0,78119.65971293562,71.34028706437675
78154.0,78188.1374116401,-34.137411640098435
78198.0,78152.93845646191,45.06154353808961
78198.0,78196.50057657814,1.4994234218611382
78198.0,78195.88722713322,2.1127728667779593
78209.0,78195.89861043828,13.10138956172159
78328.0,78207.09336327853,120.90663672146911
78342.0,78328.21193218254,13.788067817455158
78329.0,78335.45871642507,-6.458716425069724
78352.0,78332.08752773106,19.91247226894484
78344.0,78352.62016224794,-8.620162247942062
78379.0,78340.63415534078,38.365844659216236
78374.0,78376.93094721671,-2.930947216707864
78359.0,78371.74217249943,-12.742172499434673
78283.0,78357.29135177218,-74.2913517721754
78284.0,78283.18196059807,0.818039401929127
78331.0,78281.70811511009,49.29188488991349
78331.0,78329.17178955108,1.8282104489189805
78321.0,78332.31762481086,-11.3176248108648
78325.0,78320.60582185746,4.394178142538294
78351.0,78325.89826042802,25.101739571982762
78311.0,78349.66606050063,-38.66606050063274
78308.0,78310.12676883077,-2.126768830770743
78313.0,78305.8269696047,7.173030395293608
78301.0,78311.29745257238,-10.297452572383918
78279.0,78299.40554186059,-20.4055418605858
78275.0,78277.7651165892,-2.76511658920208
78292.0,78270.44599136531,21.554008634688216
78336.0,78289.76256546818,46.237434531823965
78468.0,78332.85603428037,135.14396571963152
78429.0,78465.85406909202,-36.85406909201993
78452.0,78429.79047408816,22.209525911835954
78493.0,78454.15516708231,38.84483291768993
78494.0,78489.81493507243,4.1850649275729666
78308.0,78488.46575411806,-180.46575411806407
78210.0,78310.85083873787,-100.85083873786789
78182.0,78213.43970152485,-31.439701524854172
78188.0,78184.92771248917,3.072287510833121
78186.0,78186.46508738051,-0.46508738050761167
78152.0,78190.01813389748,-38.018133897479856
78249.0,78156.64729754394,92.3527024560608
78207.0,78248.631243123,-41.631243123003514
78303.0,78206.49213104592,96.50786895408237
78302.0,78302.39179682967,-0.39179682967369445
78363.0,78300.82638034767,62.173619652327034
78360.0,78361.75252205587,-1.7525220558745787
78392.0,78359.7325082653,32.26749173470307
78442.0,78388.38040060649,53.619599393510725
78484.0,78439.86645535307,44.133544646931114
78780.0,78481.53966066414,298.4603393358557
78789.0,78778.20510748394,10.794892516059917
78814.0,78791.92373017433,22.07626982567308
78779.0,78819.88143845767,-40.88143845766899
78726.0,78775.1236684344,-49.12366843440395
78707.0,78725.7630014075,-18.76300140749663
78721.0,78705.23111819892,15.76888180107926
78721.0,78719.728514614,1.2714853859943105
78720.0,78724.9694404119,-4.9694404119072715
78630.0,78720.4806051235,-90.4806051235064
78705.0,78630.78531360991,74.21468639008526
78678.0,78701.38422544098,-23.384225440982846
78616.0,78674.97216359363,-58.972163593629375
78667.0,78615.9724766755,51.02752332450473
78703.0,78665.21226799862,37.78773200137948
78708.0,78702.31628119426,5.6837188057397725
78661.0,78704.8812043532,-43.881204353194335
78658.0,78660.188453149,-2.1884531490068184
78663.0,78656.81967545475,6.180324545246549
78737.0,78659.3496730398,77.65032696019625
78822.0,78735.20791205984,86.79208794016449
78686.0,78824.74310296125,-138.74310296124895
78631.0,78687.10752664105,-56.107526641048025
78668.0,78633.78314295765,34.216857042352785
78647.0,78667.37084961856,-20.37084961855726
78544.0,78649.00109509067,-105.0010950906726
78484.0,78546.18212305574,-62.182123055739794
78509.0,78487.29401389971,21.705986100292648
78531.0,78508.61068218312,22.389317816880066
78431.0,78532.07392027162,-101.07392027162132
78440.0,78433.3804936489,6.619506351096788
78396.0,78439.216370931,-43.21637093099707
78326.0,78397.69925366862,-71.69925366861571
78251.0,78326.34370617245,-75.3437061724544
78265.0,78243.52107165658,21.478928343422012
78278.0,78265.61280841735,12.387191582645755
78277.0,78277.63533669013,-0.6353366901312256
78156.0,78276.95739511358,-120.9573951135826
78253.0,78158.88065614185,94.11934385815402
78277.0,78252.64799825582,24.35200174417696
78282.0,78276.88587353363,5.114126466374728
78238.0,78280.70235288108,-42.702352881082334
78258.0,78237.14307471232,20.85692528767686
78156.0,78258.3697197224,-102.36971972239553
78038.0,78158.4403147433,-120.44031474330404
78183.0,78044.0061430371,138.9938569629012
78227.0,78183.62648710265,43.37351289734943
78197.0,78228.39898602778,-31.398986027779756
78160.0,78196.61133307348,-36.61133307348064
78163.0,78161.02774376924,1.972256230757921
78212.0,78161.67831719284,50.32168280715996
78204.0,78212.12827843946,-8.128278439457063
78194.0,78204.72726355496,-10.72726355495979
78246.0,78192.08873228508,53.91126771492418
78264.0,78246.46700553942,17.532994460576447
78327.0,78264.92657360906,62.07342639093986
78385.0,78326.45150934685,58.5484906531492
78350.0,78383.89121977634,-33.89121977634204
78441.0,78347.58076175977,93.41923824022524
78440.0,78440.32713430878,-0.3271343087835703
78376.0,78438.81522846942,-62.815228469422436
78321.0,78377.00479477814,-56.00479477814224
78355.0,78322.8126115812,32.18738841879531
78385.0,78354.94624593234,30.05375406765961
78387.0,78384.70727838627,2.292721613732283
78330.0,78386.37592571006,-56.37592571006098
78361.0,78330.8909625339,30.109037466099835
78303.0,78359.78941263055,-56.789412630547304
78274.0,78302.30165099751,-28.301650997513207
78256.0,78274.47787966726,-18.477879667261732
78292.0,78252.38052731559,39.61947268441145
78280.0,78292.60577029672,-12.605770296722767
78263.0,78278.95251314505,-15.952513145050034
78257.0,78263.39824288087,-6.398242880866746
78196.0,78255.04139825588,-59.041398255882086
78236.0,78196.83438271598,39.16561728401575
78294.0,78236.26635490476,57.73364509524254
78283.0,78293.44709973277,-10.447099732773495
78322.0,78285.40843322077,36.59156677922874
78406.0,78321.4380421864,84.56195781359565
78473.0,78404.03043265638,68.96956734362175
78459.0,78469.28413737415,-10.284137374153943
78523.0,78457.14068887616,65.85931112384424
78470.0,78520.85850214145,-50.85850214144739
78420.0,78469.44516753223,-49.445167532234336
78434.0,78420.80380403764,13.196195962358615
78469.0,78432.14772776865,36.85227223135007
78468.0,78470.27706586377,-2.2770658637746237
78476.0,78466.36890918728,9.631090812719776
78497.0,78474.58180310941,22.41819689059048
78580.0,78495.49359464383,84.50640535616549
78475.0,78579.08720475713,-104.08720475713199
78540.0,78477.31565268323,62.68434731676825
78575.0,78538.6779873613,36.32201263870229
78545.0,78573.24147093078,-28.241470930777723
78524.0,78543.78880402893,-19.78880402892537
78537.0,78523.09897019163,13.901029808374005
78577.0,78535.39472010254,41.60527989745606
78564.0,78575.85798463237,-11.857984632370062
78544.0,78563.81455907493,-19.81455907493364
78554.0,78542.12510618508,11.874893814921961
78584.0,78552.86154107813,31.138458921865094
78532.0,78583.80112325537,-51.80112325536902
78560.0,78531.8251032771,28.17489672290685
78700.0,78558.44950260072,141.55049739927927
78664.0,78698.17008124643,-34.17008124642598
78671.0,78662.19533082917,8.804669170829584
78718.0,78668.50231264194,49.49768735805992
78652.0,78716.4116045739,-64.41160457390652
78647.0,78651.73567556484,-4.735675564836129
78644.0,78647.84761144774,-3.847611447738018
78668.0,78642.6656520033,25.33434799670067
78640.0,78666.61349940888,-26.61349940887885
78653.0,78639.66255621807,13.337443781929323
78664.0,78651.60546206498,12.394537935018889
78641.0,78662.18514489183,-21.185144891831442
78666.0,78639.70388772649,26.296112273514154
78451.0,78664.58248681715,-213.58248681714758
78299.0,78445.741772096,-146.74177209599293
78317.0,78302.25591945036,14.744080549644423
78310.0,78320.3170919757,-10.317091975695803
78368.0,78310.03171511095,57.968284889051574
78370.0,78368.44264392486,1.5573560751363402
78387.0,78368.7097141221,18.290285877897986
78420.0,78384.40169103621,35.59830896378844
78459.0,78418.78571210425,40.21428789575293
78453.0,78457.43746587183,-4.437465871829772
78532.0,78451.81860460679,80.18139539321419
78635.0,78531.15236167776,103.84763832224417
78594.0,78632.42543473768,-38.425434737684554
78560.0,78593.89793768758,-33.89793768757954
78631.0,78559.19422640164,71.80577359836025
78665.0,78628.98594079341,36.01405920658726
78654.0,78663.34738308714,-9.347383087137132
78568.0,78652.32208858311,-84.3220885831106
78540.0,78571.41753558599,-31.417535585991573
78509.0,78541.51397558808,-32.51397558808094
78496.0,78511.06942440048,-15.069424400484422
78497.0,78497.48307127401,-0.4830712740076706
78470.0,78498.90635399162,-28.9063539916242
78396.0,78470.56229275887,-74.56229275887017
78398.0,78397.80406607085,0.19593392914975993
78384.0,78398.76086964314,-14.760869643141632
78337.0,78382.68544207551,-45.68544207551167
78355.0,78337.38405935526,17.615940644740476
78326.0,78355.38234672871,-29.382346728714765
78316.0,78326.66279111922,-10.662791119219037
78323.0,78316.43446015807,6.5655398419330595
78360.0,78320.14961674382,39.850383256183704
78413.0,78359.26008918724,53.739910812757444
78277.0,78412.0431188311,-135.04311883110495
78273.0,78281.95170402408,-8.951704024075298
78239.0,78275.01951265069,-36.01951265068783
78249.0,78237.71032587119,11.289674128813203
78268.0,78250.00282528477,17.997174715230358
78330.0,78267.73191965056,62.26808034944406
78320.0,78330.19409137701,-10.19409137700859
78293.0,78321.03042763003,-28.030427630030317
78246.0,78294.19795845542,-48.19795845542103
78268.0,78247.59273000066,20.407269999341224
78206.0,78267.13570265882,-61.13570265882299
78296.0,78207.79503755945,88.20496244054812
78269.0,78295.98494622156,-26.984946221564314
78252.0,78269.31457119505,-17.31457119504921
78253.0,78249.75860738386,3.24139261613891
78246.0,78253.56327936589,-7.563279365887865
78344.0,78246.31827602838,97.68172397161834
78294.0,78343.84113071735,-49.841130717351916
78277.0,78296.23422411495,-19.23422411494539
78260.0,78278.5480307608,-18.548030760794063
78269.0,78261.4218356074,7.578164392602048
78267.0,78268.36560077794,-1.3656007779354695
78237.0,78266.9174846218,-29.917484621793847
78228.0,78236.24021090777,-8.240210907766595
78224.0,78229.9528503794,-5.952850379399024
78163.0,78223.57274673511,-60.57274673510983
78185.0,78164.33150067377,20.66849932623154
78172.0,78184.58805256609,-12.588052566090482
78233.0,78171.56598382248,61.43401617751806
78198.0,78234.3042089337,-36.30420893369592
78202.0,78197.32527834724,4.674721652758308
78259.0,78203.22894270864,55.77105729136383
78318.0,78257.47929970121,60.52070029878814
78304.0,78316.74041261723,-12.740412617233233
78256.0,78304.53533551501,-48.535335515014594
78265.0,78256.16132983609,8.838670163910137
78208.0,78262.71985418512,-54.71985418512486
78265.0,78209.01475592818,55.98524407182413
78291.0,78264.12854970204,26.87145029795647
78290.0,78291.48993858496,-1.4899385849566897
78260.0,78289.34549716108,-29.34549716107722
78155.0,78260.13589582955,-105.13589582954592
78152.0,78157.20693446211,-5.206934462112258
78149.0,78151.40826026893,-2.408260268930462
78150.0,78150.1337729541,-0.1337729540973669
78157.0,78151.21051048646,5.789489513539593
78193.0,78158.71926492474,34.28073507525551
78219.0,78192.5290253134,26.47097468659922
78235.0,78218.24792805809,16.75207194191171
78252.0,78234.19698722384,17.80301277615945
78264.0,78250.62788066374,13.372119336258038
78323.0,78263.58852639263,59.41147360736795
78319.0,78321.7147835179,-2.714783517905744
78307.0,78315.46087623925,-8.460876239245408
78302.0,78305.97930457459,-3.97930457459006
78340.0,78301.5768566227,38.423143377294764
78320.0,78338.49356335218,-18.49356335218181
78285.0,78319.60167866378,-34.60167866377742
78279.0,78285.34085323337,-6.340853233370581
78247.0,78278.61161138202,-31.611611382017145
78247.0,78247.1913787234,-0.1913787233934272
78229.0,78246.76133371225,-17.761333712245687
78202.0,78228.9321212241,-26.932121224104776
78193.0,78202.15098853964,-9.150988539637183
78214.0,78192.59055451547,21.409445484532625
78215.0,78213.34938619324,1.650613806763431
78232.0,78214.01015774565,17.989842254348332
78228.0,78229.41239133065,-1.412391330653918
78190.0,78226.88736112344,-36.88736112344486
78191.0,78189.70979949752,1.2902005024807295
78213.0,78191.10086017138,21.89913982861617
78200.0,78212.71303816137,-12.713038161367876
78221.0,78200.86647057458,20.133529425424058
78296.0,78220.05891943374,75.94108056626283
78395.0,78294.49617852671,100.50382147329219
78436.0,78393.1578234203,42.84217657969566
78488.0,78439.22332571431,48.776674285691115
78554.0,78486.02428794699,67.9757120530121
78483.0,78550.97613006286,-67.97613006285974
78461.0,78482.42276457186,-21.42276457186381
78462.0,78459.9930154281,2.006984571897192
78437.0,78460.97554420587,-23.975544205866754
78418.0,78436.35881395037,-18.35881395036995
78445.0,78417.78802739328,27.21197260671761
78443.0,78444.08483899222,-1.0848389922175556
78415.0,78442.42825461426,-27.428254614264006
78462.0,78414.89860388944,47.101396110563655
78452.0,78460.89111988808,-8.891119888081448
78472.0,78450.78071194532,21.219288054679055
78486.0,78470.73163379455,15.268366205447819
78519.0,78486.00473327904,32.99526672095817
78512.0,78519.67930529884,-7.6793052988359705
78509.0,78509.63779961002,-0.6377996100200107
78576.0,78507.1634446609,68.83655533910496
78575.0,78573.96560869596,1.0343913040414918
78560.0,78572.22893769297,-12.228937692969339
78557.0,78558.55495807224,-1.5549580722436076
78562.0,78555.36778991387,6.632210086128907
78479.0,78561.88386615772,-82.88386615771742
78486.0,78479.72705959284,6.272940407157876
78531.0,78485.32079834303,45.67920165696705
78544.0,78529.55918876322,14.440811236781883
78572.0,78542.3417718565,29.65822814349667
78556.0,78568.38871927076,-12.388719270762522
78498.0,78555.64023639797,-57.64023639797233
78517.0,78497.88297958417,19.11702041582612
78500.0,78515.78885370432,-15.788853704318171
78501.0,78499.41427053155,1.585729468453792
78522.0,78501.10137327635,20.898626723646885
78541.0,78521.19645684557,19.803543154426734
78541.0,78538.25496155504,2.7450384449621197
78517.0,78541.00949025698,-24.009490256983554
78579.0,78515.94674969336,63.053250306635164
78514.0,78577.3839420069,-63.383942006897996
78522.0,78514.36875101626,7.631248983743717
78523.0,78521.38101264655,1.6189873534458457
78570.0,78521.62548802329,48.3745119767118
78601.0,78567.91952356872,33.08047643127793
78574.0,78599.4447510019,-25.444751001894474
78622.0,78572.86586993505,49.13413006495102
78601.0,78620.63813053204,-19.638130532039213
78561.0,78599.7225698824,-38.72256988240406
78549.0,78560.48935051363,-11.489350513627869
78556.0,78547.57330546972,8.426694530280656
78556.0,78555.96497886373,0.03502113626745995
78580.0,78554.99638936104,25.0036106389598
78596.0,78578.98606484181,17.01393515818927
78537.0,78593.72403144349,-56.724031443489366
78506.0,78537.00732953656,-31.007329536558245
78518.0,78509.12975776564,8.870242234363104
78529.0,78516.40266329327,12.597336706734495
78559.0,78529.29357330459,29.70642669541121
78489.0,78558.65871050389,-69.65871050389251
78520.0,78488.74310718499,31.256892815013998
78515.0,78519.10910132347,-4.109101323469076
78520.0,78513.93797256732,6.062027432679315
78522.0,78520.653611726,1.3463882740034023
78466.0,78520.87564770051,-54.875647700508125
78476.0,78466.47646175629,9.523538243709481
78443.0,78474.60840647761,-31.608406477607787
78426.0,78443.18609459403,-17.186094594027963
78428.0,78425.40158666647,2.5984133335296065
78422.0,78427.53261454574,-5.532614545736578
78428.0,78419.98330372655,8.016696273451089
78438.0,78426.85880783711,11.141192162889638
78437.0,78437.01069677447,-0.010696774465031922
78482.0,78436.952418283,45.04758171699359
78484.0,78481.10390182791,2.8960981720883865
78461.0,78483.67983632542,-22.679836325420183
78440.0,78460.63546313297,-20.63546313297411
78427.0,78439.68566621585,-12.685666215853416
78427.0,78426.22006901604,0.7799309839610942
78447.0,78426.40386027354,20.596139726461843
78378.0,78446.4878758049,-68.4878758049017
78394.0,78379.30169505626,14.698304943740368
78400.0,78393.54104962725,6.458950372747495
78426.0,78399.6477461537,26.3522538463003
78426.0,78425.45158228902,0.5484177109756274
78432.0,78426.29143010743,5.70856989256572
78477.0,78431.56950989927,45.430490100727184
78447.0,78476.94233732186,-29.942337321859668
78444.0,78446.33136808865,-2.3313680886494694
78494.0,78443.13956746424,50.86043253575917
78533.0,78492.62291139373,40.37708860627026
78527.0,78532.33403254124,-5.334032541242777
78514.0,78526.34004911532,-12.340049115315196
78513.0,78513.0423848641,-0.04238486409303732
78512.0,78511.87495180774,0.1250481922616018
78500.0,78510.24101319531,-10.24101319530746
78471.0,78499.63970799654,-28.639707996539073
78493.0,78470.88588392666,22.114116073338664
78501.0,78492.39821794414,8.601782055862714
78481.0,78500.37395784791,-19.373957847914426
78442.0,78480.73007502487,-38.73007502486871
78436.0,78442.4878673266,-6.487867326606647
78382.0,78434.38801768445,-52.3880176844541
78371.0,78382.96093605079,-11.960936050789314
78369.0,78370.370209741,-1.370209740998689
78390.0,78368.83817202203,21.161827977965004
78377.0,78390.18597574037,-13.185975740372669
78407.0,78376.69443951367,30.30556048633298
78402.0,78407.22185690749,-5.221856907490292
78455.0,78401.08142313384,53.91857686615549
78455.0,78453.82236241385,1.1776375861518318
78431.0,78453.71060948362,-22.71060948361992
78431.0,78430.33052000329,0.6694799967081053
78424.0,78429.88743582569,-5.887435825687135
78385.0,78423.05071567596,-38.05071567595587
78363.0,78385.02968442046,-22.02968442045676
78362.0,78364.10438976371,-2.104389763713698
78356.0,78361.56490090836,-5.564900908357231
78346.0,78354.18394254772,-8.183942547722836
78350.0,78345.73645067193,4.2635493280686205
78315.0,78349.975622083,-34.975622083002236
78327.0,78315.43441912382,11.56558087618032
78326.0,78326.17607290813,-0.17607290812884457
78352.0,78325.51758834261,26.482411657387274
78343.0,78350.88040456975,-7.880404569747043
78357.0,78342.41843839549,14.581561604514718
78338.0,78356.17009543972,-18.17009543972381
78331.0,78337.53028003479,-6.530280034785392
78339.0,78330.37556069245,8.624439307546709
78337.0,78337.20722440853,-0.20722440852841828
78368.0,78337.24480979612,30.755190203883103
78367.0,78367.29540039072,-0.2954003907216247
78396.0,78366.44017948146,29.55982051853789
78351.0,78394.93860376612,-43.93860376611701
78366.0,78351.2960758205,14.703924179499154
78399.0,78365.80810918988,33.19189081012155
78383.0,78398.07993175052,-15.079931750515243
78393.0,78383.60589632703,9.394103672966594
78381.0,78391.25324190965,-10.253241909653298
78394.0,78380.40045740905,13.599542590949568
78417.0,78391.4925437734,25.507456226594513
78460.0,78416.77573584822,43.22426415178052
78434.0,78458.92893020555,-24.928930205554934
78365.0,78434.31102510807,-69.31102510806522
78377.0,78365.92744044647,11.07255955353321
78362.0,78381.35592194361,-19.355921943613794
78350.0,78361.6557851655,-11.655785165494308
78357.0,78349.92629899849,7.073701001514564
78369.0,78356.4631815168,12.536818483204115
78334.0,78368.23499968843,-34.234999688429525
78333.0,78334.2267675073,-1.2267675072944257
78318.0,78332.73489752262,-14.734897522619576
78317.0,78317.16497982708,-0.1649798270809697
78318.0,78316.52842252831,1.4715774716896703
78307.0,78317.33082052555,-10.330820525545278
78304.0,78306.51361742876,-2.5136174287617905
78307.0,78303.31468545996,3.6853145400382346
78301.0,78306.17321922349,-5.173219223492197
78296.0,78300.26224393946,-4.262243939461769
78273.0,78295.27024976334,-22.2702497633436
78276.0,78272.83134319188,3.1686568081204314
78261.0,78275.40251888492,-14.402518884919118
78207.0,78260.77707117441,-53.777071174408775
78192.0,78207.06294412566,-15.062944125660579
78174.0,78192.1247539716,-18.124753971598693
78098.0,78174.08988459139,-76.08988459139073
78153.0,78099.82906425242,53.17093574757746
78151.0,78153.20220082639,-2.2022008263884345
78161.0,78150.71922342325,10.280776576750213
78185.0,78160.7130830088,24.286916991200997
78156.0,78184.2028586244,-28.202858624397777
78178.0,78155.74899984867,22.251000151329208
78168.0,78177.35680212246,-9.356802122463705
78153.0,78167.51362570391,-14.513625703912112
78130.0,78152.73099369105,-22.730993691046024
78137.0,78130.18549330778,6.814506692215218
78163.0,78136.52299245013,26.477007549867267
78164.0,78162.55897597378,1.4410240262222942
78125.0,78164.01828071034,-39.01828071034106
78131.0,78124.8910808836,6.108919116406469
78112.0,78131.66176589733,-19.661765897326404
78112.0,78111.99163840705,0.008361592947039753
78094.0,78111.81934921518,-17.81934921517677
78070.0,78094.35040408572,-24.350404085722403
78011.0,78070.37749297159,-59.377492971587344
77953.0,78012.5522527936,-59.55225279359729
77946.0,77954.69990167869,-8.699901678686729
77994.0,77946.64932632064,47.35067367936426
77988.0,77995.54416014013,-7.544160140125314
78014.0,77988.51205032346,25.48794967653521
78007.0,78013.98660038417,-6.9866003841743805
78015.0,78008.21113109154,6.788868908464792
78019.0,78014.27957718763,4.720422812373727
77951.0,78018.48521012721,-67.48521012721176
77963.0,77952.27240622758,10.727593772418913
77962.0,77964.27386136324,-2.2738613632391207
77794.0,77961.87514464936,-167.8751446493552
77829.0,77796.62142903678,32.37857096322114
77847.0,77828.5895398489,18.410460151106236
77879.0,77846.54181519269,32.458184807313955
77834.0,77879.55830070584,-45.558300705844886
77805.0,77835.51711772251,-30.51711772251292
77871.0,77807.88370031051,63.11629968948546
77874.0,77870.68094577038,3.3190542296215426
77883.0,77874.04786056415,8.95213943584531
77890.0,77881.4623597351,8.537640264898073
77971.0,77889.44105869724,81.55894130276283
77958.0,77971.62307425612,-13.623074256116524
77909.0,77960.18292949606,-51.18292949606257
77918.0,77909.67657506566,8.3234249343368
77911.0,77917.86260353251,-6.862603532514186
77914.0,77910.53557244124,3.4644275587634183
77913.0,77914.04300760086,-1.0430076008633478
77956.0,77912.89440247619,43.10559752381232
77974.0,77955.30313277278,18.696867227219627
77959.0,77973.27147294508,-14.271472945081769
77965.0,77958.50525183417,6.49474816583097
77948.0,77964.48315604389,-16.48315604389063
77955.0,77945.89426279704,9.105737202960881
77935.0,77953.66311453354,-18.663114533541375
77936.0,77935.02104587814,0.9789541218633531
77958.0,77935.39641751275,22.603582487252424
77981.0,77957.27210291364,23.72789708635537
77971.0,77981.23669021844,-10.236690218443982
77967.0,77970.33545553712,-3.3354555371188326
77974.0,77966.06294118678,7.937058813215117
77966.0,77973.05363769815,-7.053637698147213
77961.0,77965.36661199048,-4.366611990481033
77972.0,77960.33375134891,11.666248651090427
77961.0,77971.23721510597,-10.237215105968062
77990.0,77960.20700766619,29.792992333808797
78052.0,77988.71612952097,63.283870479033794
78027.0,78050.59644084654,-23.596440846537007
78020.0,78026.74190242135,-6.741902421345003
78040.0,78018.45650231298,21.543497687016497
78091.0,78038.71323049205,52.28676950794761
78122.0,78089.63834246843,32.3616575315682
78127.0,78120.06685588515,6.933144114853349
78125.0,78125.1899013229,-0.18990132289764006
78105.0,78123.2870423489,-18.28704234889301
78099.0,78104.3033617018,-5.303361701793619
78125.0,78098.03084958544,26.969150414559408
78101.0,78123.64883480912,-22.64883480912249
78120.0,78100.26184201534,19.738157984655118
78151.0,78118.7501484195,32.24985158050549
78166.0,78150.34246817847,15.657531821532757
78151.0,78164.29083239146,-13.290832391459844
78113.0,78149.72055259589,-36.72055259588524
78099.0,78111.30880761126,-12.308807611261727
78142.0,78097.99211406485,44.007885935148806
78132.0,78140.64625681641,-8.64625681641337
78129.0,78131.32061173045,-2.3206117304507643
78150.0,78128.3904992443,21.609500755701447
78162.0,78148.2791377169,13.720862283094903
78169.0,78160.18240166342,8.817598336579977
78139.0,78169.21009574033,-30.21009574033087
78145.0,78137.39649183174,7.603508168263943
78153.0,78143.42201723183,9.577982768169022
78181.0,78153.24638867713,27.75361132287071
78158.0,78179.55251384774,-21.552513847738737
78162.0,78156.86862604249,5.131373957512551
78171.0,78160.2940307704,10.705969229602488
78192.0,78169.33682118075,22.66317881924624
78197.0,78190.3405072676,6.659492732404033
78253.0,78195.48674828731,57.51325171269127
78263.0,78251.66978035144,11.33021964856016
78257.0,78260.27560941194,-3.275609411939513
78244.0,78254.81281597889,-10.812815978890285
78246.0,78242.69040355683,3.3095964431704488
78246.0,78243.52349746773,2.4765025322703877
78266.0,78243.92628356788,22.07371643211809
78256.0,78264.57698375071,-8.576983750710497
78273.0,78256.6554474301,16.344552569906227
78274.0,78271.4225842906,2.5774157093983376
78279.0,78272.33254359142,6.667456408584258
78291.0,78277.02561037091,13.974389629089274
78302.0,78289.43759297546,12.562407024539425
78311.0,78300.32794821296,10.67205178704171
78285.0,78309.32024696078,-24.320246960778604
78330.0,78284.02458191979,45.975418080211966
78329.0,78328.29213388624,0.7078661137638846
78326.0,78327.14277802284,-1.1427780228405027
78326.0,78323.83146556164,2.16853443835862
78365.0,78324.37778494539,40.622215054609114
78371.0,78363.23063124182,7.769368758177734
78400.0,78372.22866508925,27.77133491075074
78400.0,78398.1812390833,1.818760916707106
78401.0,78398.16628612566,2.8337138743372634
78410.0,78399.23662888705,10.763371112945606
78401.0,78408.25827058456,-7.258270584556158
78401.0,78399.43066246685,1.5693375331466086
78400.0,78399.35696251804,0.6430374819610734
78360.0,78398.38802784018,-38.38802784017753
78346.0,78359.58779121125,-13.587791211248259
78357.0,78344.85487612773,12.145123872265685
78346.0,78355.7726184687,-9.772618468705332
78345.0,78345.92519071423,-0.9251907142315758
78325.0,78343.66854350931,-18.66854350930953
78300.0,78324.26030984712,-24.260309847115423
78261.0,78300.0680858843,-39.068085884297034
78271.0,78260.85229863318,10.147701366819092
78264.0,78270.05354327895,-6.053543278947473
78259.0,78263.19456459398,-4.194564593984978
78254.0,78258.08982578231,-4.08982578231371
78260.0,78253.11005717712,6.889942822876037
78233.0,78258.78495407896,-25.784954078961164
78233.0,78232.57461734505,0.4253826549538644
78235.0,78231.87517078282,3.124829217180377
78262.0,78234.0026626232,27.997337376800715
78235.0,78260.60619771756,-25.606197717555915
78227.0,78234.61662688144,-7.616626881441334
78222.0,78226.11844037377,-4.118440373771591
78207.0,78221.13511674407,-14.135116744073457
78166.0,78206.47689472446,-40.47689472445927
78159.0,78165.34496594217,-6.344965942174895
78168.0,78157.93754201022,10.062457989784889
78177.0,78167.51821121947,9.481788780525676
78180.0,78176.64467916437,3.3553208356315736
78159.0,78179.48519362655,-20.485193626547698
78155.0,78158.72736784922,-3.7273678492201725
78157.0,78154.40575749027,2.594242509730975
78167.0,78156.38002973679,10.619970263214782
78155.0,78166.31378507597,-11.313785075966734
78146.0,78154.6364077091,-8.636407709098421
78132.0,78145.0719473383,-13.071947338306927
78104.0,78131.70680455572,-27.706804555724375
78122.0,78104.36639603523,17.633603964772192
78149.0,78121.60765801858,27.39234198142367
78145.0,78148.39586023928,-3.395860239281319
78146.0,78144.50537150748,1.4946284925244981
78146.0,78145.29151250958,0.7084874904248863
78160.0,78145.22720547782,14.772794522184995
78160.0,78159.25547035286,0.7445296471414622
78122.0,78159.28167525599,-37.281675255988375
78162.0,78122.20956883702,39.79043116298271
78163.0,78161.4868117515,1.513188248500228
78159.0,78164.03062312021,-5.0306231202121126
78153.0,78158.11357780194,-5.113577801937936
78120.0,78152.50765308659,-32.507653086591745
78130.0,78121.17693870181,8.823061298186076
78136.0,78129.49874218332,6.501257816678844
78129.0,78135.56500263605,-6.565002636052668
78095.0,78128.43992011681,-33.43992011681257
78085.0,78095.7707591402,-10.770759140199516
78097.0,78084.72598097839,12.27401902161364
78095.0,78096.44862086716,-1.448620867158752
78096.0,78094.56854868884,1.4314513111603446
78096.0,78096.22093027024,-0.22093027023947798
78075.0,78095.298123719,-20.298123718996067
78076.0,78074.76154536671,1.2384546332905302
78088.0,78075.36265702028,12.637342979724053
78088.0,78087.10289128705,0.8971087129466468
78075.0,78087.26694309514,-12.266943095135503
78051.0,78074.56676482932,-23.566764829316526
78044.0,78050.92604471781,-6.926044717809418
78064.0,78043.5599283955,20.440071604505647
78050.0,78063.44107834419,-13.441078344185371
78061.0,78049.72899283846,11.271007161543821
78061.0,78060.37258143871,0.6274185612855945
78060.0,78060.17441912962,-0.1744191296165809
78060.0,78059.20419787487,0.7958021251251921
78081.0,78059.26023207755,21.7397679224523
78108.0,78080.12746056498,27.872539435018552
78107.0,78107.07140834897,-0.07140834897290915
78121.0,78105.9516640513,15.048335948697058
78136.0,78119.82905628483,16.170943715173053
78136.0,78134.63206110692,1.367938893075916
78140.0,78134.79549569912,5.204504300883855
78119.0,78139.06067462526,-20.060674625259708
78117.0,78118.52286942299,-1.5228694229881512
78132.0,78116.22461370131,15.775386298686499
78137.0,78130.95207596464,6.047924035359756
78141.0,78136.06346285228,4.9365371477179
78148.0,78139.94997401556,8.050025984441163
78149.0,78146.87556248835,2.1244375116511947
78149.0,78147.8746221448,1.1253778552054428
78154.0,78147.92472100005,6.075278999953298
78168.0,78152.82299987477,15.177000125229824
78157.0,78166.82246025748,-9.82246025747736
78159.0,78156.49126993751,2.5087300624873023
78184.0,78158.03230807815,25.96769192184729
78187.0,78182.71718489342,4.282815106576891
78189.0,78185.61282420489,3.387175795112853
78232.0,78187.69379132563,44.30620867437392
78238.0,78230.57260275705,7.427397242950974
78251.0,78237.8043889751,13.195611024901154
78244.0,78249.45167768511,-5.451677685108734
78285.0,78242.99068771472,42.00931228528498
78275.0,78283.93751368963,-8.93751368962694
78258.0,78273.77273925325,-15.772739253254258
78250.0,78256.94216155361,-6.942161553612095
78251.0,78248.90563941277,2.094360587230767
78245.0,78249.67160183465,-4.6716018346487544
78254.0,78243.93737357316,10.062626426835777
78256.0,78252.42492447112,3.575075528875459
78251.0,78254.33854894563,-3.338548945626826
